iata,name,city,country,lat,lng,timezone
GKA,Goroka Airport,Goroka,Papua New Guinea,-6.081689834590001,145.391998291,Pacific/Port_Moresby
MAG,Madang Airport,Madang,Papua New Guinea,-5.20707988739,145.789001465,Pacific/Port_Moresby
HGU,Mount Hagen Kagamuga Airport,Mount Hagen,Papua New Guinea,-5.826789855957031,144.29600524902344,Pacific/Port_Moresby
LAE,Nadzab Airport,Nadzab,Papua New Guinea,-6.569803,146.725977,Pacific/Port_Moresby
POM,Port Moresby Jacksons International Airport,Port Moresby,Papua New Guinea,-9.443380355834961,147.22000122070312,Pacific/Port_Moresby
WWK,Wewak International Airport,Wewak,Papua New Guinea,-3.58383011818,143.669006348,Pacific/Port_Moresby
UAK,Narsarsuaq Airport,Narssarssuaq,Greenland,61.1604995728,-45.4259986877,America/Godthab
GOH,Godthaab / Nuuk Airport,Godthaab,Greenland,64.19090271,-51.6781005859,America/Godthab
SFJ,Kangerlussuaq Airport,Sondrestrom,Greenland,67.0122218992,-50.7116031647,America/Godthab
THU,Thule Air Base,Thule,Greenland,76.5311965942,-68.7032012939,America/Thule
AEY,Akureyri Airport,Akureyri,Iceland,65.66000366210938,-18.07270050048828,Atlantic/Reykjavik
EGS,Egilsstaðir Airport,Egilsstadir,Iceland,65.2833023071289,-14.401399612426758,Atlantic/Reykjavik
HFN,Hornafjörður Airport,Hofn,Iceland,64.295601,-15.2272,Atlantic/Reykjavik
HZK,Húsavík Airport,Husavik,Iceland,65.952301,-17.426001,Atlantic/Reykjavik
IFJ,Ísafjörður Airport,Isafjordur,Iceland,66.05809783935547,-23.135299682617188,Atlantic/Reykjavik
KEF,Keflavik International Airport,Keflavik,Iceland,63.985000610352,-22.605600357056,Atlantic/Reykjavik
PFJ,Patreksfjörður Airport,Patreksfjordur,Iceland,65.555801,-23.965,Atlantic/Reykjavik
RKV,Reykjavik Airport,Reykjavik,Iceland,64.1299972534,-21.9405994415,Atlantic/Reykjavik
SIJ,Siglufjörður Airport,Siglufjordur,Iceland,66.133301,-18.9167,Atlantic/Reykjavik
VEY,Vestmannaeyjar Airport,Vestmannaeyjar,Iceland,63.42430114746094,-20.278900146484375,Atlantic/Reykjavik
YAM,Sault Ste Marie Airport,Sault Sainte Marie,Canada,46.48500061035156,-84.5093994140625,America/Toronto
YAY,St. Anthony Airport,St. Anthony,Canada,51.3918991089,-56.083099365200006,America/St_Johns
YAZ,Tofino / Long Beach Airport,Tofino,Canada,49.079833,-125.775583,America/Vancouver
YBB,Kugaaruk Airport,Pelly Bay,Canada,68.534401,-89.808098,America/Edmonton
YBC,Baie Comeau Airport,Baie Comeau,Canada,49.13249969482422,-68.20439910888672,America/Toronto
YBG,CFB Bagotville,Bagotville,Canada,48.33060073852539,-70.99639892578125,America/Toronto
YBK,Baker Lake Airport,Baker Lake,Canada,64.29889678960001,-96.077796936,America/Winnipeg
YBL,Campbell River Airport,Campbell River,Canada,49.950801849365234,-125.27100372314453,America/Vancouver
YBR,Brandon Municipal Airport,Brandon,Canada,49.91,-99.951897,America/Winnipeg
YCB,Cambridge Bay Airport,Cambridge Bay,Canada,69.1081008911,-105.138000488,America/Edmonton
YCD,Nanaimo Airport,Nanaimo,Canada,49.054970224899996,-123.869862556,America/Vancouver
YCG,Castlegar/West Kootenay Regional Airport,Castlegar,Canada,49.2963981628,-117.632003784,America/Vancouver
YCH,Miramichi Airport,Chatham,Canada,47.007801,-65.449203,America/Halifax
YCL,Charlo Airport,Charlo,Canada,47.990799,-66.330299,America/Halifax
YCO,Kugluktuk Airport,Coppermine,Canada,67.816704,-115.143997,America/Edmonton
YCT,Coronation Airport,Coronation,Canada,52.0750007629,-111.444999695,America/Edmonton
YCW,Chilliwack Airport,Chilliwack,Canada,49.1528015137,-121.939002991,America/Vancouver
YCY,Clyde River Airport,Clyde River,Canada,70.4860992432,-68.5167007446,America/Toronto
YZS,Coral Harbour Airport,Coral Harbour,Canada,64.1932983398,-83.3593978882,America/Coral_Harbour
YDA,Dawson City Airport,Dawson,Canada,64.04309844970703,-139.1280059814453,America/Vancouver
YDB,Burwash Airport,Burwash,Canada,61.37110137939453,-139.04100036621094,America/Vancouver
YDF,Deer Lake Airport,Deer Lake,Canada,49.21080017089844,-57.39139938354492,America/St_Johns
YDL,Dease Lake Airport,Dease Lake,Canada,58.4221992493,-130.031997681,America/Vancouver
YDN,Dauphin Barker Airport,Dauphin,Canada,51.100799560546875,-100.052001953125,America/Winnipeg
YDQ,Dawson Creek Airport,Dawson Creek,Canada,55.7422981262207,-120.18299865722656,America/Dawson_Creek
YEG,Edmonton International Airport,Edmonton,Canada,53.309700012200004,-113.580001831,America/Edmonton
YEK,Arviat Airport,Eskimo Point,Canada,61.0942001343,-94.07080078119999,America/Winnipeg
YEN,Estevan Airport,Estevan,Canada,49.2103004456,-102.966003418,America/Regina
YET,Edson Airport,Edson,Canada,53.578899383499994,-116.464996338,America/Edmonton
YEU,Eureka Airport,Eureka,Canada,79.9946975708,-85.814201355,America/Winnipeg
YEV,Inuvik Mike Zubko Airport,Inuvik,Canada,68.30419921880001,-133.483001709,America/Edmonton
YFB,Iqaluit Airport,Iqaluit,Canada,63.756402,-68.555801,America/Toronto
YFC,Fredericton Airport,Fredericton,Canada,45.868900299072266,-66.53720092773438,America/Halifax
YFE,Forestville Airport,Forestville,Canada,48.74610137939453,-69.09719848632812,America/Toronto
YFO,Flin Flon Airport,Flin Flon,Canada,54.6781005859375,-101.68199920654297,America/Winnipeg
YFR,Fort Resolution Airport,Fort Resolution,Canada,61.1808013916,-113.690002441,America/Edmonton
YFS,Fort Simpson Airport,Fort Simpson,Canada,61.76020050048828,-121.23699951171875,America/Edmonton
YGK,Kingston Norman Rogers Airport,Kingston,Canada,44.22529983520508,-76.5969009399414,America/Toronto
YGL,La Grande Rivière Airport,La Grande Riviere,Canada,53.625301361083984,-77.7042007446289,America/Toronto
YGP,Gaspé (Michel-Pouliot) Airport,Gaspe,Canada,48.7752990723,-64.4785995483,America/Toronto
YGQ,Geraldton Greenstone Regional Airport,Geraldton,Canada,49.77830123901367,-86.93939971923828,America/Toronto
YGR,Îles-de-la-Madeleine Airport,Iles De La Madeleine,Canada,47.42470169067383,-61.778099060058594,America/Toronto
YHB,Hudson Bay Airport,Hudson Bay,Canada,52.8166999817,-102.310997009,America/Regina
YHD,Dryden Regional Airport,Dryden,Canada,49.831699,-92.744202,America/Winnipeg
YHI,Ulukhaktok Holman Airport,Holman Island,Canada,70.76280212402344,-117.80599975585938,America/Edmonton
YHK,Gjoa Haven Airport,Gjoa Haven,Canada,68.635597229,-95.84970092770001,America/Edmonton
YHM,John C. Munro Hamilton International Airport,Hamilton,Canada,43.173599243199995,-79.93499755859999,America/Toronto
YHU,Montréal / Saint-Hubert Airport,Montreal,Canada,45.5175018311,-73.4169006348,America/Toronto
YHY,Hay River / Merlyn Carter Airport,Hay River,Canada,60.8396987915,-115.782997131,America/Edmonton
YHZ,Halifax / Stanfield International Airport,Halifax,Canada,44.8807983398,-63.5085983276,America/Halifax
YIB,Atikokan Municipal Airport,Atikokan,Canada,48.7738990784,-91.6386032104,America/Coral_Harbour
YIO,Pond Inlet Airport,Pond Inlet,Canada,72.6832962036,-77.9666976929,America/Toronto
YJN,St Jean Airport,St. Jean,Canada,45.29439926147461,-73.28109741210938,America/Toronto
YJT,Stephenville Airport,Stephenville,Canada,48.5442008972168,-58.54999923706055,America/St_Johns
YKA,Kamloops Airport,Kamloops,Canada,50.7022018433,-120.444000244,America/Vancouver
YKF,Waterloo Airport,Waterloo,Canada,43.460800170899994,-80.3786010742,America/Toronto
YKL,Schefferville Airport,Schefferville,Canada,54.805301666259766,-66.8052978515625,America/Toronto
YKY,Kindersley Airport,Kindersley,Canada,51.5175018311,-109.180999756,America/Regina
YKZ,Buttonville Municipal Airport,Toronto,Canada,43.86220169067383,-79.37000274658203,America/Toronto
YLD,Chapleau Airport,Chapleau,Canada,47.81999969482422,-83.3467025756836,America/Toronto
YLJ,Meadow Lake Airport,Meadow Lake,Canada,54.125301361083984,-108.52300262451172,America/Regina
YLL,Lloydminster Airport,Lloydminster,Canada,53.309200286865234,-110.072998046875,America/Edmonton
YLT,Alert Airport,Alert,Canada,82.51779937740001,-62.2806015015,America/Toronto
YLW,Kelowna International Airport,Kelowna,Canada,49.9561004639,-119.377998352,America/Vancouver
YMA,Mayo Airport,Mayo,Canada,63.61640167236328,-135.8679962158203,America/Vancouver
YMJ,Moose Jaw Air Vice Marshal C. M. McEwen Airport,Moose Jaw,Canada,50.330299377441406,-105.55899810791016,America/Regina
YMM,Fort McMurray Airport,Fort Mcmurray,Canada,56.653301239,-111.222000122,America/Edmonton
YMO,Moosonee Airport,Moosonee,Canada,51.291099548339844,-80.60780334472656,America/Toronto
YMW,Maniwaki Airport,Maniwaki,Canada,46.2728004456,-75.9906005859,America/Toronto
YMX,Montreal International (Mirabel) Airport,Montreal,Canada,45.679501,-74.038696,America/Toronto
YNA,Natashquan Airport,Natashquan,Canada,50.189998626708984,-61.78919982910156,America/Toronto
YND,Ottawa / Gatineau Airport,Gatineau,Canada,45.521701812699995,-75.5635986328,America/Toronto
YNM,Matagami Airport,Matagami,Canada,49.76169967651367,-77.80280303955078,America/Toronto
YOC,Old Crow Airport,Old Crow,Canada,67.57060241699219,-139.83900451660156,America/Vancouver
YOD,CFB Cold Lake,Cold Lake,Canada,54.404998779296875,-110.27899932861328,America/Edmonton
YOJ,High Level Airport,High Level,Canada,58.62139892578125,-117.16500091552734,America/Edmonton
YOW,Ottawa Macdonald-Cartier International Airport,Ottawa,Canada,45.3224983215332,-75.66919708251953,America/Toronto
YPA,Prince Albert Glass Field,Prince Albert,Canada,53.214199066199996,-105.672996521,America/Regina
YPE,Peace River Airport,Peace River,Canada,56.226898,-117.446999,America/Edmonton
YPG,Southport Airport,Portage-la-prairie,Canada,49.903099,-98.273817,America/Winnipeg
YPL,Pickle Lake Airport,Pickle Lake,Canada,51.4463996887207,-90.21420288085938,America/Coral_Harbour
YPN,Port Menier Airport,Port Menier,Canada,49.83639907836914,-64.2885971069336,America/Toronto
YPQ,Peterborough Airport,Peterborough,Canada,44.22999954223633,-78.36329650878906,America/Toronto
YPR,Prince Rupert Airport,Prince Pupert,Canada,54.286098480199996,-130.445007324,America/Vancouver
YPY,Fort Chipewyan Airport,Fort Chipewyan,Canada,58.7672004699707,-111.11699676513672,America/Edmonton
YQA,Muskoka Airport,Muskoka,Canada,44.974700927734375,-79.30329895019531,America/Toronto
YQB,Quebec Jean Lesage International Airport,Quebec,Canada,46.7911,-71.393303,America/Toronto
YQF,Red Deer Regional Airport,Red Deer Industrial,Canada,52.18220138549805,-113.89399719238281,America/Edmonton
YQG,Windsor Airport,Windsor,Canada,42.27560043334961,-82.95559692382812,America/Toronto
YQH,Watson Lake Airport,Watson Lake,Canada,60.11640167236328,-128.82200622558594,America/Vancouver
YQK,Kenora Airport,Kenora,Canada,49.788299560546875,-94.36309814453125,America/Winnipeg
YQL,Lethbridge County Airport,Lethbridge,Canada,49.6302986145,-112.800003052,America/Edmonton
YQM,Greater Moncton International Airport,Moncton,Canada,46.11220169067383,-64.67859649658203,America/Halifax
YQQ,Comox Airport,Comox,Canada,49.71080017089844,-124.88700103759766,America/Vancouver
YQR,Regina International Airport,Regina,Canada,50.43190002441406,-104.66600036621094,America/Regina
YQT,Thunder Bay Airport,Thunder Bay,Canada,48.37189865112305,-89.32389831542969,America/Toronto
YQU,Grande Prairie Airport,Grande Prairie,Canada,55.1796989441,-118.885002136,America/Edmonton
YQV,Yorkton Municipal Airport,Yorkton,Canada,51.26470184326172,-102.46199798583984,America/Regina
YQW,North Battleford Airport,North Battleford,Canada,52.76919937133789,-108.24400329589844,America/Regina
YQX,Gander International Airport,Gander,Canada,48.9369010925293,-54.56809997558594,America/St_Johns
YQY,Sydney / J.A. Douglas McCurdy Airport,Sydney,Canada,46.1614,-60.047798,America/Halifax
YQZ,Quesnel Airport,Quesnel,Canada,53.026100158691406,-122.51000213623047,America/Vancouver
YRB,Resolute Bay Airport,Resolute,Canada,74.7169036865,-94.9693984985,America/Winnipeg
YRI,Rivière-du-Loup Airport,Riviere Du Loup,Canada,47.764400482177734,-69.58470153808594,America/Toronto
YRJ,Roberval Airport,Roberval,Canada,48.52000045776367,-72.2656021118164,America/Toronto
YRM,Rocky Mountain House Airport,Rocky Mountain House,Canada,52.4296989441,-114.903999329,America/Edmonton
YRT,Rankin Inlet Airport,Rankin Inlet,Canada,62.8114013672,-92.1157989502,America/Winnipeg
YSB,Sudbury Airport,Sudbury,Canada,46.625,-80.79889678955078,America/Toronto
YSC,Sherbrooke Airport,Sherbrooke,Canada,45.4385986328125,-71.69139862060547,America/Toronto
YSJ,Saint John Airport,St. John,Canada,45.31610107421875,-65.89029693603516,America/Halifax
YSM,Fort Smith Airport,Fort Smith,Canada,60.020301818847656,-111.96199798583984,America/Edmonton
YSR,Nanisivik Airport,Nanisivik,Canada,72.982201,-84.613602,America/Toronto
YSU,Summerside Airport,Summerside,Canada,46.44060134887695,-63.83359909057617,America/Halifax
YSY,Sachs Harbour (David Nasogaluak Jr. Saaryuaq) Airport,Sachs Harbour,Canada,71.9938964844,-125.242996216,America/Edmonton
YTE,Cape Dorset Airport,Cape Dorset,Canada,64.2300033569,-76.5267028809,America/Toronto
YTH,Thompson Airport,Thompson,Canada,55.80110168457031,-97.86419677734375,America/Winnipeg
YTR,CFB Trenton,Trenton,Canada,44.118900299072266,-77.5280990600586,America/Toronto
YTS,Timmins/Victor M. Power,Timmins,Canada,48.569698333699996,-81.376701355,America/Toronto
YTZ,Billy Bishop Toronto City Centre Airport,Toronto,Canada,43.627499,-79.396202,America/Toronto
YUB,Tuktoyaktuk Airport,Tuktoyaktuk,Canada,69.43329620361328,-133.0260009765625,America/Edmonton
YUL,Montreal / Pierre Elliott Trudeau International Airport,Montreal,Canada,45.4706001282,-73.7407989502,America/Toronto
YUT,Repulse Bay Airport,Repulse Bay,Canada,66.5214004517,-86.22470092770001,America/Winnipeg
YUX,Hall Beach Airport,Hall Beach,Canada,68.77610015869999,-81.2425,America/Toronto
YUY,Rouyn Noranda Airport,Rouyn,Canada,48.20610046386719,-78.83560180664062,America/Toronto
YVC,La Ronge Airport,La Ronge,Canada,55.151401519800004,-105.262001038,America/Regina
YVG,Vermilion Airport,Vermillion,Canada,53.355800628699996,-110.823997498,America/Edmonton
YVM,Qikiqtarjuaq Airport,Broughton Island,Canada,67.5457992554,-64.03140258789999,America/Toronto
YVO,Val-d'Or Airport,Val D'or,Canada,48.0532989502,-77.7827987671,America/Toronto
YVP,Kuujjuaq Airport,Quujjuaq,Canada,58.096099853515625,-68.4269027709961,America/Toronto
YVQ,Norman Wells Airport,Norman Wells,Canada,65.28160095214844,-126.7979965209961,America/Edmonton
YVR,Vancouver International Airport,Vancouver,Canada,49.193901062,-123.183998108,America/Vancouver
YVT,Buffalo Narrows Airport,Buffalo Narrows,Canada,55.8418998718,-108.417999268,America/Regina
YVV,Wiarton Airport,Wiarton,Canada,44.7458,-81.107201,America/Toronto
YWA,Petawawa Airport,Petawawa,Canada,45.95220184326172,-77.31919860839844,America/Toronto
YWG,Winnipeg / James Armstrong Richardson International Airport,Winnipeg,Canada,49.909999847399995,-97.2398986816,America/Winnipeg
YWK,Wabush Airport,Wabush,Canada,52.92190170288086,-66.8644027709961,America/Halifax
YWL,Williams Lake Airport,Williams Lake,Canada,52.1831016541,-122.054000854,America/Vancouver
YWY,Wrigley Airport,Wrigley,Canada,63.20940017700195,-123.43699645996094,America/Edmonton
YXC,Cranbrook/Canadian Rockies International Airport,Cranbrook,Canada,49.610801696777,-115.78199768066,America/Edmonton
YXD,Edmonton City Centre (Blatchford Field) Airport,Edmonton,Canada,53.5724983215,-113.521003723,America/Edmonton
YXE,Saskatoon John G. Diefenbaker International Airport,Saskatoon,Canada,52.170799255371094,-106.69999694824219,America/Regina
YXH,Medicine Hat Airport,Medicine Hat,Canada,50.01890182495117,-110.72100067138672,America/Edmonton
YXJ,Fort St John Airport,Fort Saint John,Canada,56.23809814453125,-120.73999786376953,America/Dawson_Creek
YXL,Sioux Lookout Airport,Sioux Lookout,Canada,50.11389923095703,-91.9052963256836,America/Winnipeg
YXP,Pangnirtung Airport,Pangnirtung,Canada,66.1449966431,-65.71360015869999,America/Toronto
YXR,Earlton (Timiskaming Regional) Airport,Earlton,Canada,47.697400654599996,-79.8473453522,America/Toronto
YXS,Prince George Airport,Prince George,Canada,53.8894004822,-122.679000854,America/Vancouver
YXT,Northwest Regional Airport Terrace-Kitimat,Terrace,Canada,54.468498,-128.576009,America/Vancouver
YXU,London Airport,London,Canada,43.035599,-81.1539,America/Toronto
YXX,Abbotsford Airport,Abbotsford,Canada,49.025299072265625,-122.36100006103516,America/Vancouver
YXY,Whitehorse / Erik Nielsen International Airport,Whitehorse,Canada,60.7095985413,-135.067001343,America/Vancouver
YYB,North Bay Jack Garland Airport,North Bay,Canada,46.363602,-79.422798,America/Toronto
YYC,Calgary International Airport,Calgary,Canada,51.113899231,-114.019996643,America/Edmonton
YYD,Smithers Airport,Smithers,Canada,54.82469940185547,-127.18299865722656,America/Vancouver
YYE,Fort Nelson Airport,Fort Nelson,Canada,58.8363990784,-122.597000122,America/Vancouver
YYF,Penticton Airport,Penticton,Canada,49.46310043334961,-119.60199737548828,America/Vancouver
YYG,Charlottetown Airport,Charlottetown,Canada,46.290000915527344,-63.12110137939453,America/Halifax
YYH,Taloyoak Airport,Spence Bay,Canada,69.5466995239,-93.5766983032,America/Edmonton
YYJ,Victoria International Airport,Victoria,Canada,48.646900177,-123.426002502,America/Vancouver
YYL,Lynn Lake Airport,Lynn Lake,Canada,56.86389923095703,-101.07599639892578,America/Winnipeg
YYN,Swift Current Airport,Swift Current,Canada,50.291900634799994,-107.691001892,America/Regina
YYQ,Churchill Airport,Churchill,Canada,58.739200592041016,-94.06500244140625,America/Winnipeg
YYR,Goose Bay Airport,Goose Bay,Canada,53.3191986084,-60.4258003235,America/Halifax
YYT,St. John's International Airport,St. John's,Canada,47.618598938,-52.7518997192,America/St_Johns
YYU,Kapuskasing Airport,Kapuskasing,Canada,49.41389846801758,-82.46749877929688,America/Toronto
YYW,Armstrong Airport,Armstrong,Canada,50.29029846191406,-88.90969848632812,America/Toronto
YYY,Mont Joli Airport,Mont Joli,Canada,48.60860061645508,-68.20809936523438,America/Toronto
YYZ,Lester B. Pearson International Airport,Toronto,Canada,43.6772003174,-79.63059997559999,America/Toronto
YZD,Downsview Airport,Toronto,Canada,43.74250030517578,-79.4655990600586,America/Toronto
YZE,Gore Bay Manitoulin Airport,Gore Bay,Canada,45.88529968261719,-82.56780242919922,America/Toronto
YZF,Yellowknife Airport,Yellowknife,Canada,62.462799072265625,-114.44000244140625,America/Edmonton
YZH,Slave Lake Airport,Slave Lake,Canada,55.2930984497,-114.777000427,America/Edmonton
YZP,Sandspit Airport,Sandspit,Canada,53.25429916379999,-131.813995361,America/Vancouver
YZR,Chris Hadfield Airport,Sarnia,Canada,42.9994010925293,-82.30889892578125,America/Toronto
YZT,Port Hardy Airport,Port Hardy,Canada,50.680599212646484,-127.36699676513672,America/Vancouver
YZU,Whitecourt Airport,Whitecourt,Canada,54.14390182495117,-115.78700256347656,America/Edmonton
YZV,Sept-Îles Airport,Sept-iles,Canada,50.22330093383789,-66.2656021118164,America/Toronto
YZW,Teslin Airport,Teslin,Canada,60.17279815673828,-132.7429962158203,America/Vancouver
YZX,CFB Greenwood,Greenwood,Canada,44.98440170288086,-64.91690063476562,America/Halifax
ZFA,Faro Airport,Faro,Canada,62.20750045776367,-133.37600708007812,America/Vancouver
ZFM,Fort Mcpherson Airport,Fort Mcpherson,Canada,67.40750122070312,-134.86099243164062,America/Edmonton
QLD,Blida Airport,Blida,Algeria,36.50360107421875,2.8141698837280273,Africa/Algiers
BUJ,Bou Saada Airport,Bou Saada,Algeria,35.33250045776367,4.206389904022217,Africa/Algiers
BJA,Soummam Airport,Bejaja,Algeria,36.7120018005,5.0699200630200005,Africa/Algiers
ALG,Houari Boumediene Airport,Algier,Algeria,36.691001892089844,3.215409994125366,Africa/Algiers
DJG,Djanet Inedbirene Airport,Djanet,Algeria,24.292801,9.45244,Africa/Algiers
VVZ,Illizi Takhamalt Airport,Illizi,Algeria,26.7234992981,8.62265014648,Africa/Algiers
TMR,Aguenar – Hadj Bey Akhamok Airport,Tamanrasset,Algeria,22.8115005493,5.45107984543,Africa/Algiers
GJL,Jijel Ferhat Abbas Airport,Jijel,Algeria,36.7951011658,5.87361001968,Africa/Algiers
MZW,Mecheria Airport,Mecheria,Algeria,33.535900116,-0.242353007197,Africa/Algiers
AAE,Rabah Bitat Airport,Annaba,Algeria,36.822201,7.809174,Africa/Algiers
CZL,Mohamed Boudiaf International Airport,Constantine,Algeria,36.2760009765625,6.620389938354492,Africa/Algiers
TEE,Cheikh Larbi Tébessi Airport,Tebessa,Algeria,35.4315986633,8.12071990967,Africa/Algiers
HRM,Hassi R'Mel Airport,Tilrempt,Algeria,32.93040084838867,3.311539888381958,Africa/Algiers
TID,Bou Chekif Airport,Tiaret,Algeria,35.3410987854,1.46315002441,Africa/Algiers
TIN,Tindouf Airport,Tindouf,Algeria,27.7003993988,-8.167099952700001,Africa/Algiers
CFK,Ech Cheliff Airport,Ech-cheliff,Algeria,36.2126998901,1.33176994324,Africa/Algiers
TAF,Tafaraoui Airport,Oran,Algeria,35.54240036010742,-0.5322780013084412,Africa/Algiers
TLM,Zenata – Messali El Hadj Airport,Tlemcen,Algeria,35.0167007446,-1.45000004768,Africa/Algiers
ORN,Es Senia Airport,Oran,Algeria,35.6239013672,-0.6211829781529999,Africa/Algiers
BFW,Sidi Bel Abbes Airport,Sidi Bel Abbes,Algeria,35.1717987061,-0.593275010586,Africa/Algiers
MUW,Ghriss Airport,Ghriss,Algeria,35.207698822021484,0.14714199304580688,Africa/Algiers
AZR,Touat Cheikh Sidi Mohamed Belkebir Airport,Adrar,Algeria,27.837600708007812,-0.18641400337219238,Africa/Algiers
BSK,Biskra Airport,Biskra,Algeria,34.793300628699996,5.73823022842,Africa/Algiers
ELG,El Golea Airport,El Golea,Algeria,30.571300506591797,2.8595900535583496,Africa/Algiers
GHA,Noumérat - Moufdi Zakaria Airport,Ghardaia,Algeria,32.38410186767578,3.794110059738159,Africa/Algiers
HME,Oued Irara Airport,Hassi Messaoud,Algeria,31.673000335699996,6.140439987180001,Africa/Algiers
INZ,In Salah Airport,In Salah,Algeria,27.250999450699997,2.51202011108,Africa/Algiers
TGR,Touggourt Sidi Madhi Airport,Touggourt,Algeria,33.06779861450195,6.088669776916504,Africa/Algiers
LOO,Laghouat Airport,Laghouat,Algeria,33.764400482199996,2.92833995819,Africa/Algiers
TMX,Timimoun Airport,Timimoun,Algeria,29.2371006012,0.276033014059,Africa/Algiers
OGX,Ain el Beida Airport,Ouargla,Algeria,31.917200088500977,5.412779808044434,Africa/Algiers
IAM,In Aménas Airport,Zarzaitine,Algeria,28.0515,9.64291,Africa/Algiers
COO,Cadjehoun Airport,Cotonou,Benin,6.357230186462402,2.384350061416626,Africa/Porto-Novo
OUA,Ouagadougou Airport,Ouagadougou,Burkina Faso,12.3532,-1.51242,Africa/Ouagadougou
BOY,Bobo Dioulasso Airport,Bobo-dioulasso,Burkina Faso,11.160099983215332,-4.33096981048584,Africa/Ouagadougou
ACC,Kotoka International Airport,Accra,Ghana,5.605189800262451,-0.16678600013256073,Africa/Accra
TML,Tamale Airport,Tamale,Ghana,9.55718994140625,-0.8632140159606934,Africa/Accra
NYI,Sunyani Airport,Sunyani,Ghana,7.361830234527588,-2.3287599086761475,Africa/Accra
TKD,Takoradi Airport,Takoradi,Ghana,4.896059989929199,-1.7747600078582764,Africa/Accra
ABJ,Port Bouet Airport,Abidjan,Cote d'Ivoire,5.261390209197998,-3.9262900352478027,Africa/Abidjan
BYK,Bouaké Airport,Bouake,Cote d'Ivoire,7.738800048828125,-5.073669910430908,Africa/Abidjan
DJO,Daloa Airport,Daloa,Cote d'Ivoire,6.792809963226318,-6.473189830780029,Africa/Abidjan
HGO,Korhogo Airport,Korhogo,Cote d'Ivoire,9.38718032837,-5.55666017532,Africa/Abidjan
MJC,Man Airport,Man,Cote d'Ivoire,7.272069931030273,-7.58735990524292,Africa/Abidjan
SPY,San Pedro Airport,San Pedro,Cote d'Ivoire,4.746719837188721,-6.660820007324219,Africa/Abidjan
ASK,Yamoussoukro Airport,Yamoussoukro,Cote d'Ivoire,6.9031701088,-5.36558008194,Africa/Abidjan
ABV,Nnamdi Azikiwe International Airport,Abuja,Nigeria,9.006790161132812,7.263169765472412,Africa/Lagos
AKR,Akure Airport,Akure,Nigeria,7.246739864349365,5.3010101318359375,Africa/Lagos
BNI,Benin Airport,Benin,Nigeria,6.316979885101318,5.5995001792907715,Africa/Lagos
CBQ,Margaret Ekpo International Airport,Calabar,Nigeria,4.976019859313965,8.347200393676758,Africa/Lagos
ENU,Akanu Ibiam International Airport,Enugu,Nigeria,6.474269866943359,7.561960220336914,Africa/Lagos
IBA,Ibadan Airport,Ibadan,Nigeria,7.362460136413574,3.97832989692688,Africa/Lagos
ILR,Ilorin International Airport,Ilorin,Nigeria,8.440210342407227,4.493919849395752,Africa/Lagos
JOS,Yakubu Gowon Airport,Jos,Nigeria,9.639829635620117,8.869050025939941,Africa/Lagos
KAD,Kaduna Airport,Kaduna,Nigeria,10.696000099182129,7.320109844207764,Africa/Lagos
KAN,Mallam Aminu International Airport,Kano,Nigeria,12.0476,8.52462,Africa/Lagos
MIU,Maiduguri International Airport,Maiduguri,Nigeria,11.855299949645996,13.080900192260742,Africa/Lagos
MDI,Makurdi Airport,Makurdi,Nigeria,7.70388,8.61394,Africa/Lagos
LOS,Murtala Muhammed International Airport,Lagos,Nigeria,6.5773701667785645,3.321160078048706,Africa/Lagos
MXJ,Minna Airport,Minna,Nigeria,9.652170181274414,6.462259769439697,Africa/Lagos
PHC,Port Harcourt International Airport,Port Hartcourt,Nigeria,5.0154900550842285,6.94959020614624,Africa/Lagos
SKO,Sadiq Abubakar III International Airport,Sokoto,Nigeria,12.916299819946289,5.207190036773682,Africa/Lagos
YOL,Yola Airport,Yola,Nigeria,9.257550239562988,12.430399894714355,Africa/Lagos
ZAR,Zaria Airport,Zaria,Nigeria,11.1302,7.68581,Africa/Lagos
MFQ,Maradi Airport,Maradi,Niger,13.5024995803833,7.1267499923706055,Africa/Niamey
NIM,Diori Hamani International Airport,Niamey,Niger,13.4815,2.18361,Africa/Niamey
THZ,Tahoua Airport,Tahoua,Niger,14.875699996948242,5.265359878540039,Africa/Niamey
AJY,Mano Dayak International Airport,Agadez,Niger,16.965999603271484,8.000109672546387,Africa/Niamey
ZND,Zinder Airport,Zinder,Niger,13.779000282287598,8.983759880065918,Africa/Niamey
MIR,Monastir Habib Bourguiba International Airport,Monastir,Tunisia,35.75809860229492,10.75469970703125,Africa/Tunis
TUN,Tunis Carthage International Airport,Tunis,Tunisia,36.85100173950195,10.22719955444336,Africa/Tunis
GAF,Gafsa Ksar International Airport,Gafsa,Tunisia,34.422000885009766,8.822500228881836,Africa/Tunis
GAE,Gabès Matmata International Airport,Gabes,Tunisia,33.87689971923828,10.103300094604492,Africa/Tunis
DJE,Djerba Zarzis International Airport,Djerba,Tunisia,33.875,10.775500297546387,Africa/Tunis
EBM,El Borma Airport,El Borma,Tunisia,31.704299926757812,9.254619598388672,Africa/Tunis
SFA,Sfax Thyna International Airport,Sfax,Tunisia,34.71799850463867,10.690999984741211,Africa/Tunis
TOE,Tozeur Nefta International Airport,Tozeur,Tunisia,33.939701080322266,8.110560417175293,Africa/Tunis
LRL,Niamtougou International Airport,Niatougou,Togo,9.767330169677734,1.091249942779541,Africa/Lome
LFW,Lomé-Tokoin Airport,Lome,Togo,6.165609836578369,1.2545100450515747,Africa/Lome
ANR,Antwerp International Airport (Deurne),Antwerp,Belgium,51.1893997192,4.46027994156,Europe/Brussels
BRU,Brussels Airport,Brussels,Belgium,50.901401519800004,4.48443984985,Europe/Brussels
CRL,Brussels South Charleroi Airport,Charleroi,Belgium,50.459202,4.45382,Europe/Brussels
KJK,Wevelgem Airport,Kortrijk-vevelgem,Belgium,50.817199707,3.20472002029,Europe/Brussels
LGG,Liège Airport,Liege,Belgium,50.63740158081055,5.443220138549805,Europe/Brussels
OST,Ostend-Bruges International Airport,Ostend,Belgium,51.198898315399994,2.8622200489,Europe/Brussels
OBL,Zoersel (Oostmalle) Airfield,Zoersel,Belgium,51.264702,4.75333,Europe/Brussels
AOC,Altenburg-Nobitz Airport,Altenburg,Germany,50.981945,12.506389,Europe/Berlin
IES,Riesa-Göhlis Airport,Riesa,Germany,51.2936096191,13.3561105728,Europe/Berlin
REB,Rechlin-Lärz Airport,Rechlin-laerz,Germany,53.306388855,12.7522220612,Europe/Berlin
QXH,Schönhagen Airport,Schoenhagen,Germany,52.203609,13.156389,Europe/Berlin
BBH,Barth Airport,Barth,Germany,54.338253,12.710515,Europe/Berlin
ZMG,"Magdeburg ""City"" Airport",Magdeburg,Germany,52.073612,11.626389,Europe/Berlin
CBU,Cottbus-Drewitz Airport,Cottbus,Germany,51.889442,14.531944,Europe/Berlin
SXF,Berlin-Schönefeld Airport,Berlin,Germany,52.380001,13.5225,Europe/Berlin
DRS,Dresden Airport,Dresden,Germany,51.1328010559082,13.767200469970703,Europe/Berlin
ERF,Erfurt Airport,Erfurt,Germany,50.979801177978516,10.958100318908691,Europe/Berlin
FRA,Frankfurt am Main Airport,Frankfurt,Germany,50.033333,8.570556,Europe/Berlin
FMO,Münster Osnabrück Airport,Munster,Germany,52.134601593,7.68483018875,Europe/Berlin
HAM,Hamburg Airport,Hamburg,Germany,53.630401611328,9.9882297515869,Europe/Berlin
THF,Berlin-Tempelhof International Airport,Berlin,Germany,52.472999572753906,13.403900146484375,Europe/Berlin
CGN,Cologne Bonn Airport,Cologne,Germany,50.8658981323,7.1427397728,Europe/Berlin
DUS,Düsseldorf Airport,Duesseldorf,Germany,51.289501,6.76678,Europe/Berlin
MUC,Munich Airport,Munich,Germany,48.353802,11.7861,Europe/Berlin
NUE,Nuremberg Airport,Nuernberg,Germany,49.498699,11.078056,Europe/Berlin
LEJ,Leipzig/Halle Airport,Leipzig,Germany,51.423889,12.236389,Europe/Berlin
SCN,Saarbrücken Airport,Saarbruecken,Germany,49.214599609400004,7.10950994492,Europe/Berlin
STR,Stuttgart Airport,Stuttgart,Germany,48.689899444599995,9.22196006775,Europe/Berlin
TXL,Berlin-Tegel Airport,Berlin,Germany,52.5597,13.2877,Europe/Berlin
HAJ,Hannover Airport,Hannover,Germany,52.461101532,9.685079574580001,Europe/Berlin
BRE,Bremen Airport,Bremen,Germany,53.0475006104,8.78666973114,Europe/Berlin
QEF,Frankfurt-Egelsbach Airport,Egelsbach,Germany,49.959999,8.645833,Europe/Berlin
HHN,Frankfurt-Hahn Airport,Hahn,Germany,49.9487,7.26389,Europe/Berlin
MHG,Mannheim-City Airport,Mannheim,Germany,49.473057,8.514167,Europe/Berlin
EIB,Eisenach-Kindel Airport,Eisenach,Germany,50.991604,10.47973,Europe/Berlin
SGE,Siegerland Airport,Siegerland,Germany,50.707698822021484,8.082969665527344,Europe/Berlin
XFW,Hamburg-Finkenwerder Airport,Hamburg,Germany,53.5352783203125,9.835556030273438,Europe/Berlin
KEL,Kiel-Holtenau Airport,Kiel,Germany,54.37944412231445,10.145277976989746,Europe/Berlin
LBC,Lübeck Blankensee Airport,Luebeck,Germany,53.8054008484,10.7192001343,Europe/Berlin
ESS,Essen Mulheim Airport,Essen,Germany,51.40230178833008,6.9373297691345215,Europe/Berlin
BFE,Bielefeld Airport,Bielefeld,Germany,51.964722,8.544444,Europe/Berlin
MGL,Mönchengladbach Airport,Moenchengladbach,Germany,51.230278,6.504444,Europe/Berlin
PAD,Paderborn Lippstadt Airport,Paderborn,Germany,51.614101409899995,8.616319656369999,Europe/Berlin
DTM,Dortmund Airport,Dortmund,Germany,51.51829910279999,7.61223983765,Europe/Berlin
AGB,Augsburg Airport,Augsburg,Germany,48.425278,10.931667,Europe/Berlin
OBF,Oberpfaffenhofen Airport,Oberpfaffenhofen,Germany,48.081402,11.2831,Europe/Berlin
RBM,Straubing Airport,Straubing,Germany,48.90083312988281,12.516667366027832,Europe/Berlin
FDH,Friedrichshafen Airport,Friedrichshafen,Germany,47.671298980699994,9.51148986816,Europe/Berlin
SZW,Schwerin Parchim Airport,Parchim,Germany,53.426998,11.7834,Europe/Berlin
BYU,Bayreuth Airport,Bayreuth,Germany,49.985001,11.64,Europe/Berlin
URD,Burg Feuerstein Airport,Burg Feuerstein,Germany,49.794166564941,11.133610725403,Europe/Berlin
HOQ,Hof-Plauen Airport,Hof,Germany,50.288612365722656,11.856389045715332,Europe/Berlin
ZQW,Zweibrücken Airport,Zweibruecken,Germany,49.2094,7.40056,Europe/Berlin
ZQL,Donaueschingen-Villingen Airport,Donaueschingen,Germany,47.97333145139999,8.52222156525,Europe/Berlin
BWE,Braunschweig-Wolfsburg Airport,Braunschweig,Germany,52.319199,10.5561,Europe/Berlin
KSF,Kassel-Calden Airport,Kassel,Germany,51.417273,9.384967,Europe/Berlin
BRV,Bremerhaven Airport,Bremerhaven,Germany,53.506943,8.572778,Europe/Berlin
EME,Emden Airport,Emden,Germany,53.391109,7.2275,Europe/Berlin
WVN,Wilhelmshaven-Mariensiel Airport,Wilhelmshaven,Germany,53.502220153808594,8.05222225189209,Europe/Berlin
BMK,Borkum Airport,Borkum,Germany,53.59639,6.709167,Europe/Berlin
NRD,Norderney Airport,Norderney,Germany,53.70694351196289,7.230000019073486,Europe/Berlin
FLF,Flensburg-Schäferhaus Airport,Flensburg,Germany,54.77333450317383,9.378889083862305,Europe/Berlin
GWT,Westerland Sylt Airport,Westerland,Germany,54.9132003784,8.34047031403,Europe/Berlin
KDL,Kärdla Airport,Kardla,Estonia,58.99079895019531,22.830699920654297,Europe/Tallinn
URE,Kuressaare Airport,Kuressaare,Estonia,58.22990036010742,22.50950050354004,Europe/Tallinn
EPU,Pärnu Airport,Parnu,Estonia,58.41899871826172,24.47279930114746,Europe/Tallinn
TLL,Lennart Meri Tallinn Airport,Tallinn-ulemiste International,Estonia,59.41329956049999,24.832799911499997,Europe/Tallinn
TAY,Tartu Airport,Tartu,Estonia,58.3074989319,26.690399169900004,Europe/Tallinn
ENF,Enontekio Airport,Enontekio,Finland,68.362602233887,23.424299240112,Europe/Helsinki
KEV,Halli Airport,Halli,Finland,61.856039,24.786686,Europe/Helsinki
HEM,Helsinki Malmi Airport,Helsinki,Finland,60.254600524902344,25.042800903320312,Europe/Helsinki
HEL,Helsinki Vantaa Airport,Helsinki,Finland,60.317199707031,24.963300704956,Europe/Helsinki
HYV,Hyvinkää Airfield,Hyvinkaa,Finland,60.6543998718,24.8810997009,Europe/Helsinki
KTQ,Kitee Airport,Kitee,Finland,62.1661,30.073601,Europe/Helsinki
IVL,Ivalo Airport,Ivalo,Finland,68.607299804688,27.405300140381,Europe/Helsinki
JOE,Joensuu Airport,Joensuu,Finland,62.662899017334,29.607500076294,Europe/Helsinki
JYV,Jyvaskyla Airport,Jyvaskyla,Finland,62.399501800537,25.678300857544,Europe/Helsinki
KAU,Kauhava Airport,Kauhava,Finland,63.127102,23.051399,Europe/Helsinki
KEM,Kemi-Tornio Airport,Kemi,Finland,65.778701782227,24.582099914551,Europe/Helsinki
KAJ,Kajaani Airport,Kajaani,Finland,64.285499572754,27.692399978638,Europe/Helsinki
KHJ,Kauhajoki Airport,Kauhajoki,Finland,62.4625015259,22.3931007385,Europe/Helsinki
KOK,Kokkola-Pietarsaari Airport,Kruunupyy,Finland,63.721199035645,23.143100738525,Europe/Helsinki
KAO,Kuusamo Airport,Kuusamo,Finland,65.987602233887,29.239400863647,Europe/Helsinki
KTT,Kittilä Airport,Kittila,Finland,67.700996398926,24.846799850464,Europe/Helsinki
KUO,Kuopio Airport,Kuopio,Finland,63.007099151611,27.797800064087,Europe/Helsinki
QLF,Lahti Vesivehmaa Airport,Vesivehmaa,Finland,61.144199,25.693501,Europe/Helsinki
LPP,Lappeenranta Airport,Lappeenranta,Finland,61.044601,28.144743,Europe/Helsinki
MHQ,Mariehamn Airport,Mariehamn,Finland,60.122200012207,19.898199081421,Europe/Mariehamn
MIK,Mikkeli Airport,Mikkeli,Finland,61.6866,27.201799,Europe/Helsinki
OUL,Oulu Airport,Oulu,Finland,64.930099487305,25.354600906372,Europe/Helsinki
POR,Pori Airport,Pori,Finland,61.461700439453,21.799999237061,Europe/Helsinki
RVN,Rovaniemi Airport,Rovaniemi,Finland,66.564796447754,25.830400466919,Europe/Helsinki
SVL,Savonlinna Airport,Savonlinna,Finland,61.943099975586,28.945100784302,Europe/Helsinki
SOT,Sodankyla Airport,Sodankyla,Finland,67.3949966431,26.6191005707,Europe/Helsinki
TMP,Tampere-Pirkkala Airport,Tampere,Finland,61.414100646973,23.604400634766,Europe/Helsinki
TKU,Turku Airport,Turku,Finland,60.514099121094,22.262800216675,Europe/Helsinki
UTI,Utti Air Base,Utti,Finland,60.89640045166,26.938400268555,Europe/Helsinki
VAA,Vaasa Airport,Vaasa,Finland,63.050701141357,21.762199401855,Europe/Helsinki
VRK,Varkaus Airport,Varkaus,Finland,62.171100616455,27.868600845337,Europe/Helsinki
YLI,Ylivieska Airfield,Ylivieska-raudaskyla,Finland,64.0547222,24.7252778,Europe/Helsinki
BFS,Belfast International Airport,Belfast,United Kingdom,54.6575012207,-6.2158298492399995,Europe/London
ENK,St Angelo Airport,Enniskillen,United Kingdom,54.39889907836914,-7.651669979095459,Europe/London
BHD,George Best Belfast City Airport,Belfast,United Kingdom,54.618099212646484,-5.872499942779541,Europe/London
LDY,City of Derry Airport,Londonderry,United Kingdom,55.04280090332031,-7.161109924316406,Europe/London
BHX,Birmingham International Airport,Birmingham,United Kingdom,52.453899383499994,-1.74802994728,Europe/London
CVT,Coventry Airport,Coventry,United Kingdom,52.3697013855,-1.4797199964499999,Europe/London
GLO,Gloucestershire Airport,Golouchestershire,United Kingdom,51.89419937133789,-2.167220115661621,Europe/London
GBA,Cotswold Airport,Pailton,United Kingdom,51.668095,-2.05694,Europe/London
MAN,Manchester Airport,Manchester,United Kingdom,53.35369873046875,-2.2749500274658203,Europe/London
NQY,Newquay Cornwall Airport,Newquai,United Kingdom,50.44060134887695,-4.995409965515137,Europe/London
LYE,RAF Lyneham,Lyneham,United Kingdom,51.5051,-1.99343,Europe/London
YEO,RNAS Yeovilton,Yeovilton,United Kingdom,51.0093994140625,-2.638819932937622,Europe/London
HAW,Haverfordwest Airport,Haverfordwest,United Kingdom,51.833099365234375,-4.9611101150512695,Europe/London
CWL,Cardiff International Airport,Cardiff,United Kingdom,51.39670181274414,-3.343329906463623,Europe/London
SWS,Swansea Airport,Swansea,United Kingdom,51.60530090332031,-4.0678300857543945,Europe/London
BRS,Bristol Airport,Bristol,United Kingdom,51.382702,-2.71909,Europe/London
LPL,Liverpool John Lennon Airport,Liverpool,United Kingdom,53.33359909057617,-2.849720001220703,Europe/London
LTN,London Luton Airport,London,United Kingdom,51.874698638916016,-0.36833301186561584,Europe/London
PLH,Plymouth City Airport,Plymouth,United Kingdom,50.422798,-4.10583,Europe/London
BOH,Bournemouth Airport,Bournemouth,United Kingdom,50.779998779296875,-1.8424999713897705,Europe/London
SOU,Southampton Airport,Southampton,United Kingdom,50.95029830932617,-1.3567999601364136,Europe/London
QLA,Lasham Airport,Lasham,United Kingdom,51.187198638916016,-1.0334999561309814,Europe/London
ACI,Alderney Airport,Alderney,Guernsey,49.706104,-2.21472,Europe/Guernsey
GCI,Guernsey Airport,Guernsey,Guernsey,49.435001373291016,-2.6019699573516846,Europe/Guernsey
JER,Jersey Airport,Jersey,Jersey,49.20790100097656,-2.195509910583496,Europe/Jersey
ESH,Shoreham Airport,Shoreham By Sea,United Kingdom,50.835602,-0.297222,Europe/London
BQH,London Biggin Hill Airport,Biggin Hill,United Kingdom,51.33079910279999,0.0324999988079,Europe/London
LGW,London Gatwick Airport,London,United Kingdom,51.148102,-0.190278,Europe/London
LCY,London City Airport,London,United Kingdom,51.505299,0.055278,Europe/London
FAB,Farnborough Airport,Farnborough,United Kingdom,51.2757987976,-0.776332974434,Europe/London
BBS,Blackbushe Airport,Blackbushe,United Kingdom,51.32389831542969,-0.8475000262260437,Europe/London
LHR,London Heathrow Airport,London,United Kingdom,51.4706,-0.461941,Europe/London
SEN,Southend Airport,Southend,United Kingdom,51.5713996887207,0.6955559849739075,Europe/London
LYX,Lydd Airport,Lydd,United Kingdom,50.95610046386719,0.9391670227050781,Europe/London
MSE,Kent International Airport,Manston,United Kingdom,51.342201,1.34611,Europe/London
CAX,Carlisle Airport,Carlisle,United Kingdom,54.9375,-2.8091700077056885,Europe/London
BLK,Blackpool International Airport,Blackpool,United Kingdom,53.77170181274414,-3.0286099910736084,Europe/London
HUY,Humberside Airport,Humberside,United Kingdom,53.57440185546875,-0.350832998752594,Europe/London
BWF,Barrow Walney Island Airport,Barrow Island,United Kingdom,54.1286111,-3.2675,Europe/London
LBA,Leeds Bradford Airport,Leeds,United Kingdom,53.86589813232422,-1.6605700254440308,Europe/London
WRT,Warton Airport,Warton,United Kingdom,53.745098,-2.88306,Europe/London
CEG,Hawarden Airport,Hawarden,United Kingdom,53.1781005859375,-2.9777801036834717,Europe/London
IOM,Isle of Man Airport,Isle Of Man,Isle of Man,54.08330154418945,-4.623889923095703,Europe/Isle_of_Man
NCL,Newcastle Airport,Newcastle,United Kingdom,55.037498474121094,-1.6916699409484863,Europe/London
MME,Durham Tees Valley Airport,Teesside,United Kingdom,54.50920104980469,-1.4294099807739258,Europe/London
EMA,East Midlands Airport,East Midlands,United Kingdom,52.8311004639,-1.32806003094,Europe/London
KOI,Kirkwall Airport,Kirkwall,United Kingdom,58.957801818847656,-2.9049999713897705,Europe/London
LSI,Sumburgh Airport,Sumburgh,United Kingdom,59.87889862060547,-1.2955600023269653,Europe/London
WIC,Wick Airport,Wick,United Kingdom,58.458900451660156,-3.09306001663208,Europe/London
ABZ,Aberdeen Dyce Airport,Aberdeen,United Kingdom,57.201900482177734,-2.197779893875122,Europe/London
INV,Inverness Airport,Inverness,United Kingdom,57.54249954223633,-4.047500133514404,Europe/London
GLA,Glasgow International Airport,Glasgow,United Kingdom,55.8718986511,-4.43306016922,Europe/London
EDI,Edinburgh Airport,Edinburgh,United Kingdom,55.95000076293945,-3.372499942779541,Europe/London
ILY,Islay Airport,Islay,United Kingdom,55.68190002441406,-6.256669998168945,Europe/London
PIK,Glasgow Prestwick Airport,Prestwick,United Kingdom,55.5093994140625,-4.586669921875,Europe/London
BEB,Benbecula Airport,Benbecula,United Kingdom,57.48109817504883,-7.3627800941467285,Europe/London
SCS,Scatsta Airport,Scatsta,United Kingdom,60.43280029296875,-1.2961100339889526,Europe/London
DND,Dundee Airport,Dundee,United Kingdom,56.45249938964844,-3.025830030441284,Europe/London
SYY,Stornoway Airport,Stornoway,United Kingdom,58.215599060058594,-6.331110000610352,Europe/London
TRE,Tiree Airport,Tiree,United Kingdom,56.49919891357422,-6.869170188903809,Europe/London
ADX,RAF Leuchars,Leuchars,United Kingdom,56.37289810180664,-2.8684399127960205,Europe/London
LMO,RAF Lossiemouth,Lossiemouth,United Kingdom,57.7052001953125,-3.339169979095459,Europe/London
CBG,Cambridge Airport,Cambridge,United Kingdom,52.205002,0.175,Europe/London
NWI,Norwich International Airport,Norwich,United Kingdom,52.6758003235,1.28278005123,Europe/London
STN,London Stansted Airport,London,United Kingdom,51.8849983215,0.234999999404,Europe/London
EXT,Exeter International Airport,Exeter,United Kingdom,50.73440170288086,-3.4138898849487305,Europe/London
FZO,Bristol Filton Airport,Bristol,United Kingdom,51.5194015503,-2.59083008766,Europe/London
OXF,Oxford (Kidlington) Airport,Oxford,United Kingdom,51.8368988037,-1.32000005245,Europe/London
BEX,RAF Benson,Benson,United Kingdom,51.616401672399995,-1.09582996368,Europe/London
LKZ,RAF Lakenheath,Lakenheath,United Kingdom,52.409301757799994,0.56099998951,Europe/London
MHZ,RAF Mildenhall,Mildenhall,United Kingdom,52.361900329589844,0.48640599846839905,Europe/London
QUY,RAF Wyton,Wyton,United Kingdom,52.3572006226,-0.107832998037,Europe/London
FFD,RAF Fairford,Fairford,United Kingdom,51.6822013855,-1.7900300025900002,Europe/London
BZZ,RAF Brize Norton,Brize Norton,United Kingdom,51.75,-1.58362,Europe/London
ODH,RAF Odiham,Odiham,United Kingdom,51.2341003418,-0.94282501936,Europe/London
NHT,RAF Northolt,Northolt,United Kingdom,51.553001403799996,-0.418166995049,Europe/London
QCY,RAF Coningsby,Coningsby,United Kingdom,53.0929985046,-0.166014000773,Europe/London
BEQ,RAF Honington,Honington,United Kingdom,52.34260177612305,0.7729390263557434,Europe/London
SQZ,RAF Scampton,Scampton,United Kingdom,53.307800293,-0.550832986832,Europe/London
HRT,RAF Linton-On-Ouse,Linton-on-ouse,United Kingdom,54.0489006042,-1.2527500391,Europe/London
WTN,RAF Waddington,Waddington,United Kingdom,53.1661987305,-0.523810982704,Europe/London
KNF,RAF Marham,Marham,United Kingdom,52.648395,0.550692,Europe/London
MPN,Mount Pleasant Airport,Mount Pleasant,Falkland Islands,-51.82279968261719,-58.447200775146484,Atlantic/Stanley
AMS,Amsterdam Airport Schiphol,Amsterdam,Netherlands,52.308601,4.76389,Europe/Amsterdam
MST,Maastricht Aachen Airport,Maastricht,Netherlands,50.911701,5.77014,Europe/Amsterdam
EIN,Eindhoven Airport,Eindhoven,Netherlands,51.4500999451,5.37452983856,Europe/Amsterdam
GRQ,Eelde Airport,Groningen,Netherlands,53.1197013855,6.57944011688,Europe/Amsterdam
GLZ,Gilze Rijen Air Base,Gilze-rijen,Netherlands,51.56740188598633,4.931829929351807,Europe/Amsterdam
DHR,De Kooy Airport,De Kooy,Netherlands,52.92340087890625,4.780620098114014,Europe/Amsterdam
LEY,Lelystad Airport,Lelystad,Netherlands,52.4603,5.52722,Europe/Amsterdam
LWR,Leeuwarden Air Base,Leeuwarden,Netherlands,53.228599548339844,5.760560035705566,Europe/Amsterdam
RTM,Rotterdam The Hague Airport,Rotterdam,Netherlands,51.956902,4.43722,Europe/Amsterdam
UTC,Soesterberg Air Base,Soesterberg,Netherlands,52.1273002625,5.27618980408,Europe/Amsterdam
ENS,Twente Airport,Enschede,Netherlands,52.275833,6.889167,Europe/Amsterdam
LID,Valkenburg Naval Air Base,Valkenburg,Netherlands,52.166099548300004,4.41794013977,Europe/Amsterdam
WOE,Woensdrecht Air Base,Woensdrecht,Netherlands,51.4491,4.34203,Europe/Amsterdam
ORK,Cork Airport,Cork,Ireland,51.84130096435547,-8.491109848022461,Europe/Dublin
GWY,Galway Airport,Galway,Ireland,53.300201416015625,-8.941590309143066,Europe/Dublin
DUB,Dublin Airport,Dublin,Ireland,53.421299,-6.27007,Europe/Dublin
NOC,Ireland West Knock Airport,Connaught,Ireland,53.910301208496094,-8.818490028381348,Europe/Dublin
KIR,Kerry Airport,Kerry,Ireland,52.18090057373047,-9.52377986907959,Europe/Dublin
SNN,Shannon Airport,Shannon,Ireland,52.702,-8.92482,Europe/Dublin
SXL,Sligo Airport,Sligo,Ireland,54.280200958252,-8.5992097854614,Europe/Dublin
WAT,Waterford Airport,Waterford,Ireland,52.187198638916016,-7.0869598388671875,Europe/Dublin
AAR,Aarhus Airport,Aarhus,Denmark,56.2999992371,10.619000434899998,Europe/Copenhagen
BLL,Billund Airport,Billund,Denmark,55.7402992249,9.15178012848,Europe/Copenhagen
CPH,Copenhagen Kastrup Airport,Copenhagen,Denmark,55.617900848389,12.656000137329,Europe/Copenhagen
EBJ,Esbjerg Airport,Esbjerg,Denmark,55.525902,8.5534,Europe/Copenhagen
KRP,Karup Airport,Karup,Denmark,56.29750061035156,9.124629974365234,Europe/Copenhagen
BYR,Læsø Airport,Laeso,Denmark,57.277198791503906,11.000100135803223,Europe/Copenhagen
MRW,Lolland Falster Maribo Airport,Maribo,Denmark,54.699299,11.4401,Europe/Copenhagen
ODE,Odense Airport,Odense,Denmark,55.47669982910156,10.330900192260742,Europe/Copenhagen
RKE,Copenhagen Roskilde Airport,Copenhagen,Denmark,55.585601806640625,12.131400108337402,Europe/Copenhagen
RNN,Bornholm Airport,Ronne,Denmark,55.06330108642578,14.759599685668945,Europe/Copenhagen
SGD,Sønderborg Airport,Soenderborg,Denmark,54.96440124511719,9.791729927062988,Europe/Copenhagen
SKS,Skrydstrup Air Base,Skrydstrup,Denmark,55.221048,9.26702,Europe/Copenhagen
SQW,Skive Airport,Skive,Denmark,56.550201416015625,9.172980308532715,Europe/Copenhagen
TED,Thisted Airport,Thisted,Denmark,57.06880187988281,8.705220222473145,Europe/Copenhagen
FAE,Vagar Airport,Vagar,Faroe Islands,62.0635986328125,-7.277219772338867,Atlantic/Faeroe
STA,Stauning Airport,Stauning,Denmark,55.9901008605957,8.353910446166992,Europe/Copenhagen
AAL,Aalborg Airport,Aalborg,Denmark,57.0927589138,9.84924316406,Europe/Copenhagen
LUX,Luxembourg-Findel International Airport,Luxemburg,Luxembourg,49.6233333,6.2044444,Europe/Luxembourg
AES,Ålesund Airport,Alesund,Norway,62.5625,6.119699954986572,Europe/Oslo
ANX,Andøya Airport,Andoya,Norway,69.292503356934,16.144199371338,Europe/Oslo
ALF,Alta Airport,Alta,Norway,69.976097106934,23.371700286865,Europe/Oslo
BNN,Brønnøysund Airport,Bronnoysund,Norway,65.461097717285,12.217499732971,Europe/Oslo
BOO,Bodø Airport,Bodo,Norway,67.26920318603516,14.365300178527832,Europe/Oslo
BGO,Bergen Airport Flesland,Bergen,Norway,60.29339981,5.218140125,Europe/Oslo
BJF,Båtsfjord Airport,Batsfjord,Norway,70.60050201416,29.691400527954,Europe/Oslo
KRS,Kristiansand Airport,Kristiansand,Norway,58.204201,8.08537,Europe/Oslo
DLD,Geilo Airport Dagali,Geilo,Norway,60.417301177978516,8.518349647521973,Europe/Oslo
BDU,Bardufoss Airport,Bardufoss,Norway,69.055801391602,18.540399551392,Europe/Oslo
EVE,"Harstad/Narvik Airport, Evenes",Harstad/Narvik,Norway,68.491302490234,16.678100585938,Europe/Oslo
VDB,Leirin Airport,Fagernes,Norway,61.015598297119,9.2880601882935,Europe/Oslo
FRO,Florø Airport,Floro,Norway,61.583599090576,5.0247201919556,Europe/Oslo
OSL,Oslo Lufthavn,Oslo,Norway,60.121,11.0502,Europe/Oslo
HAU,Haugesund Airport,Haugesund,Norway,59.34529876709,5.2083601951599,Europe/Oslo
HAA,Hasvik Airport,Hasvik,Norway,70.486701965332,22.139699935913,Europe/Oslo
KSU,Kristiansund Airport (Kvernberget),Kristiansund,Norway,63.111801147461,7.824520111084,Europe/Oslo
KKN,Kirkenes Airport (Høybuktmoen),Kirkenes,Norway,69.725799560547,29.891300201416,Europe/Oslo
FAN,Lista Airport,Farsund,Norway,58.0994987487793,6.626049995422363,Europe/Oslo
MOL,Molde Airport,Molde,Norway,62.744701385498,7.2624998092651,Europe/Oslo
MJF,Mosjøen Airport (Kjærstad),Mosjoen,Norway,65.783996582031,13.214900016785,Europe/Oslo
LKL,Banak Airport,Lakselv,Norway,70.068801879883,24.973499298096,Europe/Oslo
NTB,Notodden Airport,Notodden,Norway,59.565701,9.21222,Europe/Oslo
OLA,Ørland Airport,Orland,Norway,63.69889831542969,9.604000091552734,Europe/Oslo
RRS,Røros Airport,Roros,Norway,62.578399658203,11.342300415039,Europe/Oslo
RYG,"Moss Airport, Rygge",Rygge,Norway,59.378817,10.785439,Europe/Oslo
LYR,"Svalbard Airport, Longyear",Svalbard,Norway,78.246101379395,15.465600013733,Arctic/Longyearbyen
SKE,Skien Airport,Skien,Norway,59.185001373291016,9.566940307617188,Europe/Oslo
SRP,Stord Airport,Stord,Norway,59.791900634765625,5.340849876403809,Europe/Oslo
SSJ,Sandnessjøen Airport (Stokka),Sandnessjoen,Norway,65.956802368164,12.468899726868,Europe/Oslo
TOS,"Tromsø Airport,",Tromso,Norway,69.68329620361328,18.918899536132812,Europe/Oslo
TRF,"Sandefjord Airport, Torp",Sandefjord,Norway,59.1866989136,10.258600235,Europe/Oslo
TRD,Trondheim Airport Værnes,Trondheim,Norway,63.4578018,10.9239998,Europe/Oslo
SVG,Stavanger Airport Sola,Stavanger,Norway,58.876701354,5.6377801895,Europe/Oslo
GDN,Gdańsk Lech Wałęsa Airport,Gdansk,Poland,54.377601623535156,18.46619987487793,Europe/Warsaw
KRK,Kraków John Paul II International Airport,Krakow,Poland,50.077702,19.7848,Europe/Warsaw
KTW,Katowice International Airport,Katowice,Poland,50.4743,19.08,Europe/Warsaw
POZ,Poznań-Ławica Airport,Poznan,Poland,52.421001434299995,16.8262996674,Europe/Warsaw
RZE,Rzeszów-Jasionka Airport,Rzeszow,Poland,50.1100006104,22.0189990997,Europe/Warsaw
SZZ,"Szczecin-Goleniów ""Solidarność"" Airport",Szczecin,Poland,53.584701538100006,14.902199745199999,Europe/Warsaw
OSP,Redzikowo Air Base,Slupsk,Poland,54.47890090942383,17.107500076293945,Europe/Warsaw
WAW,Warsaw Chopin Airport,Warsaw,Poland,52.1656990051,20.967100143399996,Europe/Warsaw
WRO,Copernicus Wrocław Airport,Wroclaw,Poland,51.1026992798,16.885799408,Europe/Warsaw
IEG,Zielona Góra-Babimost Airport,Zielona Gora,Poland,52.138500213600004,15.7986001968,Europe/Warsaw
RNB,Ronneby Airport,Ronneby,Sweden,56.266700744629,15.265000343323,Europe/Stockholm
GOT,Gothenburg-Landvetter Airport,Gothenborg,Sweden,57.662799835205,12.279800415039,Europe/Stockholm
JKG,Jönköping Airport,Joenkoeping,Sweden,57.757598876953125,14.068699836730957,Europe/Stockholm
LDK,Lidköping-Hovby Airport,Lidkoping,Sweden,58.4655,13.1744,Europe/Stockholm
GSE,Gothenburg City Airport,Gothenborg,Sweden,57.7747,11.8704,Europe/Stockholm
KVB,Skövde Airport,Skovde,Sweden,58.45640182495117,13.972700119018555,Europe/Stockholm
THN,Trollhättan-Vänersborg Airport,Trollhattan,Sweden,58.31809997558594,12.345000267028809,Europe/Stockholm
KSK,Karlskoga Airport,Karlskoga,Sweden,59.34590148925781,14.49590015411377,Europe/Stockholm
MXX,Mora Airport,Mora,Sweden,60.957901,14.5114,Europe/Stockholm
NYO,Stockholm Skavsta Airport,Stockholm,Sweden,58.78860092163086,16.912200927734375,Europe/Stockholm
KID,Kristianstad Airport,Kristianstad,Sweden,55.92169952392578,14.08549976348877,Europe/Stockholm
OSK,Oskarshamn Airport,Oskarshamn,Sweden,57.350498,16.497999,Europe/Stockholm
KLR,Kalmar Airport,Kalkmar,Sweden,56.68550109863281,16.287599563598633,Europe/Stockholm
MMX,Malmö Sturup Airport,Malmoe,Sweden,55.536305364,13.376197814900001,Europe/Stockholm
HAD,Halmstad Airport,Halmstad,Sweden,56.69110107421875,12.820199966430664,Europe/Stockholm
VXO,Växjö Kronoberg Airport,Vaxjo,Sweden,56.929100036621094,14.727999687194824,Europe/Stockholm
EVG,Sveg Airport,Sveg,Sweden,62.04779815673828,14.422900199890137,Europe/Stockholm
GEV,Gällivare Airport,Gallivare,Sweden,67.13240051269531,20.814599990844727,Europe/Stockholm
HUV,Hudiksvall Airport,Hudiksvall,Sweden,61.7681007385,17.0806999207,Europe/Stockholm
KRF,Kramfors Sollefteå Airport,Kramfors,Sweden,63.04859924316406,17.76889991760254,Europe/Stockholm
LYC,Lycksele Airport,Lycksele,Sweden,64.54830169677734,18.71619987487793,Europe/Stockholm
SDL,Sundsvall-Härnösand Airport,Sundsvall,Sweden,62.528099060058594,17.443899154663086,Europe/Stockholm
OER,Örnsköldsvik Airport,Ornskoldsvik,Sweden,63.40829849243164,18.989999771118164,Europe/Stockholm
KRN,Kiruna Airport,Kiruna,Sweden,67.821998596191,20.336799621582,Europe/Stockholm
SFT,Skellefteå Airport,Skelleftea,Sweden,64.62480163574219,21.076900482177734,Europe/Stockholm
UME,Umeå Airport,Umea,Sweden,63.791801452637,20.282800674438,Europe/Stockholm
VHM,Vilhelmina Airport,Vilhelmina,Sweden,64.5791015625,16.833599090576172,Europe/Stockholm
AJR,Arvidsjaur Airport,Arvidsjaur,Sweden,65.59030151367188,19.28190040588379,Europe/Stockholm
ORB,Örebro Airport,Orebro,Sweden,59.22370147705078,15.038000106811523,Europe/Stockholm
VST,Stockholm Västerås Airport,Vasteras,Sweden,59.58940124511719,16.63360023498535,Europe/Stockholm
LLA,Luleå Airport,Lulea,Sweden,65.543800354004,22.121999740601,Europe/Stockholm
ARN,Stockholm-Arlanda Airport,Stockholm,Sweden,59.651901245117,17.918600082397,Europe/Stockholm
BMA,Stockholm-Bromma Airport,Stockholm,Sweden,59.354400634765625,17.941699981689453,Europe/Stockholm
BLE,Borlange Airport,Borlange,Sweden,60.422000885009766,15.515199661254883,Europe/Stockholm
HLF,Hultsfred Airport,Hultsfred,Sweden,57.525799,15.8233,Europe/Stockholm
GVX,Gävle Sandviken Airport,Gavle,Sweden,60.593299865722656,16.951400756835938,Europe/Stockholm
LPI,Linköping City Airport,Linkoeping,Sweden,58.4062004089,15.680500030500001,Europe/Stockholm
NRK,Norrköping Airport,Norrkoeping,Sweden,58.586299896240234,16.250600814819336,Europe/Stockholm
EKT,Eskilstuna Airport,Eskilstuna,Sweden,59.35110092163086,16.70840072631836,Europe/Stockholm
VBY,Visby Airport,Visby,Sweden,57.662799835205,18.346200942993,Europe/Stockholm
SPM,Spangdahlem Air Base,Spangdahlem,Germany,49.9726982117,6.69250011444,Europe/Berlin
RMS,Ramstein Air Base,Ramstein,Germany,49.4369010925293,7.600279808044434,Europe/Berlin
GHF,[Duplicate] Giebelstadt Army Air Field,Giebelstadt,Germany,49.648101806599996,9.966489791870002,Europe/Berlin
ZCN,Celle Airport,Celle,Germany,52.59120178222656,10.022100448608398,Europe/Berlin
FRZ,Fritzlar Airport,Fritzlar,Germany,51.1146,9.286,Europe/Berlin
ZNF,Hanau Army Air Field,Hanau,Germany,50.169201,8.96159,Europe/Berlin
KZG,Flugplatz Kitzingen,Kitzingen,Germany,49.743099,10.2006,Europe/Berlin
FCN,Nordholz Naval Airbase,Nordholz,Germany,53.7677001953,8.658499717709999,Europe/Berlin
GKE,Geilenkirchen Air Base,Geilenkirchen,Germany,50.9608,6.04242,Europe/Berlin
RLG,Rostock-Laage Airport,Laage,Germany,53.9182014465,12.278300285299999,Europe/Berlin
WBG,Schleswig Air Base,Schleswig,Germany,54.459301,9.51633,Europe/Berlin
WIE,Wiesbaden Army Airfield,Wiesbaden,Germany,50.049800872802734,8.325400352478027,Europe/Berlin
FEL,Fürstenfeldbruck Air Base,Fuerstenfeldbruck,Germany,48.205555,11.266944,Europe/Berlin
IGS,Ingolstadt Manching Airport,Ingolstadt,Germany,48.7156982421875,11.534000396728516,Europe/Berlin
GUT,Gütersloh Air Base,Guetersloh,Germany,51.922798,8.30633,Europe/Berlin
ALJ,Alexander Bay Airport,Alexander Bay,South Africa,-28.575001,16.5333,Africa/Johannesburg
AGZ,Aggeneys Airport,Aggeneys,South Africa,-29.28179931640625,18.813899993896484,Africa/Johannesburg
BIY,Bisho Airport,Bisho,South Africa,-32.8970985413,27.279100418099997,Africa/Johannesburg
BFN,Bram Fischer International Airport,Bloemfontein,South Africa,-29.092699050900002,26.302400589,Africa/Johannesburg
CPT,Cape Town International Airport,Cape Town,South Africa,-33.9648017883,18.6016998291,Africa/Johannesburg
DUR,King Shaka International Airport,Durban,South Africa,-29.6144444444,31.1197222222,Africa/Johannesburg
ELS,Ben Schoeman Airport,East London,South Africa,-33.0355987549,27.825899124099998,Africa/Johannesburg
FCB,Ficksburg Sentraoes Airport,Ficksburg,South Africa,-28.82309913635254,27.908899307250977,Africa/Johannesburg
GCJ,Grand Central Airport,Johannesburg,South Africa,-25.986299514799995,28.1401004791,Africa/Johannesburg
GRJ,George Airport,George,South Africa,-34.0056,22.378902,Africa/Johannesburg
HRS,Harrismith Airport,Harrismith,South Africa,-28.23509979248047,29.106199264526367,Africa/Johannesburg
HDS,Hoedspruit Air Force Base Airport,Hoedspruit,South Africa,-24.368600845299998,31.0487003326,Africa/Johannesburg
JNB,OR Tambo International Airport,Johannesburg,South Africa,-26.1392,28.246,Africa/Johannesburg
KXE,P C Pelser Airport,Klerksdorp,South Africa,-26.8710994720459,26.718000411987305,Africa/Johannesburg
KIM,Kimberley Airport,Kimberley,South Africa,-28.802799224900003,24.7651996613,Africa/Johannesburg
KMH,Johan Pienaar Airport,Kuruman,South Africa,-27.45669937133789,23.411399841308594,Africa/Johannesburg
KLZ,Kleinsee Airport,Kleinsee,South Africa,-29.6884002686,17.093999862700002,Africa/Johannesburg
HLA,Lanseria Airport,Johannesburg,South Africa,-25.938499450699997,27.9260997772,Africa/Johannesburg
SDB,Langebaanweg Airport,Langebaanweg,South Africa,-32.968898773199996,18.1602993011,Africa/Johannesburg
LAY,Ladysmith Airport,Ladysmith,South Africa,-28.5816993713,29.749700546299998,Africa/Johannesburg
MGH,Margate Airport,Margate,South Africa,-30.8574008942,30.343000412,Africa/Johannesburg
LLE,Riverside Airport,Malalane,South Africa,-25.4300003052,31.5767002106,Africa/Johannesburg
MZQ,Mkuze Airport,Mkuze,South Africa,-27.626100540161133,32.0443000793457,Africa/Johannesburg
NCS,Newcastle Airport,Newcastle,South Africa,-27.7705993652,29.976900100699996,Africa/Johannesburg
OVG,Overberg Airport,Overberg,South Africa,-34.554901123,20.250699996900003,Africa/Johannesburg
OUH,Oudtshoorn Airport,Oudtshoorn,South Africa,-33.6069984436,22.188999176,Africa/Johannesburg
PLZ,Port Elizabeth Airport,Port Elizabeth,South Africa,-33.9849014282,25.6173000336,Africa/Johannesburg
PBZ,Plettenberg Bay Airport,Plettenberg Bay,South Africa,-34.0881601675,23.3287234306,Africa/Johannesburg
PHW,Hendrik Van Eck Airport,Phalaborwa,South Africa,-23.937200546299998,31.1553993225,Africa/Johannesburg
JOH,Port St Johns Airport,Port Saint Johns,South Africa,-31.605899810791016,29.519800186157227,Africa/Johannesburg
PZB,Pietermaritzburg Airport,Pietermaritzburg,South Africa,-29.649000167799997,30.3987007141,Africa/Johannesburg
NTY,Pilanesberg International Airport,Pilanesberg,South Africa,-25.333799362199997,27.173400878900004,Africa/Johannesburg
PTG,Polokwane International Airport,Potgietersrus,South Africa,-23.845269,29.458615,Africa/Johannesburg
PCF,Potchefstroom Airport,Potchefstroom,South Africa,-26.670999527,27.0818996429,Africa/Johannesburg
UTW,Queenstown Airport,Queenstown,South Africa,-31.92020034790039,26.882200241088867,Africa/Johannesburg
RCB,Richards Bay Airport,Richard's Bay,South Africa,-28.740999221800003,32.0920982361,Africa/Johannesburg
ROD,Robertson Airport,Robertson,South Africa,-33.812198638916016,19.902799606323242,Africa/Johannesburg
SBU,Springbok Airport,Springbok,South Africa,-29.689300537109375,17.939599990844727,Africa/Johannesburg
ZEC,Secunda Airport,Secunda,South Africa,-26.52409935,29.170099258399997,Africa/Johannesburg
SIS,Sishen Airport,Sishen,South Africa,-27.6485996246,22.9993000031,Africa/Johannesburg
SZK,Skukuza Airport,Skukuza,South Africa,-24.960899353,31.5886993408,Africa/Johannesburg
LTA,Tzaneen Airport,Tzaneen,South Africa,-23.8243999481,30.329299926799997,Africa/Johannesburg
ULD,Prince Mangosuthu Buthelezi Airport,Ulundi,South Africa,-28.3206005096,31.4165000916,Africa/Johannesburg
UTN,Pierre Van Ryneveld Airport,Upington,South Africa,-28.39909935,21.260200500499998,Africa/Johannesburg
UTT,K. D. Matanzima Airport,Umtata,South Africa,-31.546363184900002,28.6733551025,Africa/Johannesburg
VRU,Vryburg Airport,Vryburg,South Africa,-26.9824008942,24.7287998199,Africa/Johannesburg
VIR,Virginia Airport,Durban,South Africa,-29.770599365234375,31.058399200439453,Africa/Johannesburg
VRE,Vredendal Airport,Vredendal,South Africa,-31.641000747680664,18.5447998046875,Africa/Johannesburg
PRY,Wonderboom Airport,Pretoria,South Africa,-25.6539,28.224199,Africa/Johannesburg
WKF,Waterkloof Air Force Base,Waterkloof,South Africa,-25.829999923699997,28.222499847399998,Africa/Johannesburg
FRW,Francistown Airport,Francistown,Botswana,-21.15959930419922,27.47450065612793,Africa/Gaborone
JWA,Jwaneng Airport,Jwaneng,Botswana,-24.6023006439209,24.69099998474121,Africa/Gaborone
BBK,Kasane Airport,Kasane,Botswana,-17.83289909362793,25.162399291992188,Africa/Gaborone
MUB,Maun Airport,Maun,Botswana,-19.97260093688965,23.431100845336914,Africa/Gaborone
GBE,Sir Seretse Khama International Airport,Gaberone,Botswana,-24.555201,25.9182,Africa/Gaborone
PKW,Selebi Phikwe Airport,Selebi-phikwe,Botswana,-22.0583,27.8288,Africa/Gaborone
BZV,Maya-Maya Airport,Brazzaville,Congo (Brazzaville),-4.251699924468994,15.253000259399414,Africa/Brazzaville
FTX,Owando Airport,Owando,Congo (Kinshasa),-0.5313500165939331,15.95009994506836,Africa/Brazzaville
OUE,Ouesso Airport,Ouesso,Congo (Kinshasa),1.6159900426899998,16.0379009247,Africa/Brazzaville
PNR,Pointe Noire Airport,Pointe-noire,Congo (Brazzaville),-4.816030025482178,11.88659954071045,Africa/Brazzaville
MTS,Matsapha Airport,Manzini,Swaziland,-26.52899932861328,31.3075008392334,Africa/Mbabane
BGF,Bangui M'Poko International Airport,Bangui,Central African Republic,4.39847993850708,18.518800735473633,Africa/Bangui
BBT,Berbérati Airport,Berberati,Central African Republic,4.2215800285339355,15.786399841308594,Africa/Bangui
BSG,Bata Airport,Bata,Equatorial Guinea,1.9054700136184692,9.805680274963379,Africa/Malabo
SSG,Malabo Airport,Malabo,Equatorial Guinea,3.755270004272461,8.708720207214355,Africa/Malabo
ASI,RAF Ascension Island,Wide Awake,Saint Helena,-7.9696,-14.3937,Atlantic/St_Helena
MRU,Sir Seewoosagur Ramgoolam International Airport,Plaisance,Mauritius,-20.430201,57.683601,Indian/Mauritius
RRG,Sir Charles Gaetan Duval Airport,Rodriguez Island,Mauritius,-19.7577,63.361,Indian/Mauritius
NKW,Diego Garcia Naval Support Facility,Diego Garcia Island,British Indian Ocean Territory,-7.31327,72.411102,Indian/Chagos
TKC,Tiko Airport,Tiko,Cameroon,4.08919000626,9.360529899600001,Africa/Douala
DLA,Douala International Airport,Douala,Cameroon,4.0060801506,9.719479560849999,Africa/Douala
MVR,Salak Airport,Maroua,Cameroon,10.451399803161621,14.257399559020996,Africa/Douala
FOM,Foumban Nkounja Airport,Foumban,Cameroon,5.636919975280762,10.750800132751465,Africa/Douala
NGE,N'Gaoundéré Airport,N'gaoundere,Cameroon,7.3570098876953125,13.559200286865234,Africa/Douala
GOU,Garoua International Airport,Garoua,Cameroon,9.33588981628418,13.370100021362305,Africa/Douala
BFX,Bafoussam Airport,Bafoussam,Cameroon,5.536920070650001,10.354599952700001,Africa/Douala
BPC,Bamenda Airport,Bamenda,Cameroon,6.039239883422852,10.122599601745605,Africa/Douala
YAO,Yaoundé Airport,Yaounde,Cameroon,3.8360400199890137,11.523500442504883,Africa/Douala
CGJ,Kasompe Airport,Kasompe,Zambia,-12.572799682617,27.893899917603,Africa/Lusaka
LVI,Livingstone Airport,Livingstone,Zambia,-17.821800231933594,25.82270050048828,Africa/Lusaka
LUN,Kenneth Kaunda International Airport Lusaka,Lusaka,Zambia,-15.3308000565,28.4526004791,Africa/Lusaka
MFU,Mfuwe Airport,Mfuwe,Zambia,-13.258899688720703,31.936599731445312,Africa/Lusaka
MNR,Mongu Airport,Mongu,Zambia,-15.254500389099121,23.16230010986328,Africa/Lusaka
NLA,Simon Mwansa Kapwepwe International Airport,Ndola,Zambia,-12.998100280762,28.66489982605,Africa/Lusaka
KIW,Southdowns Airport,Southdowns,Zambia,-12.900500297546387,28.149900436401367,Africa/Lusaka
HAH,Prince Said Ibrahim International Airport,Moroni,Comoros,-11.5337,43.2719,Indian/Comoro
NWA,Mohéli Bandar Es Eslam Airport,Moheli,Comoros,-12.298100471496582,43.76639938354492,Indian/Comoro
AJN,Ouani Airport,Anjouan,Comoros,-12.131699562072754,44.430301666259766,Indian/Comoro
DZA,Dzaoudzi Pamandzi International Airport,Dzaoudzi,Mayotte,-12.804699897766113,45.28110122680664,Indian/Mayotte
RUN,Roland Garros Airport,St.-denis,Reunion,-20.887100219726562,55.51029968261719,Indian/Reunion
ZSE,Pierrefonds Airport,St.-pierre,Reunion,-21.320899963378906,55.42499923706055,Indian/Reunion
TNR,Ivato Airport,Antananarivo,Madagascar,-18.7969,47.478802,Indian/Antananarivo
ZVA,Miandrivazo Airport,Miandrivazo,Madagascar,-19.56279945373535,45.450801849365234,Indian/Antananarivo
SMS,Sainte Marie Airport,Sainte Marie,Madagascar,-17.093900680541992,49.815799713134766,Indian/Antananarivo
TMM,Toamasina Airport,Toamasina,Madagascar,-18.109500885009766,49.39250183105469,Indian/Antananarivo
MOQ,Morondava Airport,Morondava,Madagascar,-20.284700393676758,44.31760025024414,Indian/Antananarivo
DIE,Arrachart Airport,Antsiranana,Madagascar,-12.34939956665039,49.29169845581055,Indian/Antananarivo
WMR,Mananara Nord Airport,Mananara,Madagascar,-16.16390037536621,49.773799896240234,Indian/Antananarivo
ZWA,Andapa Airport,Andapa,Madagascar,-14.651700019836426,49.620601654052734,Indian/Antananarivo
AMB,Ambilobe Airport,Ambilobe,Madagascar,-13.188400268554688,48.987998962402344,Indian/Antananarivo
ANM,Antsirabato Airport,Antalaha,Madagascar,-14.99940013885498,50.3202018737793,Indian/Antananarivo
HVA,Analalava Airport,Analalava,Madagascar,-14.62969970703125,47.76380157470703,Indian/Antananarivo
MJN,Amborovy Airport,Mahajanga,Madagascar,-15.6668417421,46.351232528699995,Indian/Antananarivo
NOS,Fascene Airport,Nosy-be,Madagascar,-13.3121004105,48.3148002625,Indian/Antananarivo
BPY,Besalampy Airport,Besalampy,Madagascar,-16.744530296500002,44.4824838638,Indian/Antananarivo
WMN,Maroantsetra Airport,Maroantsetra,Madagascar,-15.436699867248535,49.68830108642578,Indian/Antananarivo
SVB,Sambava Airport,Sambava,Madagascar,-14.278599739074707,50.17470169067383,Indian/Antananarivo
VOH,Vohimarina Airport,Vohemar,Madagascar,-13.375800132751465,50.00279998779297,Indian/Antananarivo
WAI,Ambalabe Airport,Antsohihy,Madagascar,-14.898799896240234,47.993900299072266,Indian/Antananarivo
IVA,Ampampamena Airport,Ampampamena,Madagascar,-13.484816,48.632702,Indian/Antananarivo
FTU,Tôlanaro Airport,Tolagnaro,Madagascar,-25.03809928894043,46.95610046386719,Indian/Antananarivo
WFI,Fianarantsoa Airport,Fianarantsoa,Madagascar,-21.441600799560547,47.111698150634766,Indian/Antananarivo
RVA,Farafangana Airport,Farafangana,Madagascar,-22.805299758911133,47.82059860229492,Indian/Antananarivo
WVK,Manakara Airport,Manakara,Madagascar,-22.119699478149414,48.02170181274414,Indian/Antananarivo
MNJ,Mananjary Airport,Mananjary,Madagascar,-21.201799392700195,48.358299255371094,Indian/Antananarivo
MXM,Morombe Airport,Morombe,Madagascar,-21.7539005279541,43.3754997253418,Indian/Antananarivo
TLE,Toliara Airport,Toliara,Madagascar,-23.383399963378906,43.72850036621094,Indian/Antananarivo
SSY,Mbanza Congo Airport,M'banza-congo,Angola,-6.269899845123291,14.246999740600586,Africa/Luanda
BUG,Benguela Airport,Benguela,Angola,-12.609000206,13.4036998749,Africa/Luanda
CAB,Cabinda Airport,Cabinda,Angola,-5.59699010848999,12.188400268554688,Africa/Luanda
NOV,Nova Lisboa Airport,Huambo,Angola,-12.808899879455566,15.760499954223633,Africa/Luanda
SVP,Kuito Airport,Kuito,Angola,-12.404600143433,16.947399139404,Africa/Luanda
LAD,Quatro de Fevereiro Airport,Luanda,Angola,-8.85837,13.2312,Africa/Luanda
MEG,Malanje Airport,Malanje,Angola,-9.525090217590332,16.312400817871094,Africa/Luanda
SPP,Menongue Airport,Menongue,Angola,-14.657600402832031,17.71980094909668,Africa/Luanda
GXG,Negage Airport,Negage,Angola,-7.754509925842285,15.287699699401855,Africa/Luanda
PBN,Porto Amboim Airport,Porto Amboim,Angola,-10.722000122070312,13.76550006866455,Africa/Luanda
VHC,Saurimo Airport,Saurimo,Angola,-9.689069747924805,20.431900024414062,Africa/Luanda
SZA,Soyo Airport,Soyo,Angola,-6.141089916229248,12.371800422668457,Africa/Luanda
SDD,Lubango Airport,Lubango,Angola,-14.924699783325195,13.574999809265137,Africa/Luanda
LUO,Luena Airport,Luena,Angola,-11.768099784851074,19.8976993560791,Africa/Luanda
UGO,Uige Airport,Uige,Angola,-7.60306978225708,15.027799606323242,Africa/Luanda
XGN,Xangongo Airport,Xangongo,Angola,-16.755399703979492,14.965299606323242,Africa/Luanda
OYE,Oyem Airport,Oyem,Gabon,1.5431100130081177,11.581399917602539,Africa/Libreville
OKN,Okondja Airport,Okondja,Gabon,-0.6652140021324158,13.673100471496582,Africa/Libreville
LBQ,Lambarene Airport,Lambarene,Gabon,-0.7043889760971069,10.245699882507324,Africa/Libreville
BMM,Bitam Airport,Bitam,Gabon,2.0756399631500244,11.493200302124023,Africa/Libreville
POG,Port Gentil Airport,Port Gentil,Gabon,-0.7117390036582947,8.754380226135254,Africa/Libreville
OMB,Omboue Hopital Airport,Omboue Hospial,Gabon,-1.5747300386428833,9.262689590454102,Africa/Libreville
MKU,Makokou Airport,Makokou,Gabon,0.5792109966278076,12.890899658203125,Africa/Libreville
LBV,Libreville Leon M'ba International Airport,Libreville,Gabon,0.458600014448,9.412280082699999,Africa/Libreville
MVB,M'Vengue El Hadj Omar Bongo Ondimba International Airport,Franceville,Gabon,-1.6561599969863892,13.437999725341797,Africa/Libreville
PCP,Principe Airport,Principe,Sao Tome and Principe,1.6629400253295898,7.411739826202393,Africa/Sao_Tome
TMS,São Tomé International Airport,Sao Tome,Sao Tome and Principe,0.3781749904155731,6.7121500968933105,Africa/Sao_Tome
BEW,Beira Airport,Beira,Mozambique,-19.79640007019043,34.90760040283203,Africa/Maputo
INH,Inhambane Airport,Inhambane,Mozambique,-23.876399993896484,35.40850067138672,Africa/Maputo
VXC,Lichinga Airport,Lichinga,Mozambique,-13.274,35.2663,Africa/Maputo
LFB,Lumbo Airport,Lumbo,Mozambique,-15.0331001282,40.671699523899996,Africa/Maputo
MPM,Maputo Airport,Maputo,Mozambique,-25.920799,32.572601,Africa/Maputo
MUD,Mueda Airport,Mueda,Mozambique,-11.672900199890137,39.5630989074707,Africa/Maputo
MZB,Mocímboa da Praia Airport,Mocimboa Da Praia,Mozambique,-11.361800193786621,40.35490036010742,Africa/Maputo
MNC,Nacala Airport,Nacala,Mozambique,-14.488200187683105,40.71220016479492,Africa/Maputo
APL,Nampula Airport,Nampula,Mozambique,-15.105600357055664,39.28179931640625,Africa/Maputo
POL,Pemba Airport,Pemba,Mozambique,-12.991762161254883,40.52401351928711,Africa/Maputo
UEL,Quelimane Airport,Quelimane,Mozambique,-17.855499267578125,36.86909866333008,Africa/Maputo
TET,Chingozi Airport,Tete,Mozambique,-16.104799270629883,33.640201568603516,Africa/Maputo
VNX,Vilankulo Airport,Vilankulu,Mozambique,-22.018400192260742,35.31330108642578,Africa/Maputo
DES,Desroches Airport,Desroches,Seychelles,-5.6967,53.6558,Indian/Mahe
SEZ,Seychelles International Airport,Mahe,Seychelles,-4.67434,55.521801,Indian/Mahe
PRI,Praslin Airport,Praslin,Seychelles,-4.3192901611328125,55.69139862060547,Indian/Mahe
AEH,Abeche Airport,Abeche,Chad,13.847000122070312,20.84429931640625,Africa/Ndjamena
MQQ,Moundou Airport,Moundou,Chad,8.624409675598145,16.071399688720703,Africa/Ndjamena
NDJ,N'Djamena International Airport,N'djamena,Chad,12.1337,15.034,Africa/Ndjamena
FYT,Faya Largeau Airport,Faya-largeau,Chad,17.91710090637207,19.111099243164062,Africa/Ndjamena
BUQ,Joshua Mqabuko Nkomo International Airport,Bulawayo,Zimbabwe,-20.017401,28.617901,Africa/Harare
BFO,Buffalo Range Airport,Chiredzi,Zimbabwe,-21.008101,31.5786,Africa/Harare
VFA,Victoria Falls International Airport,Victoria Falls,Zimbabwe,-18.09589958190918,25.839000701904297,Africa/Harare
HRE,Robert Gabriel Mugabe International Airport,Harare,Zimbabwe,-17.931801,31.0928,Africa/Harare
KAB,Kariba International Airport,Kariba,Zimbabwe,-16.519800186157227,28.885000228881836,Africa/Harare
UTA,Mutare Airport,Mutare,Zimbabwe,-18.997499465942,32.627201080322,Africa/Harare
MVZ,Masvingo International Airport,Masvingo,Zimbabwe,-20.055299758911133,30.859100341796875,Africa/Harare
GWE,Thornhill Air Base,Gwert,Zimbabwe,-19.436399459838867,29.861900329589844,Africa/Harare
HWN,Hwange National Park Airport,Hwange National Park,Zimbabwe,-18.629899978637695,27.020999908447266,Africa/Harare
BLZ,Chileka International Airport,Blantyre,Malawi,-15.679100036621094,34.9739990234375,Africa/Blantyre
KGJ,Karonga Airport,Karonga,Malawi,-9.953570365905762,33.893001556396484,Africa/Blantyre
KBQ,Kasungu Airport,Kasungu,Malawi,-13.014599800109863,33.46860122680664,Africa/Blantyre
LLW,Lilongwe International Airport,Lilongwe,Malawi,-13.7894001007,33.78099823,Africa/Blantyre
ZZU,Mzuzu Airport,Mzuzu,Malawi,-11.444700241088867,34.01179885864258,Africa/Blantyre
MSU,Moshoeshoe I International Airport,Maseru,Lesotho,-29.462299346923828,27.552499771118164,Africa/Maseru
FIH,Ndjili International Airport,Kinshasa,Congo (Kinshasa),-4.38575,15.4446,Africa/Kinshasa
NLO,Ndolo Airport,Kinshasa,Congo (Kinshasa),-4.32666015625,15.327500343323,Africa/Kinshasa
MNB,Muanda Airport,Muanda,Congo (Kinshasa),-5.9308600425720215,12.351799964904785,Africa/Kinshasa
FDU,Bandundu Airport,Bandoundu,Congo (Kinshasa),-3.3113200664520264,17.38170051574707,Africa/Kinshasa
KKW,Kikwit Airport,Kikwit,Congo (Kinshasa),-5.035769939422607,18.785600662231445,Africa/Kinshasa
MDK,Mbandaka Airport,Mbandaka,Congo (Kinshasa),0.0226000007242,18.2887001038,Africa/Kinshasa
BDT,Gbadolite Airport,Gbadolite,Congo (Kinshasa),4.253210067749023,20.975299835205078,Africa/Kinshasa
GMA,Gemena Airport,Gemena,Congo (Kinshasa),3.2353699207299997,19.771299362199997,Africa/Kinshasa
KLI,Kotakoli Airport,Kotakoli,Congo (Kinshasa),4.157639980316162,21.65089988708496,Africa/Kinshasa
LIQ,Lisala Airport,Lisala,Congo (Kinshasa),2.17066,21.496901,Africa/Kinshasa
FKI,Bangoka International Airport,Kisangani,Congo (Kinshasa),0.481638997793,25.3379993439,Africa/Lubumbashi
IRP,Matari Airport,Isiro,Congo (Kinshasa),2.8276100158691406,27.588300704956055,Africa/Lubumbashi
BUX,Bunia Airport,Bunia,Congo (Kinshasa),1.5657199621200562,30.220800399780273,Africa/Lubumbashi
BZU,Buta Zega Airport,Buta Zega,Congo (Kinshasa),2.818350076675415,24.793699264526367,Africa/Lubumbashi
BKY,Bukavu Kavumu Airport,Bukavu/kavumu,Congo (Kinshasa),-2.3089799880981445,28.808799743652344,Africa/Lubumbashi
GOM,Goma International Airport,Goma,Congo (Kinshasa),-1.6708099842071533,29.238500595092773,Africa/Kigali
KND,Kindu Airport,Kindu,Congo (Kinshasa),-2.91917991638,25.915399551399997,Africa/Lubumbashi
FBM,Lubumbashi International Airport,Lubumashi,Congo (Kinshasa),-11.5913000107,27.5308990479,Africa/Lubumbashi
KWZ,Kolwezi Airport,Kolwezi,Congo (Kinshasa),-10.765899658203125,25.505699157714844,Africa/Lubumbashi
FMI,Kalemie Airport,Kalemie,Congo (Kinshasa),-5.8755598068237305,29.25,Africa/Lubumbashi
KMN,Kamina Base Airport,Kamina Base,Congo (Kinshasa),-8.642020225524902,25.252899169921875,Africa/Lubumbashi
KGA,Kananga Airport,Kananga,Congo (Kinshasa),-5.90005016327,22.4692001343,Africa/Lubumbashi
MJM,Mbuji Mayi Airport,Mbuji-mayi,Congo (Kinshasa),-6.121240139010001,23.569000244099996,Africa/Lubumbashi
BKO,Modibo Keita International Airport,Bamako,Mali,12.5335,-7.94994,Africa/Bamako
GAQ,Gao Airport,Gao,Mali,16.24839973449707,-0.005456000100821257,Africa/Bamako
KYS,Kayes Dag Dag Airport,Kayes,Mali,14.481200218200684,-11.404399871826172,Africa/Bamako
MZI,Mopti Airport,Mopti,Mali,14.5128002167,-4.0795598030099995,Africa/Bamako
TOM,Timbuktu Airport,Tombouctou,Mali,16.730499267578125,-3.007580041885376,Africa/Bamako
BJL,Banjul International Airport,Banjul,Gambia,13.338000297546387,-16.65220069885254,Africa/Banjul
FUE,Fuerteventura Airport,Fuerteventura,Spain,28.452699661254883,-13.863800048828125,Atlantic/Canary
VDE,Hierro Airport,Hierro,Spain,27.814800262451172,-17.887100219726562,Atlantic/Canary
SPC,La Palma Airport,Santa Cruz De La Palma,Spain,28.626499,-17.7556,Atlantic/Canary
LPA,Gran Canaria Airport,Gran Canaria,Spain,27.931900024414062,-15.38659954071045,Atlantic/Canary
ACE,Lanzarote Airport,Arrecife,Spain,28.945499,-13.6052,Atlantic/Canary
TFS,Tenerife South Airport,Tenerife,Spain,28.044500351,-16.5725002289,Atlantic/Canary
TFN,Tenerife Norte Airport,Tenerife,Spain,28.4827003479,-16.3414993286,Atlantic/Canary
MLN,Melilla Airport,Melilla,Spain,35.279800415,-2.9562599659,Europe/Madrid
FNA,Lungi International Airport,Freetown,Sierra Leone,8.61644,-13.1955,Africa/Freetown
MLW,Spriggs Payne Airport,Monrovia,Liberia,6.289060115814209,-10.758700370788574,Africa/Monrovia
ROB,Roberts International Airport,Monrovia,Liberia,6.23379,-10.3623,Africa/Monrovia
AGA,Al Massira Airport,Agadir,Morocco,30.325000762939453,-9.413069725036621,Africa/Casablanca
TTA,Tan Tan Airport,Tan Tan,Morocco,28.448200225830078,-11.161299705505371,Africa/Casablanca
FEZ,Saïss Airport,Fes,Morocco,33.9272994995,-4.977960109709999,Africa/Casablanca
ERH,Moulay Ali Cherif Airport,Er-rachidia,Morocco,31.9475002289,-4.39833021164,Africa/Casablanca
MEK,Bassatine Airport,Meknes,Morocco,33.87910079956055,-5.515120029449463,Africa/Casablanca
OUD,Angads Airport,Oujda,Morocco,34.787200927734375,-1.92399001121521,Africa/Casablanca
GMD,Ben Slimane Airport,Ben Slimane,Morocco,33.655399,-7.22145,Africa/Casablanca
RBA,Rabat-Salé Airport,Rabat,Morocco,34.051498,-6.75152,Africa/Casablanca
CMN,Mohammed V International Airport,Casablanca,Morocco,33.36750030517578,-7.589970111846924,Africa/Casablanca
RAK,Menara Airport,Marrakech,Morocco,31.606899261499997,-8.03629970551,Africa/Casablanca
NNA,Kenitra Airport,Kentira,Morocco,34.29890060424805,-6.595880031585693,Africa/Casablanca
OZZ,Ouarzazate Airport,Ouarzazate,Morocco,30.9391002655,-6.909430027010001,Africa/Casablanca
AHU,Cherif Al Idrissi Airport,Al Hociema,Morocco,35.177101135253906,-3.83951997756958,Africa/Casablanca
TTU,Saniat R'mel Airport,Tetouan,Morocco,35.594299316406,-5.320020198822,Africa/Casablanca
TNG,Ibn Batouta Airport,Tanger,Morocco,35.726898193400004,-5.91689014435,Africa/Casablanca
ZIG,Ziguinchor Airport,Ziguinchor,Senegal,12.5556,-16.281799,Africa/Dakar
CSK,Cap Skirring Airport,Cap Skiring,Senegal,12.39533,-16.748,Africa/Dakar
KLC,Kaolack Airport,Kaolack,Senegal,14.146900177001953,-16.051300048828125,Africa/Dakar
DKR,Léopold Sédar Senghor International Airport,Dakar,Senegal,14.739700317382812,-17.49020004272461,Africa/Dakar
XLS,Saint Louis Airport,St. Louis,Senegal,16.050800323486328,-16.463199615478516,Africa/Dakar
BXE,Bakel Airport,Bakel,Senegal,14.847299575805664,-12.468299865722656,Africa/Dakar
KGG,Kédougou Airport,Kedougou,Senegal,12.57229995727539,-12.22029972076416,Africa/Dakar
TUD,Tambacounda Airport,Tambacounda,Senegal,13.736800193786621,-13.65310001373291,Africa/Dakar
AEO,Aioun el Atrouss Airport,Aioun El Atrouss,Mauritania,16.711299896240234,-9.637880325317383,Africa/Nouakchott
TIY,Tidjikja Airport,Tidjikja,Mauritania,18.570100784301758,-11.423500061035156,Africa/Nouakchott
KFA,Kiffa Airport,Kiffa,Mauritania,16.59000015258789,-11.406200408935547,Africa/Nouakchott
EMN,Néma Airport,Nema,Mauritania,16.621999740600586,-7.3165998458862305,Africa/Nouakchott
KED,Kaédi Airport,Kaedi,Mauritania,16.159500122070312,-13.507599830627441,Africa/Nouakchott
NKC,Nouakchott–Oumtounsy International Airport,Nouakschott,Mauritania,18.31,-15.9697222,Africa/Nouakchott
SEY,Sélibaby Airport,Selibabi,Mauritania,15.179699897766113,-12.207300186157227,Africa/Nouakchott
ATR,Atar International Airport,Atar,Mauritania,20.506799697875977,-13.04319953918457,Africa/Nouakchott
NDB,Nouadhibou International Airport,Nouadhibou,Mauritania,20.9330997467041,-17.030000686645508,Africa/Nouakchott
FIG,Fria Airport,Fira,Guinea,10.350600242615,-13.569199562073,Africa/Conakry
FAA,Faranah Airport,Faranah,Guinea,10.0354995728,-10.7698001862,Africa/Conakry
LEK,Tata Airport,Labe,Guinea,11.326100349426,-12.286800384521,Africa/Conakry
SID,Amílcar Cabral International Airport,Amilcar Cabral,Cape Verde,16.7414,-22.9494,Atlantic/Cape_Verde
BVC,Rabil Airport,Boa Vista,Cape Verde,16.136499404907227,-22.888900756835938,Atlantic/Cape_Verde
MMO,Maio Airport,Maio,Cape Verde,15.155900001525879,-23.213699340820312,Atlantic/Cape_Verde
SNE,Preguiça Airport,Sao Nocolau Island,Cape Verde,16.58839988708496,-24.284700393676758,Atlantic/Cape_Verde
VXE,São Pedro Airport,Sao Vicente Island,Cape Verde,16.833200454711914,-25.055299758911133,Atlantic/Cape_Verde
ADD,Addis Ababa Bole International Airport,Addis Ababa,Ethiopia,8.97789001465,38.799301147499996,Africa/Addis_Ababa
AMH,Arba Minch Airport,Arba Minch,Ethiopia,6.0393900871276855,37.59049987792969,Africa/Addis_Ababa
AXU,Axum Airport,Axum,Ethiopia,14.14680004119873,38.77280044555664,Africa/Addis_Ababa
BJR,Bahir Dar Airport,Bahar Dar,Ethiopia,11.608099937438965,37.32160186767578,Africa/Addis_Ababa
DIR,Aba Tenna Dejazmach Yilma International Airport,Dire Dawa,Ethiopia,9.624699592590332,41.85419845581055,Africa/Addis_Ababa
GMB,Gambella Airport,Gambella,Ethiopia,8.12876033782959,34.5630989074707,Africa/Addis_Ababa
GDQ,Gonder Airport,Gondar,Ethiopia,12.51990032196045,37.433998107910156,Africa/Addis_Ababa
JIM,Jimma Airport,Jimma,Ethiopia,7.66609001159668,36.81660079956055,Africa/Addis_Ababa
LLI,Lalibella Airport,Lalibella,Ethiopia,11.975000381469727,38.97999954223633,Africa/Addis_Ababa
MQX,Mekele Airport,Makale,Ethiopia,13.467399597167969,39.53350067138672,Africa/Addis_Ababa
ASO,Asosa Airport,Asosa,Ethiopia,10.018500328063965,34.586299896240234,Africa/Addis_Ababa
BJM,Bujumbura International Airport,Bujumbura,Burundi,-3.3240199089050293,29.318500518798828,Africa/Bujumbura
HGA,Egal International Airport,Hargeisa,Somalia,9.518170356750488,44.08879852294922,Africa/Mogadishu
BBO,Berbera Airport,Berbera,Somalia,10.389200210571289,44.94110107421875,Africa/Mogadishu
KMU,Kisimayu Airport,Kismayu,Somalia,-0.3773530125617981,42.45920181274414,Africa/Mogadishu
ALY,El Nouzha Airport,Alexandria,Egypt,31.183900833129883,29.94890022277832,Africa/Cairo
ABS,Abu Simbel Airport,Abu Simbel,Egypt,22.375999450699997,31.611700058,Africa/Cairo
CAI,Cairo International Airport,Cairo,Egypt,30.12190055847168,31.40559959411621,Africa/Cairo
CWE,Cairo West Airport,Cairo,Egypt,30.116399765,30.915399551399997,Africa/Cairo
HRG,Hurghada International Airport,Hurghada,Egypt,27.178300857543945,33.799400329589844,Africa/Cairo
EGH,El Gora Airport,El Gorah,Egypt,31.068559,34.129629,Africa/Cairo
LXR,Luxor International Airport,Luxor,Egypt,25.671,32.7066,Africa/Cairo
MUH,Mersa Matruh Airport,Mersa-matruh,Egypt,31.3253993988,27.221700668300002,Africa/Cairo
PSD,Port Said Airport,Port Said,Egypt,31.279399871826172,32.2400016784668,Africa/Cairo
SKV,St Catherine International Airport,St. Catherine,Egypt,28.685300827,34.0625,Africa/Cairo
ASW,Aswan International Airport,Aswan,Egypt,23.9643993378,32.8199996948,Africa/Cairo
ELT,El Tor Airport,El-tor,Egypt,28.208999633789062,33.64550018310547,Africa/Cairo
EDL,Eldoret International Airport,Eldoret,Kenya,0.4044579863548279,35.23889923095703,Africa/Nairobi
GGM,Kakamega Airport,Kakamega,Kenya,0.271342009306,34.7873001099,Africa/Nairobi
KIS,Kisumu Airport,Kisumu,Kenya,-0.0861390009522438,34.72890090942383,Africa/Nairobi
KTL,Kitale Airport,Kitale,Kenya,0.9719889760017395,34.95859909057617,Africa/Nairobi
LOK,Lodwar Airport,Lodwar,Kenya,3.1219699382781982,35.608699798583984,Africa/Nairobi
LAU,Manda Airstrip,Lamu,Kenya,-2.252419948577881,40.91310119628906,Africa/Nairobi
MBA,Mombasa Moi International Airport,Mombasa,Kenya,-4.034830093383789,39.594200134277344,Africa/Nairobi
WIL,Nairobi Wilson Airport,Nairobi,Kenya,-1.321720004081726,36.81480026245117,Africa/Nairobi
WJR,Wajir Airport,Wajir,Kenya,1.73324,40.091599,Africa/Nairobi
GHT,Ghat Airport,Ghat,Libya,25.1455993652,10.142600059500001,Africa/Tripoli
AKF,Kufra Airport,Kufra,Libya,24.178699493408203,23.31399917602539,Africa/Tripoli
BEN,Benina International Airport,Benghazi,Libya,32.096801757799994,20.2695007324,Africa/Tripoli
SEB,Sabha Airport,Sebha,Libya,26.98699951171875,14.47249984741211,Africa/Tripoli
TIP,Tripoli International Airport,Tripoli,Libya,32.6635017395,13.1590003967,Africa/Tripoli
LMQ,Marsa Brega Airport,Marsa Brega,Libya,30.37809944152832,19.576400756835938,Africa/Tripoli
HUQ,Hon Airport,Hon,Libya,29.11009979248047,15.96560001373291,Africa/Tripoli
LTD,Ghadames East Airport,Ghadames,Libya,30.15169906616211,9.715310096740723,Africa/Tripoli
GYI,Gisenyi Airport,Gisenyi,Rwanda,-1.6771999597549438,29.258899688720703,Africa/Kigali
KGL,Kigali International Airport,Kigali,Rwanda,-1.96863,30.1395,Africa/Kigali
KME,Kamembe Airport,Kamembe,Rwanda,-2.462239980697632,28.907899856567383,Africa/Kigali
DOG,Dongola Airport,Dongola,Sudan,19.153900146499996,30.430099487299998,Africa/Khartoum
RSS,Damazin Airport,Damazin,Sudan,11.7859,34.3367,Africa/Khartoum
ELF,El Fasher Airport,El Fasher,Sudan,13.614899635314941,25.324600219726562,Africa/Khartoum
KSL,Kassala Airport,Kassala,Sudan,15.387499809265137,36.328800201416016,Africa/Khartoum
KDX,Kadugli Airport,Kadugli,Sudan,11.137999534600002,29.7010993958,Africa/Khartoum
EBD,El Obeid Airport,El Obeid,Sudan,13.153200149536133,30.23270034790039,Africa/Khartoum
JUB,Juba International Airport,Juba,South Sudan,4.87201023102,31.6011009216,Africa/Juba
MAK,Malakal Airport,Malakal,Sudan,9.55897045135498,31.65220069885254,Africa/Juba
KRT,Khartoum International Airport,Khartoum,Sudan,15.589500427246094,32.553199768066406,Africa/Khartoum
ARK,Arusha Airport,Arusha,Tanzania,-3.3677899837493896,36.63330078125,Africa/Dar_es_Salaam
DAR,Julius Nyerere International Airport,Dar Es Salaam,Tanzania,-6.87811,39.202599,Africa/Dar_es_Salaam
DOD,Dodoma Airport,Dodoma,Tanzania,-6.170440196990967,35.752601623535156,Africa/Dar_es_Salaam
IRI,Iringa Airport,Iringa,Tanzania,-7.668630123138428,35.75210189819336,Africa/Dar_es_Salaam
JRO,Kilimanjaro International Airport,Kilimanjaro,Tanzania,-3.42940998077,37.0745010376,Africa/Dar_es_Salaam
LKY,Lake Manyara Airport,Lake Manyara,Tanzania,-3.376310110092163,35.81829833984375,Africa/Dar_es_Salaam
MYW,Mtwara Airport,Mtwara,Tanzania,-10.339099884033203,40.181800842285156,Africa/Dar_es_Salaam
MWZ,Mwanza Airport,Mwanza,Tanzania,-2.4444899559020996,32.932701110839844,Africa/Dar_es_Salaam
PMA,Pemba Airport,Pemba,Tanzania,-5.257259845733643,39.8114013671875,Africa/Dar_es_Salaam
TGT,Tanga Airport,Tanga,Tanzania,-5.092360019683838,39.07120132446289,Africa/Dar_es_Salaam
ZNZ,Abeid Amani Karume International Airport,Zanzibar,Tanzania,-6.22202,39.224899,Africa/Dar_es_Salaam
EBB,Entebbe International Airport,Entebbe,Uganda,0.042386,32.443501,Africa/Kampala
SRT,Soroti Airport,Soroti,Uganda,1.7276899814605713,33.622798919677734,Africa/Kampala
TIA,Tirana International Airport Mother Teresa,Tirana,Albania,41.4146995544,19.7206001282,Europe/Tirane
BOJ,Burgas Airport,Bourgas,Bulgaria,42.56959915161133,27.515199661254883,Europe/Sofia
GOZ,Gorna Oryahovitsa Airport,Gorna Orechovica,Bulgaria,43.15140151977539,25.712900161743164,Europe/Sofia
PDV,Plovdiv International Airport,Plovdiv,Bulgaria,42.067799,24.8508,Europe/Sofia
SOF,Sofia Airport,Sofia,Bulgaria,42.696693420410156,23.411436080932617,Europe/Sofia
SZR,Stara Zagora Airport,Stara Zagora,Bulgaria,42.3766667,25.655,Europe/Sofia
VAR,Varna Airport,Varna,Bulgaria,43.232101,27.8251,Europe/Sofia
LCA,Larnaca International Airport,Larnaca,Cyprus,34.875099182128906,33.624900817871094,Asia/Nicosia
PFO,Paphos International Airport,Paphos,Cyprus,34.71799850463867,32.48569869995117,Asia/Nicosia
AKT,RAF Akrotiri,Akrotiri,Cyprus,34.590401,32.9879,Europe/London
DBV,Dubrovnik Airport,Dubrovnik,Croatia,42.5614013671875,18.268199920654297,Europe/Zagreb
OSI,Osijek Airport,Osijek,Croatia,45.46269989013672,18.810199737548828,Europe/Zagreb
PUY,Pula Airport,Pula,Croatia,44.89350128173828,13.922200202941895,Europe/Zagreb
RJK,Rijeka Airport,Rijeka,Croatia,45.21689987182617,14.570300102233887,Europe/Zagreb
SPU,Split Airport,Split,Croatia,43.53889846801758,16.29800033569336,Europe/Zagreb
ZAG,Zagreb Airport,Zagreb,Croatia,45.7429008484,16.0687999725,Europe/Zagreb
ZAD,Zadar Airport,Zadar,Croatia,44.108299,15.3467,Europe/Zagreb
ABC,Albacete-Los Llanos Airport,Albacete,Spain,38.9485015869,-1.8635200262099998,Europe/Madrid
ALC,Alicante International Airport,Alicante,Spain,38.28219985961914,-0.5581560134887695,Europe/Madrid
LEI,Almería International Airport,Almeria,Spain,36.84389877319336,-2.3701000213623047,Europe/Madrid
OVD,Asturias Airport,Aviles,Spain,43.5635986328125,-6.0346198081970215,Europe/Madrid
ODB,Córdoba Airport,Cordoba,Spain,37.84199905395508,-4.848879814147949,Europe/Madrid
BIO,Bilbao Airport,Bilbao,Spain,43.30110168457031,-2.9106099605560303,Europe/Madrid
BCN,Barcelona International Airport,Barcelona,Spain,41.2971,2.07846,Europe/Madrid
BJZ,Badajoz Airport,Badajoz,Spain,38.891300201416016,-6.8213300704956055,Europe/Madrid
LCG,A Coruña Airport,La Coruna,Spain,43.302101,-8.37726,Europe/Madrid
GRO,Girona Airport,Gerona,Spain,41.901000977,2.7605500221,Europe/Madrid
GRX,Federico Garcia Lorca Airport,Granada,Spain,37.18870162963867,-3.777359962463379,Europe/Madrid
IBZ,Ibiza Airport,Ibiza,Spain,38.872898101800004,1.3731199502899998,Europe/Madrid
XRY,Jerez Airport,Jerez,Spain,36.744598388671875,-6.060110092163086,Europe/Madrid
MJV,San Javier Airport,Murcia,Spain,37.775001525878906,-0.8123890161514282,Europe/Madrid
MAD,Adolfo Suárez Madrid–Barajas Airport,Madrid,Spain,40.471926,-3.56264,Europe/Madrid
AGP,Málaga Airport,Malaga,Spain,36.67490005493164,-4.499110221862793,Europe/Madrid
MAH,Menorca Airport,Menorca,Spain,39.86259841918945,4.218649864196777,Europe/Madrid
OZP,Moron Air Base,Sevilla,Spain,37.17490005493164,-5.615940093994141,Europe/Madrid
PNA,Pamplona Airport,Pamplona,Spain,42.77000045776367,-1.6463299989700317,Europe/Madrid
REU,Reus Air Base,Reus,Spain,41.14739990234375,1.1671700477600098,Europe/Madrid
ROZ,Rota Naval Station Airport,Rota,Spain,36.645198822,-6.34946012497,Europe/Madrid
SLM,Salamanca Airport,Salamanca,Spain,40.95209884643555,-5.501989841461182,Europe/Madrid
EAS,San Sebastian Airport,San Sebastian,Spain,43.35649871826172,-1.7906099557876587,Europe/Madrid
SCQ,Santiago de Compostela Airport,Santiago,Spain,42.89630126953125,-8.415140151977539,Europe/Madrid
LEU,Pirineus - la Seu d'Urgel Airport,Seo De Urgel,Spain,42.3386,1.40917,Europe/Madrid
TOJ,Torrejón Airport,Madrid,Spain,40.496700286865234,-3.4458699226379395,Europe/Madrid
VLC,Valencia Airport,Valencia,Spain,39.4893,-0.481625,Europe/Madrid
VLL,Valladolid Airport,Valladolid,Spain,41.7061004639,-4.85194015503,Europe/Madrid
VIT,Vitoria/Foronda Airport,Vitoria,Spain,42.8828010559082,-2.7244699001312256,Europe/Madrid
VGO,Vigo Airport,Vigo,Spain,42.2318000793457,-8.62677001953125,Europe/Madrid
SDR,Santander Airport,Santander,Spain,43.427101135253906,-3.82000994682312,Europe/Madrid
ZAZ,Zaragoza Air Base,Zaragoza,Spain,41.66619873046875,-1.0415500402450562,Europe/Madrid
SVQ,Sevilla Airport,Sevilla,Spain,37.417999267578125,-5.8931097984313965,Europe/Madrid
CQF,Calais-Dunkerque Airport,Calais,France,50.962100982666016,1.954759955406189,Europe/Paris
BYF,Albert-Bray Airport,Albert,France,49.9715003967,2.69765996933,Europe/Paris
LTQ,Le Touquet-Côte d'Opale Airport,Le Tourquet,France,50.517398834228516,1.6205899715423584,Europe/Paris
XVS,Valenciennes-Denain Airport,Valenciennes,France,50.325801849365234,3.4612600803375244,Europe/Paris
AGF,Agen-La Garenne Airport,Agen,France,44.17470169067383,0.5905560255050659,Europe/Paris
BOD,Bordeaux-Mérignac Airport,Bordeaux,France,44.828300476100004,-0.715556025505,Europe/Paris
EGC,Bergerac-Roumanière Airport,Bergerac,France,44.82529830932617,0.5186110138893127,Europe/Paris
CNG,Cognac-Châteaubernard (BA 709) Air Base,Cognac,France,45.65829849243164,-0.3174999952316284,Europe/Paris
PIS,Poitiers-Biard Airport,Poitiers,France,46.58769989013672,0.30666598677635193,Europe/Paris
MCU,Montluçon-Guéret Airport,Montlucon-gueret,France,46.222599029541016,2.363960027694702,Europe/Paris
LIG,Limoges Airport,Limoges,France,45.86280059814453,1.1794400215148926,Europe/Paris
NIT,Niort-Souché Airport,Niort,France,46.313477,-0.394529,Europe/Paris
TLS,Toulouse-Blagnac Airport,Toulouse,France,43.629101,1.36382,Europe/Paris
PUF,Pau Pyrénées Airport,Pau,France,43.380001068115234,-0.41861099004745483,Europe/Paris
LDE,Tarbes-Lourdes-Pyrénées Airport,Tarbes,France,43.1786994934082,-0.006438999902456999,Europe/Paris
ANG,Angoulême-Brie-Champniers Airport,Angouleme,France,45.72919845581055,0.22145600616931915,Europe/Paris
BVE,Brive Souillac Airport,Brive,France,45.039722,1.485556,Europe/Paris
PGX,Périgueux-Bassillac Airport,Perigueux,France,45.19810104370117,0.815555989742279,Europe/Paris
BIQ,Biarritz-Anglet-Bayonne Airport,Biarritz-bayonne,France,43.4683333,-1.5311111,Europe/Paris
ZAO,Cahors-Lalbenque Airport,Cahors,France,44.35139846801758,1.4752800464630127,Europe/Paris
LBI,Albi-Le Séquestre Airport,Albi,France,43.91389846801758,2.1130599975585938,Europe/Paris
DCM,Castres-Mazamet Airport,Castres,France,43.55630111694336,2.289180040359497,Europe/Paris
RDZ,Rodez-Marcillac Airport,Rodez,France,44.407901763916016,2.4826700687408447,Europe/Paris
RYN,Royan-Médis Airport,Royan,France,45.62810134887695,-0.9725000262260437,Europe/Paris
XMW,Montauban Airport,Montauban,France,44.025699615478516,1.3780399560928345,Europe/Paris
RCO,Rochefort-Saint-Agnant (BA 721) Airport,Rochefort,France,45.88779830932617,-0.9830560088157654,Europe/Paris
CMR,Colmar-Houssen Airport,Colmar,France,48.109901428222656,7.359010219573975,Europe/Paris
DLE,Dole-Tavaux Airport,Dole,France,47.042686,5.435063,Europe/Paris
OBS,Aubenas-Ardèche Méridional Airport,Aubenas-vals-lanas,France,44.544203,4.372192,Europe/Paris
LPY,Le Puy-Loudes Airport,Le Puy,France,45.0806999206543,3.762890100479126,Europe/Paris
ETZ,Metz-Nancy-Lorraine Airport,Metz,France,48.9821014404,6.25131988525,Europe/Paris
BIA,Bastia-Poretta Airport,Bastia,France,42.55270004272461,9.48373031616211,Europe/Paris
CLY,Calvi-Sainte-Catherine Airport,Calvi,France,42.5244444,8.7930556,Europe/Paris
FSC,Figari Sud-Corse Airport,Figari,France,41.5005989074707,9.097780227661133,Europe/Paris
AJA,Ajaccio-Napoléon Bonaparte Airport,Ajaccio,France,41.92359924316406,8.8029203414917,Europe/Paris
PRP,Propriano Airport,Propriano,France,41.66059875488281,8.889749526977539,Europe/Paris
SOZ,Solenzara (BA 126) Air Base,Solenzara,France,41.924400329589844,9.406000137329102,Europe/Paris
AUF,Auxerre-Branches Airport,Auxerre,France,47.85020065307617,3.497109889984131,Europe/Paris
CMF,Chambéry-Savoie Airport,Chambery,France,45.638099670410156,5.880229949951172,Europe/Paris
CFE,Clermont-Ferrand Auvergne Airport,Clermont-Ferrand,France,45.7867012024,3.1691699028,Europe/Paris
BOU,Bourges Airport,Bourges,France,47.058101654052734,2.3702800273895264,Europe/Paris
QNJ,Annemasse Airport,Annemasse,France,46.1920013428,6.268390178680001,Europe/Paris
LYS,Lyon Saint-Exupéry Airport,Lyon,France,45.725556,5.081111,Europe/Paris
SYT,Saint-Yan Airport,St.-yan,France,46.412498474121094,4.0132598876953125,Europe/Paris
RNE,Roanne-Renaison Airport,Roanne,France,46.05830001831055,4.001389980316162,Europe/Paris
NCY,Annecy-Haute-Savoie-Mont Blanc Airport,Annecy,France,45.9308333,6.1063889,Europe/Paris
GNB,Grenoble-Isère Airport,Grenoble,France,45.36289978027344,5.329370021820068,Europe/Paris
VAF,Valence-Chabeuil Airport,Valence,France,44.9216,4.9699,Europe/Paris
VHY,Vichy-Charmeil Airport,Vichy,France,46.169700622558594,3.4037399291992188,Europe/Paris
AUR,Aurillac Airport,Aurillac,France,44.89139938354492,2.4219400882720947,Europe/Paris
CHR,"Châteauroux-Déols ""Marcel Dassault"" Airport",Chateauroux,France,46.860278,1.721111,Europe/Paris
LYN,Lyon-Bron Airport,Lyon,France,45.72719955444336,4.944270133972168,Europe/Paris
CEQ,Cannes-Mandelieu Airport,Cannes,France,43.542,6.95348,Europe/Paris
EBU,Saint-Étienne-Bouthéon Airport,St-Etienne,France,45.54059982299805,4.296390056610107,Europe/Paris
CCF,Carcassonne Airport,Carcassonne,France,43.215999603271484,2.3063199520111084,Europe/Paris
MRS,Marseille Provence Airport,Marseille,France,43.439271922,5.22142410278,Europe/Paris
NCE,Nice-Côte d'Azur Airport,Nice,France,43.6584014893,7.215869903560001,Europe/Paris
XOG,Orange-Caritat (BA 115) Air Base,Orange,France,44.140499114990234,4.866720199584961,Europe/Paris
PGF,Perpignan-Rivesaltes (Llabanère) Airport,Perpignan,France,42.74039840698242,2.8706700801849365,Europe/Paris
CTT,Le Castellet Airport,Le Castellet,France,43.252498626708984,5.785190105438232,Europe/Paris
MPL,Montpellier-Méditerranée Airport,Montpellier,France,43.57619857788086,3.96301007270813,Europe/Paris
BZR,Béziers-Vias Airport,Beziers,France,43.32350158691406,3.3538999557495117,Europe/Paris
AVN,Avignon-Caumont Airport,Avignon,France,43.90729904174805,4.901830196380615,Europe/Paris
MEN,Mende-Brenoux Airfield,Mende,France,44.502102,3.53282,Europe/Paris
BVA,Paris Beauvais Tillé Airport,Beauvais,France,49.45439910888672,2.1127800941467285,Europe/Paris
EVX,Évreux-Fauville (BA 105) Air Base,Evreux,France,49.02870178222656,1.2198599576950073,Europe/Paris
LEH,Le Havre Octeville Airport,Le Havre,France,49.53390121459961,0.08805599808692932,Europe/Paris
XAB,Abbeville,Abbeville,France,50.143501,1.831891,Europe/Paris
ORE,Orléans-Bricy (BA 123) Air Base,Orleans,France,47.9878005981,1.7605600357100002,Europe/Paris
XCR,Châlons-Vatry Airport,Chalons,France,48.7733333333,4.206111111,Europe/Paris
URO,Rouen Airport,Rouen,France,49.38420104980469,1.1748000383377075,Europe/Paris
TUF,Tours-Val-de-Loire Airport,Tours,France,47.4322013855,0.727605998516,Europe/Paris
CET,Cholet Le Pontreau Airport,Cholet,France,47.08209991455078,-0.8770639896392822,Europe/Paris
LVA,Laval-Entrammes Airport,Laval,France,48.03139877319336,-0.7429860234260559,Europe/Paris
LBG,Paris-Le Bourget Airport,Paris,France,48.969398498535156,2.441390037536621,Europe/Paris
CSF,Creil Air Base,Creil,France,49.253501892089844,2.5191400051116943,Europe/Paris
CDG,Charles de Gaulle International Airport,Paris,France,49.012798,2.55,Europe/Paris
TNF,Toussus-le-Noble Airport,Toussous-le-noble,France,48.75189971923828,2.1061899662017822,Europe/Paris
ORY,Paris-Orly Airport,Paris,France,48.7233333,2.3794444,Europe/Paris
POX,Pontoise - Cormeilles-en-Vexin Airport,Pontoise,France,49.096667,2.040833,Europe/Paris
VIY,Villacoublay-Vélizy (BA 107) Air Base,Villacoublay,France,48.7741667,2.1916667,Europe/Paris
NVS,Nevers-Fourchambault Airport,Nevers,France,47.002601623535156,3.1133298873901367,Europe/Paris
XME,Maubeuge-Élesmes Airport,Maubeuge,France,50.31050109863281,4.033120155334473,Europe/Paris
LIL,Lille-Lesquin Airport,Lille,France,50.563332,3.086886,Europe/Paris
HZB,Merville-Calonne Airport,Merville,France,50.61840057373047,2.642240047454834,Europe/Paris
XCZ,Charleville-Mézières Airport,Charleville,France,49.78390121459961,4.647079944610596,Europe/Paris
BES,Brest Bretagne Airport,Brest,France,48.447898864746094,-4.418540000915527,Europe/Paris
CER,Cherbourg-Maupertus Airport,Cherbourg,France,49.65010070800781,-1.4702800512313843,Europe/Paris
DNR,Dinard-Pleurtuit-Saint-Malo Airport,Dinard,France,48.58769989013672,-2.0799601078033447,Europe/Paris
LBY,La Baule-Escoublac Airport,La Baule,France,47.289398193359375,-2.3463900089263916,Europe/Paris
GFR,Granville Airport,Granville,France,48.88309860229492,-1.564170002937317,Europe/Paris
DOL,Deauville-Saint-Gatien Airport,Deauville,France,49.3652992249,0.154305994511,Europe/Paris
LRT,Lorient South Brittany (Bretagne Sud) Airport,Lorient,France,47.76060104370117,-3.440000057220459,Europe/Paris
EDM,La Roche-sur-Yon Airport,La Roche-sur-yon,France,46.701900482177734,-1.3786300420761108,Europe/Paris
LDV,Landivisiau Air Base,Landivisiau,France,48.53030014038086,-4.151639938354492,Europe/Paris
CFR,Caen-Carpiquet Airport,Caen,France,49.173301696777344,-0.44999998807907104,Europe/Paris
LME,Le Mans-Arnage Airport,Le Mans,France,47.94860076904297,0.20166699588298798,Europe/Paris
RNS,Rennes-Saint-Jacques Airport,Rennes,France,48.069499969499994,-1.73478996754,Europe/Paris
LAI,Lannion-Côte de Granit Airport,Lannion,France,48.754398,-3.47166,Europe/Paris
UIP,Quimper-Cornouaille Airport,Quimper,France,47.974998474121094,-4.167789936065674,Europe/Paris
NTE,Nantes Atlantique Airport,Nantes,France,47.153198242200006,-1.61073005199,Europe/Paris
SBK,Saint-Brieuc-Armor Airport,St.-brieuc Armor,France,48.5378,-2.85444,Europe/Paris
MXN,Morlaix-Ploujean Airport,Morlaix,France,48.6031990051,-3.81577992439,Europe/Paris
VNE,Vannes-Meucon Airport,Vannes,France,47.72330093383789,-2.718559980392456,Europe/Paris
SNR,Saint-Nazaire-Montoir Airport,St.-nazaire,France,47.3105556,-2.1566667,Europe/Paris
BSL,EuroAirport Basel-Mulhouse-Freiburg Airport,Mulhouse,France,47.59,7.5291667,Europe/Paris
DIJ,Dijon-Bourgogne Airport,Dijon,France,47.268902,5.09,Europe/Paris
MZM,Metz-Frescaty (BA 128) Air Base,Metz,France,49.07170104980469,6.131669998168945,Europe/Paris
EPL,Épinal-Mirecourt Airport,Epinal,France,48.325001,6.06998,Europe/Paris
ENC,Nancy-Essey Airport,Nancy,France,48.692100524902344,6.230460166931152,Europe/Paris
RHE,Reims-Champagne (BA 112) Air Base,Reims,France,49.310001,4.05,Europe/Paris
SXB,Strasbourg Airport,Strasbourg,France,48.538299560546875,7.628230094909668,Europe/Paris
TLN,Toulon-Hyères Airport,Hyeres,France,43.0973014832,6.14602994919,Europe/Paris
FNI,Nîmes-Arles-Camargue Airport,Nimes,France,43.75740051269531,4.4163498878479,Europe/Paris
MQC,Miquelon Airport,Miquelon,Saint Pierre and Miquelon,47.095500946,-56.3802986145,America/Miquelon
FSP,St Pierre Airport,St.-pierre,Saint Pierre and Miquelon,46.762901306152344,-56.173099517822266,America/Miquelon
PYR,Andravida Air Base,Andravida,Greece,37.9207,21.292601,Europe/Athens
AGQ,Agrinion Air Base,Agrinion,Greece,38.602001,21.3512001,Europe/Athens
AXD,Dimokritos Airport,Alexandroupolis,Greece,40.855899810791016,25.956300735473633,Europe/Athens
VOL,Nea Anchialos Airport,Nea Anghialos,Greece,39.219600677490234,22.794300079345703,Europe/Athens
JKH,Chios Island National Airport,Chios,Greece,38.34320068359375,26.140600204467773,Europe/Athens
IOA,Ioannina Airport,Ioannina,Greece,39.6963996887207,20.822500228881836,Europe/Athens
HER,Heraklion International Nikos Kazantzakis Airport,Heraklion,Greece,35.3396987915,25.180299758900002,Europe/Athens
KSO,Kastoria National Airport,Kastoria,Greece,40.4463005066,21.2821998596,Europe/Athens
KIT,Kithira Airport,Kithira,Greece,36.2742996216,23.0170001984,Europe/Athens
EFL,Kefallinia Airport,Keffallinia,Greece,38.12009811401367,20.500499725341797,Europe/Athens
KLX,Kalamata Airport,Kalamata,Greece,37.06829833984375,22.02549934387207,Europe/Athens
KGS,Kos Airport,Kos,Greece,36.79330062866211,27.091699600219727,Europe/Athens
AOK,Karpathos Airport,Karpathos,Greece,35.4213981628418,27.145999908447266,Europe/Athens
CFU,Ioannis Kapodistrias International Airport,Kerkyra/corfu,Greece,39.601898193359375,19.911699295043945,Europe/Athens
KSJ,Kasos Airport,Kasos,Greece,35.4213981628,26.909999847399998,Europe/Athens
KVA,Alexander the Great International Airport,Kavala,Greece,40.913299560546875,24.619199752807617,Europe/Athens
KZI,Filippos Airport,Kozani,Greece,40.28609848022461,21.84079933166504,Europe/Athens
LRS,Leros Airport,Leros,Greece,37.184898,26.800301,Europe/Athens
LXS,Limnos Airport,Limnos,Greece,39.917098999,25.236299514799995,Europe/Athens
LRA,Larisa Airport,Larissa,Greece,39.650253,22.4655,Europe/Athens
JMK,Mikonos Airport,Mykonos,Greece,37.43510055541992,25.348100662231445,Europe/Athens
MJT,Mytilene International Airport,Mytilini,Greece,39.0567016602,26.5983009338,Europe/Athens
PVK,Aktion National Airport,Preveza,Greece,38.925498962402344,20.765300750732422,Europe/Athens
RHO,Diagoras Airport,Rhodos,Greece,36.405399322509766,28.086200714111328,Europe/Athens
GPA,Araxos Airport,Patras,Greece,38.1511,21.4256,Europe/Athens
CHQ,Chania International Airport,Chania,Greece,35.531700134277344,24.149700164794922,Europe/Athens
JSI,Skiathos Island National Airport,Skiathos,Greece,39.177101135253906,23.503700256347656,Europe/Athens
SMI,Samos Airport,Samos,Greece,37.689998626708984,26.911699295043945,Europe/Athens
SPJ,Sparti Airport,Sparti,Greece,36.973899841308594,22.52630043029785,Europe/Athens
JTR,Santorini Airport,Thira,Greece,36.399200439453125,25.479299545288086,Europe/Athens
JSH,Sitia Airport,Sitia,Greece,35.21609878540039,26.101299285888672,Europe/Athens
SKU,Skiros Airport,Skiros,Greece,38.9676017761,24.4871997833,Europe/Athens
SKG,Thessaloniki Macedonia International Airport,Thessaloniki,Greece,40.51969909667969,22.97089958190918,Europe/Athens
ZTH,"Zakynthos International Airport ""Dionysios Solomos""",Zakynthos,Greece,37.7509,20.8843,Europe/Athens
BUD,Budapest Liszt Ferenc International Airport,Budapest,Hungary,47.42976,19.261093,Europe/Budapest
DEB,Debrecen International Airport,Debrecen,Hungary,47.48889923095703,21.615299224853516,Europe/Budapest
CRV,Crotone Airport,Crotone,Italy,38.9972,17.0802,Europe/Rome
BRI,Bari Karol Wojtyła Airport,Bari,Italy,41.138901,16.760599,Europe/Rome
FOG,"Foggia ""Gino Lisa"" Airport",Foggia,Italy,41.432899,15.535,Europe/Rome
TAR,"Taranto-Grottaglie ""Marcello Arlotta"" Airport",Grottaglie,Italy,40.517502,17.4032,Europe/Rome
LCC,Lecce Galatina Air Base,Lecce,Italy,40.239201,18.133301,Europe/Rome
PSR,Pescara International Airport,Pescara,Italy,42.431702,14.1811,Europe/Rome
BDS,Brindisi – Salento Airport,Brindisi,Italy,40.6576,17.947001,Europe/Rome
SUF,Lamezia Terme Airport,Lamezia,Italy,38.905399,16.2423,Europe/Rome
CTA,Catania-Fontanarossa Airport,Catania,Italy,37.466801,15.0664,Europe/Rome
LMP,Lampedusa Airport,Lampedusa,Italy,35.497898,12.6181,Europe/Rome
PNL,Pantelleria Airport,Pantelleria,Italy,36.816502,11.9689,Europe/Rome
PMO,Falcone–Borsellino Airport,Palermo,Italy,38.175999,13.091,Europe/Rome
REG,Reggio Calabria Airport,Reggio Calabria,Italy,38.071201,15.6516,Europe/Rome
TPS,Vincenzo Florio Airport Trapani-Birgi,Trapani,Italy,37.9114,12.488,Europe/Rome
NSY,Sigonella Navy Air Base,Sigonella,Italy,37.401699,14.9224,Europe/Rome
AHO,Alghero-Fertilia Airport,Alghero,Italy,40.632099,8.29077,Europe/Rome
DCI,Decimomannu Air Base,Decimomannu,Italy,39.354198,8.97248,Europe/Rome
CAG,Cagliari Elmas Airport,Cagliari,Italy,39.251499,9.05428,Europe/Rome
OLB,Olbia Costa Smeralda Airport,Olbia,Italy,40.898701,9.51763,Europe/Rome
TTB,Tortolì Airport,Tortoli,Italy,39.9188,9.68298,Europe/Rome
MXP,Malpensa International Airport,Milano,Italy,45.6306,8.72811,Europe/Rome
BGY,Il Caravaggio International Airport,Bergamo,Italy,45.673901,9.70417,Europe/Rome
TRN,Turin Airport,Torino,Italy,45.200802,7.64963,Europe/Rome
ALL,Villanova D'Albenga International Airport,Albenga,Italy,44.050598,8.12743,Europe/Rome
GOA,Genoa Cristoforo Colombo Airport,Genoa,Italy,44.4133,8.8375,Europe/Rome
LIN,Milano Linate Airport,Milan,Italy,45.445099,9.27674,Europe/Rome
PMF,Parma Airport,Parma,Italy,44.824501,10.2964,Europe/Rome
CUF,Cuneo International Airport,Cuneo,Italy,44.547001,7.62322,Europe/Rome
AVB,Aviano Air Base,Aviano,Italy,46.031898,12.596503,Europe/Rome
BZO,Bolzano Airport,Bolzano,Italy,46.460201,11.3264,Europe/Rome
BLQ,Bologna Guglielmo Marconi Airport,Bologna,Italy,44.5354,11.2887,Europe/Rome
TSF,Treviso-Sant'Angelo Airport,Treviso,Italy,45.648399,12.1944,Europe/Rome
FRL,Forlì Airport,Forli,Italy,44.194801,12.0701,Europe/Rome
VBS,Brescia Airport,Brescia,Italy,45.428902,10.3306,Europe/Rome
TRS,Trieste–Friuli Venezia Giulia Airport,Ronchi De Legionari,Italy,45.827499,13.4722,Europe/Rome
RMI,Federico Fellini International Airport,Rimini,Italy,44.020302,12.6117,Europe/Rome
VIC,Vicenza Airport,Vicenza,Italy,45.573399,11.5295,Europe/Rome
QPA,Padova Airport,Padova,Italy,45.395802,11.8479,Europe/Rome
VRN,Verona Villafranca Airport,Villafranca,Italy,45.395699,10.8885,Europe/Rome
VCE,Venice Marco Polo Airport,Venice,Italy,45.505299,12.3519,Europe/Rome
SAY,Siena-Ampugnano Airport,Siena,Italy,43.256302,11.255,Europe/Rome
CIA,Ciampino–G. B. Pastine International Airport,Rome,Italy,41.7994,12.5949,Europe/Rome
FCO,Leonardo da Vinci–Fiumicino Airport,Rome,Italy,41.8002778,12.2388889,Europe/Rome
EBA,Marina Di Campo Airport,Marina Di Campo,Italy,42.7603,10.2394,Europe/Rome
QLT,Latina Air Base,Latina,Italy,41.5424,12.909,Europe/Rome
NAP,Naples International Airport,Naples,Italy,40.886002,14.2908,Europe/Rome
PSA,Pisa International Airport,Pisa,Italy,43.683899,10.3927,Europe/Rome
FLR,Peretola Airport,Florence,Italy,43.810001,11.2051,Europe/Rome
GRS,Grosseto Air Base,Grosseto,Italy,42.759701,11.0719,Europe/Rome
PEG,Perugia San Francesco d'Assisi – Umbria International Airport,Perugia,Italy,43.095901,12.5132,Europe/Rome
LJU,Ljubljana Jože Pučnik Airport,Ljubljana,Slovenia,46.223701,14.4576,Europe/Ljubljana
MBX,Maribor Airport,Maribor,Slovenia,46.47990036010742,15.686100006103516,Europe/Ljubljana
POW,Portoroz Airport,Portoroz,Slovenia,45.4734001159668,13.614999771118164,Europe/Ljubljana
UHE,Kunovice Airport,Kunovice,Czech Republic,49.02939987182617,17.439699172973633,Europe/Prague
KLV,Karlovy Vary International Airport,Karlovy Vary,Czech Republic,50.202999114990234,12.914999961853027,Europe/Prague
OSR,Ostrava Leos Janáček Airport,Ostrava,Czech Republic,49.6963005065918,18.111099243164062,Europe/Prague
PED,Pardubice Airport,Pardubice,Czech Republic,50.01340103149414,15.73859977722168,Europe/Prague
PRV,Přerov Air Base,Prerov,Czech Republic,49.42580032348633,17.404699325561523,Europe/Prague
PRG,Václav Havel Airport Prague,Prague,Czech Republic,50.1008,14.26,Europe/Prague
BRQ,Brno-Tuřany Airport,Brno,Czech Republic,49.15129852294922,16.694400787353516,Europe/Prague
VOD,Vodochody Airport,Vodochody,Czech Republic,50.216599,14.3958,Europe/Prague
TLV,Ben Gurion International Airport,Tel-aviv,Israel,32.01139831542969,34.88669967651367,Asia/Jerusalem
BEV,Beersheba (Teyman) Airport,Beer-sheba,Israel,31.287000656128,34.722999572754,Asia/Jerusalem
ETH,Eilat Airport,Elat,Israel,29.56130027770996,34.96009826660156,Asia/Jerusalem
EIY,Ein Yahav Airfield,Eyn-yahav,Israel,30.621700286865234,35.20330047607422,Asia/Jerusalem
HFA,Haifa International Airport,Haifa,Israel,32.80939865112305,35.04309844970703,Asia/Jerusalem
RPN,Ben Ya'akov Airport,Rosh Pina,Israel,32.98099899291992,35.5718994140625,Asia/Jerusalem
MTZ,Bar Yehuda Airfield,Metzada,Israel,31.32819938659668,35.38859939575195,Asia/Jerusalem
VTM,Nevatim Air Base,Nevatim,Israel,31.208299636799996,35.012298584,Asia/Jerusalem
VDA,Ovda International Airport,Ovda,Israel,29.94029998779297,34.93579864501953,Asia/Jerusalem
MIP,Ramon Air Base,Ramon,Israel,30.776100158691406,34.66669845581055,Asia/Jerusalem
SDV,Sde Dov Airport,Tel-aviv,Israel,32.11470031738281,34.78219985961914,Asia/Jerusalem
MLA,Malta International Airport,Malta,Malta,35.857498,14.4775,Europe/Malta
GRZ,Graz Airport,Graz,Austria,46.9911003112793,15.439599990844727,Europe/Vienna
INN,Innsbruck Airport,Innsbruck,Austria,47.260201,11.344,Europe/Vienna
LNZ,Linz Hörsching Airport,Linz,Austria,48.2332,14.1875,Europe/Vienna
SZG,Salzburg Airport,Salzburg,Austria,47.793300628699996,13.0043001175,Europe/Vienna
VIE,Vienna International Airport,Vienna,Austria,48.110298156738,16.569700241089,Europe/Vienna
AVR,Alverca Air Base,Alverca,Portugal,38.883301,-9.0301,Europe/Lisbon
SMA,Santa Maria Airport,Santa Maria (island),Portugal,36.97140121459961,-25.17060089111328,Atlantic/Azores
BGC,Bragança Airport,Braganca,Portugal,41.8578,-6.70713,Europe/Lisbon
BYJ,Beja Airport / Airbase,Beja (madeira),Portugal,38.078899,-7.9324,Europe/Lisbon
BGZ,Braga Municipal Aerodrome,Braga,Portugal,41.5871009827,-8.445139884949999,Europe/Lisbon
CAT,Cascais Airport,Cascais,Portugal,38.724998,-9.35523,Europe/Lisbon
FLW,Flores Airport,Flores,Portugal,39.455299377441406,-31.131399154663086,Atlantic/Azores
FAO,Faro Airport,Faro,Portugal,37.0144004822,-7.96590995789,Europe/Lisbon
GRW,Graciosa Airport,Graciosa Island,Portugal,39.092201232910156,-28.029800415039062,Atlantic/Azores
HOR,Horta Airport,Horta,Portugal,38.519901275634766,-28.715900421142578,Atlantic/Azores
TER,Lajes Airport,Lajes (terceira Island),Portugal,38.761799,-27.090799,Atlantic/Azores
QLR,Monte Real Air Base,Monte Real,Portugal,39.828335,-8.8875,Europe/Lisbon
PDL,João Paulo II Airport,Ponta Delgada,Portugal,37.7411994934,-25.6979007721,Atlantic/Azores
PIX,Pico Airport,Pico,Portugal,38.554298,-28.441299,Atlantic/Azores
PRM,Portimão Airport,Portimao,Portugal,37.1493,-8.58396,Europe/Lisbon
OPO,Francisco de Sá Carneiro Airport,Porto,Portugal,41.2481002808,-8.68138980865,Europe/Lisbon
PXO,Porto Santo Airport,Porto Santo,Portugal,33.0733985901,-16.3500003815,Europe/Lisbon
LIS,Humberto Delgado Airport (Lisbon Portela Airport),Lisbon,Portugal,38.7813,-9.13592,Europe/Lisbon
SJZ,São Jorge Airport,Sao Jorge Island,Portugal,38.66550064086914,-28.175800323486328,Atlantic/Azores
VRL,Vila Real Airport,Vila Real,Portugal,41.2743,-7.72047,Europe/Lisbon
VSE,Aerodromo Goncalves Lobato (Viseu Airport),Viseu,Portugal,40.725498,-7.88899,Europe/Lisbon
OMO,Mostar International Airport,Mostar,Bosnia and Herzegovina,43.282901763916016,17.84589958190918,Europe/Sarajevo
SJJ,Sarajevo International Airport,Sarajevo,Bosnia and Herzegovina,43.82460021972656,18.331499099731445,Europe/Sarajevo
ARW,Arad International Airport,Arad,Romania,46.17660140991211,21.261999130249023,Europe/Bucharest
BCM,Bacău Airport,Bacau,Romania,46.52190017700195,26.91029930114746,Europe/Bucharest
BAY,Tautii Magheraus Airport,Baia Mare,Romania,47.65840148925781,23.469999313354492,Europe/Bucharest
BBU,Băneasa International Airport,Bucharest,Romania,44.50320053100586,26.102100372314453,Europe/Bucharest
CND,Mihail Kogălniceanu International Airport,Constanta,Romania,44.36220169067383,28.488300323486328,Europe/Bucharest
CLJ,Cluj-Napoca International Airport,Cluj-napoca,Romania,46.78519821166992,23.686199188232422,Europe/Bucharest
CSB,Caransebeş Airport,Caransebes,Romania,45.41999816894531,22.253299713134766,Europe/Bucharest
CRA,Craiova Airport,Craiova,Romania,44.31809997558594,23.888599395751953,Europe/Bucharest
IAS,Iaşi Airport,Iasi,Romania,47.17850112915039,27.6205997467041,Europe/Bucharest
OMR,Oradea International Airport,Oradea,Romania,47.025299072265625,21.90250015258789,Europe/Bucharest
OTP,Henri Coandă International Airport,Bucharest,Romania,44.5711111,26.085,Europe/Bucharest
SBZ,Sibiu International Airport,Sibiu,Romania,45.78559875488281,24.091299057006836,Europe/Bucharest
SUJ,Satu Mare Airport,Satu Mare,Romania,47.70330047607422,22.885700225830078,Europe/Bucharest
SCV,Suceava Stefan cel Mare Airport,Suceava,Romania,47.6875,26.35409927368164,Europe/Bucharest
TCE,Tulcea Airport,Tulcea,Romania,45.0625,28.71430015563965,Europe/Bucharest
TGM,Transilvania Târgu Mureş International Airport,Tirgu Mures,Romania,46.46770095825195,24.412500381469727,Europe/Bucharest
TSR,Timişoara Traian Vuia Airport,Timisoara,Romania,45.809898376464844,21.337900161743164,Europe/Bucharest
GVA,Geneva Cointrin International Airport,Geneva,Switzerland,46.23809814453125,6.108950138092041,Europe/Paris
SIR,Sion Airport,Sion,Switzerland,46.219600677500004,7.326759815220001,Europe/Zurich
EML,Emmen Air Base,Emmen,Switzerland,47.092444,8.305184,Europe/Zurich
LUG,Lugano Airport,Lugano,Switzerland,46.00429916379999,8.9105796814,Europe/Zurich
BRN,Bern Belp Airport,Bern,Switzerland,46.914100647,7.497149944309999,Europe/Zurich
ZHI,Grenchen Airport,Grenchen,Switzerland,47.181599,7.41719,Europe/Zurich
ZRH,Zürich Airport,Zurich,Switzerland,47.464699,8.54917,Europe/Zurich
ACH,St Gallen Altenrhein Airport,Altenrhein,Switzerland,47.4850006104,9.560770034789998,Europe/Zurich
SMV,Samedan Airport,Samedan,Switzerland,46.53409957885742,9.884110450744629,Europe/Zurich
ESB,Esenboğa International Airport,Ankara,Turkey,40.128101348899996,32.995098114,Europe/Istanbul
ANK,Etimesgut Air Base,Ankara,Turkey,39.949798584,32.6885986328,Europe/Istanbul
ADA,Adana Airport,Adana,Turkey,36.9822006226,35.280399322499996,Europe/Istanbul
UAB,İncirlik Air Base,Adana,Turkey,37.002101898199996,35.4258995056,Europe/Istanbul
AFY,Afyon Airport,Afyon,Turkey,38.726398468,30.6011009216,Europe/Istanbul
AYT,Antalya International Airport,Antalya,Turkey,36.898701,30.800501,Europe/Istanbul
GZT,Gaziantep International Airport,Gaziantep,Turkey,36.9472007751,37.4786987305,Europe/Istanbul
KYA,Konya Airport,Konya,Turkey,37.979,32.561901,Europe/Istanbul
MZH,Amasya Merzifon Airport,Merzifon,Turkey,40.829399,35.521999,Europe/Istanbul
VAS,Sivas Nuri Demirağ Airport,Sivas,Turkey,39.813801,36.9035,Europe/Istanbul
MLX,Malatya Erhaç Airport,Malatya,Turkey,38.435298919699996,38.0909996033,Europe/Istanbul
ASR,Kayseri Erkilet Airport,Kayseri,Turkey,38.770401001,35.4953994751,Europe/Istanbul
TJK,Tokat Airport,Tokat,Turkey,40.307430267333984,36.367408752441406,Europe/Istanbul
DNZ,Çardak Airport,Denizli,Turkey,37.7855987549,29.7012996674,Europe/Istanbul
ISL,Atatürk International Airport,Istanbul,Turkey,40.976898,28.8146,Europe/Istanbul
BZI,Balıkesir Merkez Airport,Balikesir,Turkey,39.619300842285156,27.926000595092773,Europe/Istanbul
BDM,Bandırma Airport,Bandirma,Turkey,40.31800079345703,27.977699279785156,Europe/Istanbul
ESK,Eskişehir Air Base,Eskisehir,Turkey,39.7840995789,30.582099914599997,Europe/Istanbul
ADB,Adnan Menderes International Airport,Izmir,Turkey,38.2924003601,27.156999588,Europe/Istanbul
IGL,Çiğli Airport,Izmir,Turkey,38.513000488299994,27.010099411,Europe/Istanbul
KCO,Cengiz Topel Airport,Topel,Turkey,40.73500061035156,30.08329963684082,Europe/Istanbul
DLM,Dalaman International Airport,Dalaman,Turkey,36.7131004333,28.7924995422,Europe/Istanbul
BXN,Imsık Airport,Bodrum,Turkey,37.140098571777344,27.669700622558594,Europe/Istanbul
EZS,Elazığ Airport,Elazig,Turkey,38.6068992615,39.2914009094,Europe/Istanbul
DIY,Diyarbakir Airport,Diyabakir,Turkey,37.893901825,40.201000213600004,Europe/Istanbul
ERC,Erzincan Airport,Erzincan,Turkey,39.7102012634,39.527000427199994,Europe/Istanbul
ERZ,Erzurum International Airport,Erzurum,Turkey,39.9565010071,41.17020034789999,Europe/Istanbul
TZX,Trabzon International Airport,Trabzon,Turkey,40.99509811401367,39.78969955444336,Europe/Istanbul
VAN,Van Ferit Melen Airport,Van,Turkey,38.46820068359375,43.332298278808594,Europe/Istanbul
BAL,Batman Airport,Batman,Turkey,37.929000854499996,41.1166000366,Europe/Istanbul
SXZ,Siirt Airport,Siirt,Turkey,37.97890090942383,41.84040069580078,Europe/Istanbul
BZY,Bălți International Airport,Saltsy,Moldova,47.843056,27.777222,Europe/Chisinau
KIV,Chişinău International Airport,Chisinau,Moldova,46.92770004272461,28.930999755859375,Europe/Chisinau
OHD,Ohrid St. Paul the Apostle Airport,Ohrid,Macedonia,41.18,20.7423,Europe/Skopje
SKP,Skopje Alexander the Great Airport,Skopje,Macedonia,41.961601,21.621401,Europe/Skopje
GIB,Gibraltar Airport,Gibraltar,Gibraltar,36.1511993408,-5.3496599197400005,Europe/Gibraltar
BEG,Belgrade Nikola Tesla Airport,Belgrade,Serbia,44.8184013367,20.3090991974,Europe/Belgrade
INI,Nis Airport,Nis,Serbia,43.337299,21.853701,Europe/Belgrade
TGD,Podgorica Airport,Podgorica,Montenegro,42.359402,19.2519,Europe/Podgorica
PRN,Priština International Airport,Pristina,Serbia,42.5728,21.035801,Europe/Belgrade
TIV,Tivat Airport,Tivat,Montenegro,42.404701232910156,18.72330093383789,Europe/Podgorica
BTS,M. R. Štefánik Airport,Bratislava,Slovakia,48.17020034790039,17.21269989013672,Europe/Bratislava
KSC,Košice Airport,Kosice,Slovakia,48.66310119628906,21.241100311279297,Europe/Bratislava
PZY,Piešťany Airport,Piestany,Slovakia,48.62519836425781,17.828399658203125,Europe/Bratislava
SLD,Sliač Airport,Sliac,Slovakia,48.63779830932617,19.13409996032715,Europe/Bratislava
TAT,Poprad-Tatry Airport,Poprad,Slovakia,49.073600769,20.2411003113,Europe/Bratislava
NCA,North Caicos Airport,North Caicos,Turks and Caicos Islands,21.9175,-71.939598,America/Grand_Turk
PLS,Providenciales Airport,Providenciales,Turks and Caicos Islands,21.77359962463379,-72.26589965820312,America/Grand_Turk
XSC,South Caicos Airport,South Caicos,Turks and Caicos Islands,21.515699386599998,-71.528503418,America/Grand_Turk
BRX,Maria Montez International Airport,Barahona,Dominican Republic,18.25149917602539,-71.12039947509766,America/Santo_Domingo
CBJ,Cabo Rojo Airport,Cabo Rojo,Dominican Republic,17.929000854492188,-71.6447982788086,America/Santo_Domingo
LRM,Casa De Campo International Airport,La Romana,Dominican Republic,18.450700759887695,-68.91179656982422,America/Santo_Domingo
PUJ,Punta Cana International Airport,Punta Cana,Dominican Republic,18.567399978599997,-68.36340332030001,America/Santo_Domingo
POP,Gregorio Luperon International Airport,Puerto Plata,Dominican Republic,19.75790023803711,-70.56999969482422,America/Santo_Domingo
SDQ,Las Américas International Airport,Santo Domingo,Dominican Republic,18.42970085144,-69.668899536133,America/Santo_Domingo
STI,Cibao International Airport,Santiago,Dominican Republic,19.406099319458008,-70.60469818115234,America/Santo_Domingo
CBV,Coban Airport,Coban,Guatemala,15.468999862670898,-90.40670013427734,America/Guatemala
GUA,La Aurora Airport,Guatemala City,Guatemala,14.5833,-90.527496,America/Guatemala
RER,Retalhuleu Airport,Retalhuleu,Guatemala,14.520999908447266,-91.69730377197266,America/Guatemala
GSJ,San José Airport,San Jose,Guatemala,13.936200141899999,-90.83580017090001,America/Guatemala
LCE,Goloson International Airport,La Ceiba,Honduras,15.7425,-86.852997,America/Tegucigalpa
SAP,Ramón Villeda Morales International Airport,San Pedro Sula,Honduras,15.4526,-87.923599,America/Tegucigalpa
GJA,La Laguna Airport,Guanaja,Honduras,16.4454,-85.906601,America/Tegucigalpa
RTB,Juan Manuel Galvez International Airport,Roatan,Honduras,16.316799,-86.523003,America/Tegucigalpa
TEA,Tela Airport,Tela,Honduras,15.7759,-87.4758,America/Tegucigalpa
TGU,Toncontín International Airport,Tegucigalpa,Honduras,14.06089973449707,-87.21720123291016,America/Tegucigalpa
TJI,Trujillo Airport,Trujillo,Honduras,15.9268,-85.938202,America/Tegucigalpa
OCJ,Boscobel Aerodrome,Ocho Rios,Jamaica,18.404199600219727,-76.96900177001953,America/Jamaica
KIN,Norman Manley International Airport,Kingston,Jamaica,17.935699462890625,-76.7874984741211,America/Jamaica
MBJ,Sangster International Airport,Montego Bay,Jamaica,18.503700256347656,-77.91339874267578,America/Jamaica
POT,Ken Jones Airport,Port Antonio,Jamaica,18.1987991333,-76.53450012210001,America/Jamaica
KTP,Tinson Pen Airport,Kingston,Jamaica,17.98859977722168,-76.82379913330078,America/Jamaica
ACA,General Juan N Alvarez International Airport,Acapulco,Mexico,16.757099151611328,-99.75399780273438,America/Mexico_City
NTR,Del Norte International Airport,Monterrey,Mexico,25.865601,-100.237,America/Mexico_City
AGU,Jesús Terán Paredo International Airport,Aguascalientes,Mexico,21.705601,-102.318001,America/Mexico_City
HUX,Bahías de Huatulco International Airport,Huatulco,Mexico,15.7753,-96.262604,America/Mexico_City
CVJ,General Mariano Matamoros Airport,Cuernavaca,Mexico,18.834800720214844,-99.26129913330078,America/Mexico_City
ACN,Ciudad Acuña New International Airport,Ciudad Acuna,Mexico,29.332899,-101.098998,America/Mexico_City
CME,Ciudad del Carmen International Airport,Ciudad Del Carmen,Mexico,18.65369987487793,-91.79900360107422,America/Mexico_City
NCG,Nuevo Casas Grandes Airport,Nuevo Casas Grandes,Mexico,30.3974,-107.875,America/Mazatlan
CUL,Bachigualato Federal International Airport,Culiacan,Mexico,24.7644996643,-107.474998474,America/Mazatlan
CTM,Chetumal International Airport,Chetumal,Mexico,18.50469970703125,-88.32679748535156,America/Cancun
CEN,Ciudad Obregón International Airport,Ciudad Obregon,Mexico,27.39259910583496,-109.83300018310547,America/Hermosillo
CPE,Ingeniero Alberto Acuña Ongay International Airport,Campeche,Mexico,19.816799163800003,-90.5002975464,America/Mexico_City
CJS,Abraham González International Airport,Ciudad Juarez,Mexico,31.63610076904297,-106.42900085449219,America/Mazatlan
CUU,General Roberto Fierro Villalobos International Airport,Chihuahua,Mexico,28.702899932900003,-105.964996338,America/Mazatlan
CVM,General Pedro Jose Mendez International Airport,Ciudad Victoria,Mexico,23.7033004761,-98.9564971924,America/Mexico_City
CZM,Cozumel International Airport,Cozumel,Mexico,20.52239990234375,-86.92559814453125,America/Cancun
DGO,General Guadalupe Victoria International Airport,Durango,Mexico,24.1242008209,-104.527999878,America/Mexico_City
TPQ,Amado Nervo National Airport,Tepic,Mexico,21.4195,-104.843002,America/Mazatlan
ESE,Ensenada International Airport,Ensenada,Mexico,31.7953,-116.602997,America/Tijuana
GDL,Don Miguel Hidalgo Y Costilla International Airport,Guadalajara,Mexico,20.521799087524414,-103.31099700927734,America/Mexico_City
GYM,General José María Yáñez International Airport,Guaymas,Mexico,27.9689998626709,-110.92500305175781,America/Hermosillo
TCN,Tehuacan Airport,Tehuacan,Mexico,18.49720001220703,-97.4198989868164,America/Mexico_City
HMO,General Ignacio P. Garcia International Airport,Hermosillo,Mexico,29.095899581900003,-111.047996521,America/Hermosillo
CLQ,Licenciado Miguel de la Madrid Airport,Colima,Mexico,19.277,-103.577002,America/Mexico_City
ISJ,Isla Mujeres Airport,Isla Mujeres,Mexico,21.2450008392334,-86.73999786376953,America/Cancun
SLW,Plan De Guadalupe International Airport,Saltillo,Mexico,25.54949951171875,-100.92900085449219,America/Mexico_City
IZT,Ixtepec Airport,Iztepec,Mexico,16.449301,-95.093697,America/Mexico_City
LZC,Lázaro Cárdenas Airport,Lazard Cardenas,Mexico,18.0016994476,-102.221000671,America/Mexico_City
LMM,Valle del Fuerte International Airport,Los Mochis,Mexico,25.6851997375,-109.081001282,America/Mazatlan
BJX,Del Bajío International Airport,Del Bajio,Mexico,20.9935,-101.481003,America/Mexico_City
LAP,Manuel Márquez de León International Airport,La Paz,Mexico,24.072700500499998,-110.361999512,America/Mazatlan
LTO,Loreto International Airport,Loreto,Mexico,25.989200592041016,-111.3479995727539,America/Mazatlan
MAM,General Servando Canales International Airport,Matamoros,Mexico,25.7698993683,-97.5252990723,America/Mexico_City
MID,Licenciado Manuel Crescencio Rejon Int Airport,Merida,Mexico,20.937000274699997,-89.657699585,America/Mexico_City
MXL,General Rodolfo Sánchez Taboada International Airport,Mexicali,Mexico,32.6306,-115.241997,America/Tijuana
MLM,General Francisco J. Mujica International Airport,Morelia,Mexico,19.849899292,-101.025001526,America/Mexico_City
MTT,Minatitlán/Coatzacoalcos National Airport,Minatitlan,Mexico,18.1033992767,-94.58070373540001,America/Mexico_City
LOV,Monclova International Airport,Monclova,Mexico,26.9557,-101.470001,America/Mexico_City
MEX,Licenciado Benito Juarez International Airport,Mexico City,Mexico,19.4363,-99.072098,America/Mexico_City
MTY,General Mariano Escobedo International Airport,Monterrey,Mexico,25.7784996033,-100.107002258,America/Mexico_City
MZT,General Rafael Buelna International Airport,Mazatlan,Mexico,23.1613998413,-106.26599884,America/Mazatlan
NOG,Nogales International Airport,Nogales,Mexico,31.22610092163086,-110.97599792480469,America/Hermosillo
NLD,Quetzalcóatl International Airport,Nuevo Laredo,Mexico,27.4438991547,-99.5705032349,America/Mexico_City
OAX,Xoxocotlán International Airport,Oaxaca,Mexico,16.9999008179,-96.726600647,America/Mexico_City
PAZ,El Tajín National Airport,Poza Rico,Mexico,20.6026992798,-97.46080017090001,America/Mexico_City
PBC,Hermanos Serdán International Airport,Puebla,Mexico,19.1581001282,-98.3713989258,America/Mexico_City
PPE,Mar de Cortés International Airport,Punta Penasco,Mexico,31.351987,-113.305177,America/Hermosillo
PDS,Piedras Negras International Airport,Piedras Negras,Mexico,28.627399,-100.535004,America/Mexico_City
UPN,Licenciado y General Ignacio Lopez Rayon Airport,Uruapan,Mexico,19.396699905395508,-102.03900146484375,America/Mexico_City
PVR,Licenciado Gustavo Díaz Ordaz International Airport,Puerto Vallarta,Mexico,20.680099487304688,-105.25399780273438,America/Mexico_City
PXM,Puerto Escondido International Airport,Puerto Escondido,Mexico,15.8769,-97.089103,America/Mexico_City
QRO,Querétaro Intercontinental Airport,Queretaro,Mexico,20.6173,-100.185997,America/Mexico_City
REX,General Lucio Blanco International Airport,Reynosa,Mexico,26.0089,-98.2285,America/Mexico_City
SJD,Los Cabos International Airport,San Jose Del Cabo,Mexico,23.15180015563965,-109.72100067138672,America/Mazatlan
SFH,San Felipe International Airport,San Filipe,Mexico,30.930200576782,-114.80899810791,America/Tijuana
SLP,Ponciano Arriaga International Airport,San Luis Potosi,Mexico,22.254299163800003,-100.930999756,America/Mexico_City
TRC,Francisco Sarabia International Airport,Torreon,Mexico,25.568300247199996,-103.411003113,America/Mexico_City
TGZ,Angel Albino Corzo International Airport,Tuxtla Gutierrez,Mexico,16.5636005402,-93.02249908450001,America/Mexico_City
TIJ,General Abelardo L. Rodríguez International Airport,Tijuana,Mexico,32.541099548339844,-116.97000122070312,America/Tijuana
TAM,General Francisco Javier Mina International Airport,Tampico,Mexico,22.2964000702,-97.8658981323,America/Mexico_City
TSL,Tamuin Airport,Tamuin,Mexico,22.0383,-98.806502,America/Mexico_City
TLC,Licenciado Adolfo Lopez Mateos International Airport,Toluca,Mexico,19.3370990753,-99.56600189210002,America/Mexico_City
TAP,Tapachula International Airport,Tapachula,Mexico,14.7943000793,-92.3700027466,America/Mexico_City
CUN,Cancún International Airport,Cancun,Mexico,21.036500930800003,-86.8770980835,America/Cancun
VSA,Carlos Rovirosa Pérez International Airport,Villahermosa,Mexico,17.996999740600586,-92.81739807128906,America/Mexico_City
VER,General Heriberto Jara International Airport,Vera Cruz,Mexico,19.1459007263,-96.1873016357,America/Mexico_City
ZCL,General Leobardo C. Ruiz International Airport,Zacatecas,Mexico,22.8971004486,-102.68699646,America/Mexico_City
ZIH,Ixtapa Zihuatanejo International Airport,Zihuatanejo,Mexico,17.601600647,-101.460998535,America/Mexico_City
ZMM,Zamora Airport,Zamora,Mexico,20.045,-102.276001,America/Mexico_City
ZLO,Playa De Oro International Airport,Manzanillo,Mexico,19.144800186199998,-104.558998108,America/Mexico_City
BEF,Bluefields Airport,Bluefields,Nicaragua,11.991000175476074,-83.77410125732422,America/Managua
MGA,Augusto C. Sandino (Managua) International Airport,Managua,Nicaragua,12.141500473022461,-86.16819763183594,America/Managua
PUZ,Puerto Cabezas Airport,Puerto Cabezas,Nicaragua,14.047200202941895,-83.38670349121094,America/Managua
BOC,Bocas Del Toro International Airport,Bocas Del Toro,Panama,9.340849876403809,-82.25080108642578,America/Panama
CHX,Cap Manuel Niño International Airport,Changuinola,Panama,9.458962,-82.515062,America/Panama
DAV,Enrique Malek International Airport,David,Panama,8.390999794006348,-82.43499755859375,America/Panama
BLB,Panama Pacific International Airport,Howard,Panama,8.91479,-79.599602,America/Panama
PAC,Marcos A. Gelabert International Airport,Panama,Panama,8.973340034484863,-79.55560302734375,America/Panama
SYP,Ruben Cantu Airport,Santiago,Panama,8.085599899291992,-80.94529724121094,America/Panama
PTY,Tocumen International Airport,Panama City,Panama,9.0713596344,-79.3834991455,America/Panama
BAI,Buenos Aires Airport,Buenos Aires,Costa Rica,9.163949,-83.330171,America/Costa_Rica
OTR,Coto 47 Airport,Coto 47,Costa Rica,8.60155963897705,-82.96859741210938,America/Costa_Rica
JAP,Chacarita Airport,Chacarita,Costa Rica,9.98141002655,-84.7726974487,America/Costa_Rica
GLF,Golfito Airport,Golfito,Costa Rica,8.654009819030762,-83.18219757080078,America/Costa_Rica
GPL,Guapiles Airport,Guapiles,Costa Rica,10.2172002792,-83.79699707030001,America/Costa_Rica
LIR,Daniel Oduber Quiros International Airport,Liberia,Costa Rica,10.5933,-85.544403,America/Costa_Rica
LSL,Los Chiles Airport,Los Chiles,Costa Rica,11.035300254821777,-84.70610046386719,America/Costa_Rica
LIO,Limon International Airport,Limon,Costa Rica,9.95796012878418,-83.02200317382812,America/Costa_Rica
NOB,Nosara Airport,Nosara Beach,Costa Rica,9.976490020750001,-85.65299987790002,America/Costa_Rica
SJO,Juan Santamaria International Airport,San Jose,Costa Rica,9.993860244750977,-84.20880126953125,America/Costa_Rica
PMZ,Palmar Sur Airport,Palmar Sur,Costa Rica,8.951029777526855,-83.46859741210938,America/Costa_Rica
XQP,Quepos Managua Airport,Quepos,Costa Rica,9.443160057067871,-84.12979888916016,America/Costa_Rica
TOO,San Vito De Java Airport,San Vito De Jaba,Costa Rica,8.826109886169434,-82.95890045166016,America/Costa_Rica
SAL,Monseñor Óscar Arnulfo Romero International Airport,San Salvador,El Salvador,13.4409,-89.055702,America/El_Salvador
CYA,Les Cayes Airport,Cayes,Haiti,18.271099090576172,-73.78829956054688,America/Port-au-Prince
CAP,Cap Haitien International Airport,Cap Haitien,Haiti,19.733,-72.194702,America/Port-au-Prince
JAK,Jacmel Airport,Jacmel,Haiti,18.241100311279297,-72.51850128173828,America/Port-au-Prince
PAP,Toussaint Louverture International Airport,Port-au-prince,Haiti,18.579999923706055,-72.2925033569336,America/Port-au-Prince
BCA,Gustavo Rizo Airport,Baracoa Playa,Cuba,20.365299224853516,-74.5062026977539,America/Havana
BYM,Carlos Manuel de Cespedes Airport,Bayamo,Cuba,20.396400451660156,-76.62139892578125,America/Havana
AVI,Maximo Gomez Airport,Ciego De Avila,Cuba,22.027099609375,-78.78959655761719,America/Havana
CCC,Jardines Del Rey Airport,Cunagua,Cuba,22.461000442499998,-78.32839965820001,America/Havana
CFG,Jaime Gonzalez Airport,Cienfuegos,Cuba,22.149999618530273,-80.41419982910156,America/Havana
CYO,Vilo Acuña International Airport,Cayo Largo del Sur,Cuba,21.6165008545,-81.5459976196,America/Havana
CMW,Ignacio Agramonte International Airport,Camaguey,Cuba,21.420299530029297,-77.84750366210938,America/Havana
SCU,Antonio Maceo International Airport,Santiago De Cuba,Cuba,19.96980094909668,-75.83540344238281,America/Havana
NBW,Leeward Point Field,Guantanamo,Cuba,19.906499862671,-75.207099914551,
GAO,Mariana Grajales Airport,Guantanamo,Cuba,20.08530044555664,-75.1583023071289,America/Havana
HAV,José Martí International Airport,Havana,Cuba,22.989200592041016,-82.40910339355469,America/Havana
HOG,Frank Pais International Airport,Holguin,Cuba,20.785600662231445,-76.31510162353516,America/Havana
LCL,La Coloma Airport,La Coloma,Cuba,22.33609962463379,-83.64189910888672,America/Havana
MOA,Orestes Acosta Airport,Moa,Cuba,20.653900146484375,-74.92220306396484,America/Havana
MZO,Sierra Maestra Airport,Manzanillo,Cuba,20.28809928894043,-77.08920288085938,America/Havana
GER,Rafael Cabrera Airport,Nueva Gerona,Cuba,21.834699630737305,-82.78379821777344,America/Havana
UPB,Playa Baracoa Airport,Baracoa Playa,Cuba,23.032800674399997,-82.5793991089,America/Havana
QPD,Pinar Del Rio Airport,Pinar Del Rio Norte,Cuba,22.42140007019043,-83.67839813232422,America/Havana
SNU,Abel Santamaria Airport,Santa Clara,Cuba,22.49220085144043,-79.943603515625,America/Havana
SZJ,Siguanea Airport,Siguanea,Cuba,21.642499923706055,-82.9551010131836,America/Havana
USS,Sancti Spiritus Airport,Sancti Spiritus,Cuba,21.9704,-79.442703,America/Havana
VRA,Juan Gualberto Gomez International Airport,Varadero,Cuba,23.034400939941406,-81.435302734375,America/Havana
VTU,Hermanos Ameijeiras Airport,Las Tunas,Cuba,20.987600326538086,-76.93579864501953,America/Havana
CYB,Gerrard Smith International Airport,Cayman Brac,Cayman Islands,19.687000274658203,-79.88279724121094,America/Cayman
GCM,Owen Roberts International Airport,Georgetown,Cayman Islands,19.292800903299998,-81.3576965332,America/Cayman
MAY,Clarence A. Bain Airport,Clarence Bain,Bahamas,24.287700653076172,-77.68460083007812,America/Nassau
ASD,Andros Town Airport,Andros Town,Bahamas,24.697900772094727,-77.79560089111328,America/Nassau
MHH,Leonard M Thompson International Airport,Marsh Harbor,Bahamas,26.5114,-77.083503,America/Nassau
SAQ,San Andros Airport,San Andros,Bahamas,25.053800582885742,-78.04900360107422,America/Nassau
AXP,Spring Point Airport,Spring Point,Bahamas,22.441799163800003,-73.97090148930002,America/Nassau
TCB,Treasure Cay Airport,Treasure Cay,Bahamas,26.745300293,-77.3912963867,America/Nassau
CCZ,Chub Cay Airport,Chub Cay,Bahamas,25.41710090637207,-77.88089752197266,America/Nassau
GHC,Great Harbour Cay Airport,Bullocks Harbour,Bahamas,25.7383,-77.840103,America/Nassau
BIM,South Bimini Airport,Alice Town,Bahamas,25.6998996735,-79.2647018433,America/Nassau
GGT,Exuma International Airport,Great Exuma,Bahamas,23.5625991821,-75.8779983521,America/Nassau
ELH,North Eleuthera Airport,North Eleuthera,Bahamas,25.474899292,-76.6835021973,America/Nassau
GHB,Governor's Harbour Airport,Governor's Harbor,Bahamas,25.2847003937,-76.3310012817,America/Nassau
NMC,Normans Cay Airport,Norman's Cay,Bahamas,24.59429931640625,-76.82019805908203,America/Nassau
RSD,Rock Sound Airport,Rock Sound,Bahamas,24.8950787333,-76.1768817902,America/Nassau
TYM,Staniel Cay Airport,Staniel Cay,Bahamas,24.169099807739258,-76.43910217285156,America/Nassau
FPO,Grand Bahama International Airport,Freeport,Bahamas,26.5587005615,-78.695602417,America/Nassau
IGA,Inagua Airport,Matthew Town,Bahamas,20.975000381469727,-73.66690063476562,America/Nassau
LGI,Deadman's Cay Airport,Dead Man's Cay,Bahamas,23.1790008545,-75.09359741210001,America/Nassau
SML,Stella Maris Airport,Stella Maris,Bahamas,23.582317,-75.268621,America/Nassau
MYG,Mayaguana Airport,Mayaguana,Bahamas,22.379499,-73.013494,America/Nassau
NAS,Lynden Pindling International Airport,Nassau,Bahamas,25.0389995575,-77.46620178219999,America/Nassau
DCT,Duncan Town Airport,Duncan Town,Bahamas,22.181800842285156,-75.72949981689453,America/Nassau
RCY,Rum Cay Airport,Port Nelson,Bahamas,23.68440055847168,-74.83619689941406,America/Nassau
ZSA,San Salvador Airport,Cockburn Town,Bahamas,24.06329917907715,-74.52400207519531,America/Nassau
BZE,Philip S. W. Goldson International Airport,Belize City,Belize,17.539100646972656,-88.30819702148438,America/Belize
AIT,Aitutaki Airport,Aitutaki,Cook Islands,-18.830900192260742,-159.76400756835938,Pacific/Rarotonga
RAR,Rarotonga International Airport,Avarua,Cook Islands,-21.2026996613,-159.805999756,Pacific/Rarotonga
NAN,Nadi International Airport,Nandi,Fiji,-17.755399703979492,177.4429931640625,Pacific/Fiji
SUV,Nausori International Airport,Nausori,Fiji,-18.04330062866211,178.5590057373047,Pacific/Fiji
TBU,Fua'amotu International Airport,Tongatapu,Tonga,-21.241199493408203,-175.14999389648438,Pacific/Tongatapu
VAV,Vava'u International Airport,Vava'u,Tonga,-18.58530044555664,-173.96200561523438,Pacific/Tongatapu
TRW,Bonriki International Airport,Tarawa,Kiribati,1.3816399574279785,173.14700317382812,Pacific/Tarawa
TBF,Tabiteuea North Airport,Tabiteuea North,Kiribati,-1.2244700193405151,174.7760009765625,
WLS,Hihifo Airport,Wallis,Wallis and Futuna,-13.2383003235,-176.199005127,Pacific/Wallis
APW,Faleolo International Airport,Faleolo,Samoa,-13.829999923706055,-172.00799560546875,Pacific/Apia
PPG,Pago Pago International Airport,Pago Pago,American Samoa,-14.3310003281,-170.710006714,Pacific/Pago_Pago
RUR,Rurutu Airport,Rurutu,French Polynesia,-22.434099197387695,-151.36099243164062,
TUB,Tubuai Airport,Tubuai,French Polynesia,-23.365400314331055,-149.5240020751953,Pacific/Tahiti
AAA,Anaa Airport,Anaa,French Polynesia,-17.35260009765625,-145.50999450683594,Pacific/Tahiti
FGU,Fangatau Airport,Fangatau,French Polynesia,-15.819899559020996,-140.88699340820312,Pacific/Tahiti
TIH,Tikehau Airport,Tikehau,French Polynesia,-15.119600296020508,-148.2310028076172,Pacific/Tahiti
REA,Reao Airport,Reao,French Polynesia,-18.465900421142578,-136.44000244140625,
FAV,Fakarava Airport,Fakarava,French Polynesia,-16.054100036621094,-145.65699768066406,Pacific/Tahiti
XMH,Manihi Airport,Manihi,French Polynesia,-14.436800003051758,-146.07000732421875,Pacific/Tahiti
GMR,Totegegie Airport,Totegegie,French Polynesia,-23.07990074157715,-134.88999938964844,Pacific/Gambier
KKR,Kaukura Airport,Kaukura Atoll,French Polynesia,-15.663299560546875,-146.88499450683594,Pacific/Tahiti
MKP,Makemo Airport,Makemo,French Polynesia,-16.583900451660156,-143.6580047607422,Pacific/Tahiti
PKP,Puka Puka Airport,Puka Puka,French Polynesia,-14.809499740600586,-138.81300354003906,Pacific/Tahiti
TKP,Takapoto Airport,Takapoto,French Polynesia,-14.709500312805176,-145.24600219726562,Pacific/Tahiti
AXR,Arutua Airport,Arutua,French Polynesia,-15.248299598693848,-146.61700439453125,Pacific/Tahiti
MVT,Mataiva Airport,Mataiva,French Polynesia,-14.8681001663208,-148.7169952392578,Pacific/Tahiti
TKX,Takaroa Airport,Takaroa,French Polynesia,-14.45580005645752,-145.02499389648438,Pacific/Tahiti
NHV,Nuku Hiva Airport,Nuku Hiva,French Polynesia,-8.795599937438965,-140.22900390625,Pacific/Marquesas
BOB,Bora Bora Airport,Bora Bora,French Polynesia,-16.444400787353516,-151.75100708007812,Pacific/Tahiti
RGI,Rangiroa Airport,Rangiroa,French Polynesia,-14.954299926757812,-147.66099548339844,Pacific/Tahiti
HUH,Huahine-Fare Airport,Huahine Island,French Polynesia,-16.68720054626465,-151.02200317382812,Pacific/Tahiti
MOZ,Moorea Airport,Moorea,French Polynesia,-17.49,-149.761993,Pacific/Tahiti
HOI,Hao Airport,Hao Island,French Polynesia,-18.074800491333008,-140.9459991455078,
MAU,Maupiti Airport,Maupiti,French Polynesia,-16.42650032043457,-152.24400329589844,Pacific/Tahiti
RFP,Raiatea Airport,Raiatea Island,French Polynesia,-16.7229,-151.466003,Pacific/Tahiti
VLI,Bauerfield International Airport,Port-vila,Vanuatu,-17.699300765991,168.32000732422,Pacific/Efate
KNQ,Koné Airport,Kone,New Caledonia,-21.05430030822754,164.83700561523438,Pacific/Noumea
KOC,Koumac Airport,Koumac,New Caledonia,-20.546300888061523,164.25599670410156,Pacific/Noumea
LIF,Lifou Airport,Lifou,New Caledonia,-20.774799346923828,167.24000549316406,Pacific/Noumea
GEA,Nouméa Magenta Airport,Noumea,New Caledonia,-22.25830078125,166.47300720214844,Pacific/Noumea
MEE,Maré Airport,Mare,New Caledonia,-21.481700897216797,168.03799438476562,Pacific/Noumea
TOU,Touho Airport,Touho,New Caledonia,-20.790000915527344,165.25900268554688,Pacific/Noumea
UVE,Ouvéa Airport,Ouvea,New Caledonia,-20.640600204467773,166.572998046875,Pacific/Noumea
NOU,La Tontouta International Airport,Noumea,New Caledonia,-22.01460075378418,166.21299743652344,Pacific/Noumea
AKL,Auckland International Airport,Auckland,New Zealand,-37.008098602299995,174.792007446,Pacific/Auckland
TUO,Taupo Airport,Taupo,New Zealand,-38.73970031738281,176.08399963378906,Pacific/Auckland
AMZ,Ardmore Airport,Ardmore,New Zealand,-37.029701232910156,174.97300720214844,Pacific/Auckland
CHC,Christchurch International Airport,Christchurch,New Zealand,-43.48939895629883,172.53199768066406,Pacific/Auckland
CHT,Chatham Islands-Tuuta Airport,Chatham Island,New Zealand,-43.810001373291016,-176.45700073242188,Pacific/Chatham
DUD,Dunedin Airport,Dunedin,New Zealand,-45.9281005859375,170.197998046875,Pacific/Auckland
GIS,Gisborne Airport,Gisborne,New Zealand,-38.663299560546875,177.97799682617188,Pacific/Auckland
GTN,Glentanner Airport,Glentanner,New Zealand,-43.906700134277344,170.1280059814453,Pacific/Auckland
HKK,Hokitika Airfield,Hokitika,New Zealand,-42.713600158691406,170.98500061035156,Pacific/Auckland
HLZ,Hamilton International Airport,Hamilton,New Zealand,-37.8666992188,175.332000732,Pacific/Auckland
KKE,Kerikeri Airport,Kerikeri,New Zealand,-35.26279830932617,173.91200256347656,Pacific/Auckland
KAT,Kaitaia Airport,Kaitaia,New Zealand,-35.06999969482422,173.28500366210938,Pacific/Auckland
ALR,Alexandra Airport,Alexandra,New Zealand,-45.211700439453125,169.3730010986328,Pacific/Auckland
MON,Mount Cook Airport,Mount Cook,New Zealand,-43.76499938964844,170.13299560546875,Pacific/Auckland
TEU,Manapouri Airport,Manapouri,New Zealand,-45.53310012817383,167.64999389648438,Pacific/Auckland
MRO,Hood Airport,Masterton,New Zealand,-40.97330093383789,175.63400268554688,Pacific/Auckland
NPL,New Plymouth Airport,New Plymouth,New Zealand,-39.00859832763672,174.1790008544922,Pacific/Auckland
NSN,Nelson Airport,Nelson,New Zealand,-41.298301696777344,173.2209930419922,Pacific/Auckland
IVC,Invercargill Airport,Invercargill,New Zealand,-46.41239929199219,168.31300354003906,Pacific/Auckland
OHA,RNZAF Base Ohakea,Ohakea,New Zealand,-40.20600128173828,175.38800048828125,Pacific/Auckland
OAM,Oamaru Airport,Oamaru,New Zealand,-44.970001220703125,171.08200073242188,Pacific/Auckland
PMR,Palmerston North Airport,Palmerston North,New Zealand,-40.32059860229492,175.61700439453125,Pacific/Auckland
PPQ,Paraparaumu Airport,Paraparaumu,New Zealand,-40.904701232910156,174.98899841308594,Pacific/Auckland
ZQN,Queenstown International Airport,Queenstown International,New Zealand,-45.0210990906,168.738998413,Pacific/Auckland
ROT,Rotorua Regional Airport,Rotorua,New Zealand,-38.10919952392578,176.31700134277344,Pacific/Auckland
TRG,Tauranga Airport,Tauranga,New Zealand,-37.67190170288086,176.1959991455078,Pacific/Auckland
TIU,Timaru Airport,Timaru,New Zealand,-44.302799224853516,171.22500610351562,Pacific/Auckland
TWZ,Pukaki Airport,Pukaki,New Zealand,-44.2350006104,170.117996216,Pacific/Auckland
BHE,Woodbourne Airport,Woodbourne,New Zealand,-41.5182991027832,173.8699951171875,Pacific/Auckland
WKA,Wanaka Airport,Wanaka,New Zealand,-44.722198486328,169.24600219727,Pacific/Auckland
WHK,Whakatane Airport,Whakatane,New Zealand,-37.92060089111328,176.91400146484375,Pacific/Auckland
WLG,Wellington International Airport,Wellington,New Zealand,-41.3272018433,174.804992676,Pacific/Auckland
WIR,Wairoa Airport,Wairoa,New Zealand,-39.006900787353516,177.40699768066406,Pacific/Auckland
WRE,Whangarei Airport,Whangarei,New Zealand,-35.7682991027832,174.36500549316406,Pacific/Auckland
WSZ,Westport Airport,Westport,New Zealand,-41.73809814453125,171.58099365234375,Pacific/Auckland
WAG,Wanganui Airport,Wanganui,New Zealand,-39.96220016479492,175.02499389648438,Pacific/Auckland
HEA,Herat Airport,Herat,Afghanistan,34.209999084472656,62.22829818725586,Asia/Kabul
JAA,Jalalabad Airport,Jalalabad,Afghanistan,34.39979934692383,70.49859619140625,Asia/Kabul
KBL,Hamid Karzai International Airport,Kabul,Afghanistan,34.565899,69.212303,Asia/Kabul
KDH,Kandahar Airport,Kandahar,Afghanistan,31.505800247192383,65.8478012084961,Asia/Kabul
MMZ,Maimana Airport,Maimama,Afghanistan,35.93080139160156,64.76090240478516,Asia/Kabul
MZR,Mazar I Sharif Airport,Mazar-i-sharif,Afghanistan,36.70690155029297,67.20970153808594,Asia/Kabul
OAH,Shindand Airport,Shindand,Afghanistan,33.3913002014,62.2610015869,Asia/Kabul
UND,Konduz Airport,Kunduz,Afghanistan,36.66510009765625,68.91079711914062,Asia/Kabul
BAH,Bahrain International Airport,Bahrain,Bahrain,26.27079963684082,50.63359832763672,Asia/Bahrain
AHB,Abha Regional Airport,Abha,Saudi Arabia,18.240400314299997,42.65660095210001,Asia/Riyadh
HOF,Al Ahsa Airport,Al-ahsa,Saudi Arabia,25.28529930114746,49.485198974609375,Asia/Riyadh
ABT,Al Baha Airport,El-baha,Saudi Arabia,20.2961006165,41.6343002319,Asia/Riyadh
BHH,Bisha Airport,Bisha,Saudi Arabia,19.984399795532227,42.62089920043945,Asia/Riyadh
DMM,King Fahd International Airport,Dammam,Saudi Arabia,26.471200942993164,49.79790115356445,Asia/Riyadh
DHA,King Abdulaziz Air Base,Dhahran,Saudi Arabia,26.265399932900003,50.152000427199994,Asia/Riyadh
GIZ,Jizan Regional Airport,Gizan,Saudi Arabia,16.901100158691406,42.58580017089844,Asia/Riyadh
ELQ,Gassim Airport,Gassim,Saudi Arabia,26.302799224853516,43.77439880371094,Asia/Riyadh
URY,Gurayat Domestic Airport,Guriat,Saudi Arabia,31.412413,37.278898,Asia/Riyadh
HAS,Ha'il Airport,Hail,Saudi Arabia,27.437901,41.686298,Asia/Riyadh
QJB,Jubail Airport,Jubail,Saudi Arabia,27.038999557495117,49.40510177612305,Asia/Riyadh
JED,King Abdulaziz International Airport,Jeddah,Saudi Arabia,21.6796,39.156502,Asia/Riyadh
KMC,King Khaled Military City Airport,King Khalid Mil.city,Saudi Arabia,27.9009,45.528198,Asia/Riyadh
MED,Prince Mohammad Bin Abdulaziz Airport,Madinah,Saudi Arabia,24.5534,39.705101,Asia/Riyadh
EAM,Nejran Airport,Nejran,Saudi Arabia,17.611400604248047,44.4192008972168,Asia/Riyadh
AQI,Al Qaisumah/Hafr Al Batin Airport,Hafr Al-batin,Saudi Arabia,28.335199,46.125099,Asia/Riyadh
RAH,Rafha Domestic Airport,Rafha,Saudi Arabia,29.626399993896484,43.4906005859375,Asia/Riyadh
RUH,King Khaled International Airport,Riyadh,Saudi Arabia,24.957599639892578,46.69879913330078,Asia/Riyadh
RAE,Arar Domestic Airport,Arar,Saudi Arabia,30.906600952148438,41.13819885253906,Asia/Riyadh
SHW,Sharurah Airport,Sharurah,Saudi Arabia,17.466899871826172,47.12139892578125,Asia/Riyadh
SLF,Sulayel Airport,Sulayel,Saudi Arabia,20.46470069885254,45.619598388671875,Asia/Riyadh
TUU,Tabuk Airport,Tabuk,Saudi Arabia,28.3654,36.6189,Asia/Riyadh
TIF,Ta’if Regional Airport,Taif,Saudi Arabia,21.483001,40.543442,Asia/Riyadh
TUI,Turaif Domestic Airport,Turaif,Saudi Arabia,31.692188,38.731544,Asia/Riyadh
EJH,Al Wajh Domestic Airport,Wejh,Saudi Arabia,26.19860076904297,36.47639846801758,Asia/Riyadh
YNB,Prince Abdulmohsin Bin Abdulaziz Airport,Yenbo,Saudi Arabia,24.144199,38.0634,Asia/Riyadh
ABD,Abadan Airport,Abadan,Iran,30.371099472,48.2282981873,Asia/Tehran
DEF,Dezful Airport,Dezful,Iran,32.434399,48.397598,Asia/Tehran
AKW,Aghajari Airport,Aghajari,Iran,30.7444,49.6772,Asia/Tehran
GCH,Gachsaran Airport,Gachsaran,Iran,30.337600708,50.827999115,Asia/Tehran
OMI,Omidiyeh Airport,Omidyeh,Iran,30.8351993560791,49.5349006652832,Asia/Tehran
MRX,Mahshahr Airport,Bandar Mahshahr,Iran,30.55620002746582,49.15190124511719,Asia/Tehran
AWZ,Ahwaz Airport,Ahwaz,Iran,31.337400436399996,48.7620010376,Asia/Tehran
AEU,Abu Musa Island Airport,Abumusa I.,Iran,25.8757,55.033001,Asia/Tehran
BUZ,Bushehr Airport,Bushehr,Iran,28.9447994232,50.8345985413,Asia/Tehran
KIH,Kish International Airport,Kish Island,Iran,26.5261993408,53.980201721200004,Asia/Tehran
BDH,Bandar Lengeh Airport,Bandar Lengeh,Iran,26.531999588,54.824798584,Asia/Tehran
KHK,Khark Island Airport,Khark Island,Iran,29.260299682617188,50.32389831542969,Asia/Tehran
SXI,Sirri Island Airport,Siri Island,Iran,25.908899307250977,54.539398193359375,Asia/Tehran
LVP,Lavan Island Airport,Lavan Island,Iran,26.810300827026367,53.356300354003906,Asia/Tehran
KSH,Shahid Ashrafi Esfahani Airport,Bakhtaran,Iran,34.3459014893,47.1581001282,Asia/Tehran
SDG,Sanandaj Airport,Sanandaj,Iran,35.24589920043945,47.00920104980469,Asia/Tehran
IFH,Hesa Airport,Daran,Iran,32.92890167236328,51.561100006103516,Asia/Tehran
KKS,Kashan Airport,Kashan,Iran,33.895302,51.577,Asia/Tehran
IFN,Esfahan Shahid Beheshti International Airport,Esfahan,Iran,32.75080108642578,51.86130142211914,Asia/Tehran
RAS,Sardar-e-Jangal Airport,Rasht,Iran,37.323333,49.617778,Asia/Tehran
AJK,Arak Airport,Arak,Iran,34.138099670410156,49.8473014831543,Asia/Tehran
THR,Mehrabad International Airport,Teheran,Iran,35.68920135498047,51.31340026855469,Asia/Tehran
GZW,Qazvin Airport,Ghazvin,Iran,36.240101,50.0471,Asia/Tehran
BND,Bandar Abbas International Airport,Bandar Abbas,Iran,27.218299865722656,56.37779998779297,Asia/Tehran
JYR,Jiroft Airport,Jiroft,Iran,28.726900100699996,57.67029953,Asia/Tehran
KER,Kerman Airport,Kerman,Iran,30.274400711099997,56.9510993958,Asia/Tehran
HDR,Havadarya Airport,Bandar Abbas,Iran,27.158300399780273,56.17250061035156,Asia/Tehran
SYJ,Sirjan Airport,Sirjan,Iran,29.550899505615234,55.672698974609375,Asia/Tehran
XBJ,Birjand Airport,Birjand,Iran,32.898101806640625,59.2661018371582,Asia/Tehran
CKT,Sarakhs Airport,Sarakhs,Iran,36.50120162963867,61.06489944458008,Asia/Tehran
RUD,Shahroud Airport,Emam Shahr,Iran,36.4253005981,55.104198455799995,Asia/Tehran
TCX,Tabas Airport,Tabas,Iran,33.6678009033,56.8927001953,Asia/Tehran
KLM,Kalaleh Airport,Kalaleh,Iran,37.3833007812,55.4519996643,Asia/Tehran
RZR,Ramsar Airport,Ramsar,Iran,36.9099006652832,50.67959976196289,Asia/Tehran
FAZ,Fasa Airport,Fasa,Iran,28.891799926757812,53.72330093383789,Asia/Tehran
JAR,Jahrom Airport,Jahrom,Iran,28.586700439499996,53.5791015625,Asia/Tehran
LFM,Lamerd Airport,Lamerd,Iran,27.3726997375,53.18880081179999,Asia/Tehran
SYZ,Shiraz Shahid Dastghaib International Airport,Shiraz,Iran,29.539199829101562,52.58980178833008,Asia/Tehran
KHY,Khoy Airport,Khoy,Iran,38.4275016784668,44.97359848022461,Asia/Tehran
TBZ,Tabriz International Airport,Tabriz,Iran,38.1338996887207,46.23500061035156,Asia/Tehran
JWN,Zanjan Airport,Zanjan,Iran,36.7737007141,48.3594017029,Asia/Tehran
AZD,Shahid Sadooghi Airport,Yazd,Iran,31.9048995972,54.2765007019,Asia/Tehran
ACZ,Zabol Airport,Zabol,Iran,31.09830093383789,61.54389953613281,Asia/Tehran
ZBR,Konarak Airport,Chah Bahar,Iran,25.443300247199996,60.3820991516,Asia/Tehran
ZAH,Zahedan International Airport,Zahedan,Iran,29.47570037841797,60.90620040893555,Asia/Tehran
IHR,Iran Shahr Airport,Iran Shahr,Iran,27.2360992432,60.7200012207,Asia/Tehran
AMM,Queen Alia International Airport,Amman,Jordan,31.7226009369,35.9931983948,Asia/Amman
ADJ,Amman-Marka International Airport,Amman,Jordan,31.972700119018555,35.991600036621094,Asia/Amman
AQJ,Aqaba King Hussein International Airport,Aqaba,Jordan,29.611600875854492,35.01810073852539,Asia/Amman
OMF,King Hussein Air College,Mafraq,Jordan,32.3564,36.259201,Asia/Amman
KWI,Kuwait International Airport,Kuwait,Kuwait,29.226600646972656,47.96889877319336,Asia/Kuwait
BEY,Beirut Rafic Hariri International Airport,Beirut,Lebanon,33.820899963378906,35.488399505615234,Asia/Beirut
KYE,Rene Mouawad Air Base,Kleiat,Lebanon,34.589298248291016,36.01129913330078,Asia/Beirut
AUH,Abu Dhabi International Airport,Abu Dhabi,United Arab Emirates,24.433000564575195,54.651100158691406,Asia/Dubai
AZI,Bateen Airport,Abu Dhabi,United Arab Emirates,24.428300857543945,54.458099365234375,Asia/Dubai
DHF,Al Dhafra Air Base,Abu Dhabi,United Arab Emirates,24.248199462900004,54.547698974599996,Asia/Dubai
DXB,Dubai International Airport,Dubai,United Arab Emirates,25.2527999878,55.3643989563,Asia/Dubai
FJR,Fujairah International Airport,Fujeirah,United Arab Emirates,25.112199783325195,56.32400131225586,Asia/Dubai
RKT,Ras Al Khaimah International Airport,Ras Al Khaimah,United Arab Emirates,25.613500595092773,55.93880081176758,Asia/Dubai
SHJ,Sharjah International Airport,Sharjah,United Arab Emirates,25.32859992980957,55.5172004699707,Asia/Dubai
KHS,Khasab Air Base,Khasab,Oman,26.17099952697754,56.2406005859375,Asia/Muscat
MSH,Masirah Air Base,Masirah,Oman,20.675399780273438,58.890499114990234,Asia/Muscat
MCT,Muscat International Airport,Muscat,Oman,23.593299865722656,58.284400939941406,Asia/Muscat
SLL,Salalah Airport,Salalah,Oman,17.038700103759766,54.09130096435547,Asia/Muscat
TTH,Thumrait Air Base,Thumrait,Oman,17.666000366210938,54.024600982666016,Asia/Muscat
BHW,Bhagatanwala Airport,Bhagtanwala,Pakistan,32.056098938,72.94840240479999,Asia/Karachi
LYP,Faisalabad International Airport,Faisalabad,Pakistan,31.364999771118164,72.99479675292969,Asia/Karachi
GWD,Gwadar International Airport,Gwadar,Pakistan,25.233299255371094,62.329498291015625,Asia/Karachi
GIL,Gilgit Airport,Gilgit,Pakistan,35.918800354003906,74.33360290527344,Asia/Karachi
JAG,Shahbaz Air Base,Jacobsbad,Pakistan,28.28420066833496,68.44969940185547,Asia/Karachi
KHI,Jinnah International Airport,Karachi,Pakistan,24.9065,67.160797,Asia/Karachi
LHE,Alama Iqbal International Airport,Lahore,Pakistan,31.5216007232666,74.40360260009766,Asia/Karachi
XJM,Mangla Airport,Mangla,Pakistan,33.05009841918945,73.63839721679688,Asia/Karachi
MFG,Muzaffarabad Airport,Muzaffarabad,Pakistan,34.3390007019043,73.50859832763672,Asia/Karachi
MWD,Mianwali Air Base,Mianwali,Pakistan,32.5630989074707,71.5707015991211,Asia/Karachi
MJD,Moenjodaro Airport,Moenjodaro,Pakistan,27.3351993560791,68.14309692382812,Asia/Karachi
MUX,Multan International Airport,Multan,Pakistan,30.20319938659668,71.41909790039062,Asia/Karachi
WNS,Shaheed Benazirabad Airport,Nawabshah,Pakistan,26.2194,68.390099,Asia/Karachi
PJG,Panjgur Airport,Panjgur,Pakistan,26.954500198364258,64.13249969482422,Asia/Karachi
PSI,Pasni Airport,Pasni,Pakistan,25.29050064086914,63.34510040283203,Asia/Karachi
PEW,Peshawar International Airport,Peshawar,Pakistan,33.993900299072266,71.51460266113281,Asia/Karachi
UET,Quetta International Airport,Quetta,Pakistan,30.251399993896484,66.93779754638672,Asia/Karachi
RYK,Shaikh Zaid Airport,Rahim Yar Khan,Pakistan,28.383899688720703,70.27960205078125,Asia/Karachi
RAZ,Rawalakot Airport,Rawala Kot,Pakistan,33.849700927734375,73.79810333251953,Asia/Karachi
SKZ,Sukkur Airport,Sukkur,Pakistan,27.722000122070312,68.79170227050781,Asia/Karachi
SDT,Saidu Sharif Airport,Saidu Sharif,Pakistan,34.8135986328125,72.35279846191406,Asia/Karachi
SUL,Sui Airport,Sui,Pakistan,28.645099639892578,69.1769027709961,Asia/Karachi
BDN,Talhar Airport,Talhar,Pakistan,24.84149932861328,68.8384017944336,Asia/Karachi
WAF,Wana Airport,Wana,Pakistan,32.3046989440918,69.57039642333984,Asia/Karachi
PZH,Zhob Airport,Zhob,Pakistan,31.358400344848633,69.4636001586914,Asia/Karachi
BSR,Basrah International Airport,Basrah,Iraq,30.549100875854492,47.66210174560547,Asia/Baghdad
ALP,Aleppo International Airport,Aleppo,Syria,36.18069839477539,37.22439956665039,Asia/Damascus
DAM,Damascus International Airport,Damascus,Syria,33.4114990234375,36.51559829711914,Asia/Damascus
DEZ,Deir ez-Zor Air Base,Deire Zor,Syria,35.2854,40.175999,Asia/Damascus
LTK,Bassel Al-Assad International Airport,Latakia,Syria,35.401100158691406,35.948699951171875,Asia/Damascus
PMS,Palmyra Airport,Palmyra,Syria,34.5574,38.316898,Asia/Damascus
DIA,Doha International Airport,Doha,Qatar,25.261101,51.565102,Asia/Qatar
CIS,Canton Island Airport,Canton Island,Kiribati,-2.7681200504300003,-171.710006714,Pacific/Enderbury
ROP,Rota International Airport,Rota,Northern Mariana Islands,14.174300193786621,145.2429962158203,Pacific/Saipan
SPN,Saipan International Airport,Saipan,Northern Mariana Islands,15.119,145.729004,Pacific/Saipan
UAM,Andersen Air Force Base,Andersen,Guam,13.584,144.929998,Pacific/Guam
GUM,Antonio B. Won Pat International Airport,Agana,Guam,13.4834003448,144.796005249,Pacific/Guam
TIQ,Tinian International Airport,West Tinian,Northern Mariana Islands,14.999199867248535,145.61900329589844,Pacific/Saipan
MAJ,Marshall Islands International Airport,Majuro,Marshall Islands,7.064760208129883,171.27200317382812,Pacific/Majuro
KWA,Bucholz Army Air Field,Kwajalein,Marshall Islands,8.720120429992676,167.73199462890625,Pacific/Majuro
CXI,Cassidy International Airport,Kiritimati,Kiribati,1.9861600399017334,-157.35000610351562,
MDY,Henderson Field,Midway,Midway Islands,28.20170021057129,-177.38099670410156,Pacific/Midway
TKK,Chuuk International Airport,Chuuk,Micronesia,7.461870193481445,151.84300231933594,Pacific/Truk
PNI,Pohnpei International Airport,Pohnpei,Micronesia,6.985099792480469,158.20899963378906,Pacific/Ponape
ROR,Babelthuap Airport,Babelthuap,Palau,7.36731,134.544236,Pacific/Palau
KSA,Kosrae International Airport,Kosrae,Micronesia,5.35698,162.957993,Pacific/Kosrae
YAP,Yap International Airport,Yap,Micronesia,9.49891,138.082993,Pacific/Truk
KNH,Kinmen Airport,Kinmen,Taiwan,24.4279,118.359001,Asia/Taipei
TTT,Taitung Airport,Fengnin,Taiwan,22.7549991607666,121.10199737548828,Asia/Taipei
GNI,Lyudao Airport,Green Island,Taiwan,22.673900604248047,121.46600341796875,Asia/Taipei
KHH,Kaohsiung International Airport,Kaohsiung,Taiwan,22.57710075378418,120.3499984741211,Asia/Taipei
CYI,Chiayi Airport,Chiayi,Taiwan,23.46179962158203,120.39299774169922,Asia/Taipei
KYD,Lanyu Airport,Lanyu,Taiwan,22.027000427246094,121.53500366210938,Asia/Taipei
RMQ,Taichung Ching Chuang Kang Airport,Taichung,Taiwan,24.264699935913086,120.62100219726562,Asia/Taipei
TNN,Tainan Airport,Tainan,Taiwan,22.95039939880371,120.20600128173828,Asia/Taipei
HSZ,Hsinchu Air Base,Hsinchu,Taiwan,24.8180007935,120.939002991,Asia/Taipei
MZG,Makung Airport,Makung,Taiwan,23.568700790405273,119.62799835205078,Asia/Taipei
PIF,Pingtung North Airport,Pingtung,Taiwan,22.700199127197266,120.48200225830078,Asia/Taipei
TSA,Taipei Songshan Airport,Taipei,Taiwan,25.069400787353516,121.552001953125,Asia/Taipei
TPE,Taiwan Taoyuan International Airport,Taipei,Taiwan,25.0777,121.233002,Asia/Taipei
WOT,Wang-an Airport,Wang An,Taiwan,23.367372512817383,119.50277709960938,Asia/Taipei
HUN,Hualien Airport,Hualien,Taiwan,24.023099899291992,121.61799621582031,Asia/Taipei
NRT,Narita International Airport,Tokyo,Japan,35.7647018433,140.386001587,Asia/Tokyo
MMJ,Matsumoto Airport,Matsumoto,Japan,36.16680145263672,137.92300415039062,Asia/Tokyo
IBR,Hyakuri Airport,Ibaraki,Japan,36.181098938,140.414993286,Asia/Tokyo
MUS,Minami Torishima Airport,Minami Tori Shima,Japan,24.2896995544,153.979003906,Asia/Tokyo
IWO,Iwo Jima Airport,Iwojima,Japan,24.784000396728516,141.322998046875,Asia/Tokyo
SHM,Nanki Shirahama Airport,Nanki-shirahama,Japan,33.6622009277,135.363998413,Asia/Tokyo
OBO,Tokachi-Obihiro Airport,Obihiro,Japan,42.7332992554,143.216995239,Asia/Tokyo
CTS,New Chitose Airport,Sapporo,Japan,42.77519989013672,141.69200134277344,Asia/Tokyo
HKD,Hakodate Airport,Hakodate,Japan,41.7700004578,140.822006226,Asia/Tokyo
MMB,Memanbetsu Airport,Memanbetsu,Japan,43.8805999756,144.164001465,Asia/Tokyo
SHB,Nakashibetsu Airport,Nakashibetsu,Japan,43.5774993896,144.960006714,Asia/Tokyo
WKJ,Wakkanai Airport,Wakkanai,Japan,45.4042015076,141.800994873,Asia/Tokyo
IKI,Iki Airport,Iki,Japan,33.7490005493,129.785003662,Asia/Tokyo
UBJ,Yamaguchi Ube Airport,Yamaguchi,Japan,33.930000305200004,131.279006958,Asia/Tokyo
TSJ,Tsushima Airport,Tsushima,Japan,34.2849006653,129.330993652,Asia/Tokyo
MBE,Monbetsu Airport,Monbetsu,Japan,44.303901672399995,143.404006958,Asia/Tokyo
AKJ,Asahikawa Airport,Asahikawa,Japan,43.670799255371094,142.44700622558594,Asia/Tokyo
OIR,Okushiri Airport,Okushiri,Japan,42.0717010498,139.432998657,Asia/Tokyo
RIS,Rishiri Airport,Rishiri Island,Japan,45.2420005798,141.186004639,Asia/Tokyo
KUM,Yakushima Airport,Yakushima,Japan,30.3855991364,130.658996582,Asia/Tokyo
FUJ,Fukue Airport,Fukue,Japan,32.66630172729492,128.83299255371094,Asia/Tokyo
FUK,Fukuoka Airport,Fukuoka,Japan,33.585899353027344,130.4510040283203,Asia/Tokyo
TNE,New Tanegashima Airport,Tanegashima,Japan,30.605100631699997,130.990997314,Asia/Tokyo
KOJ,Kagoshima Airport,Kagoshima,Japan,31.80340003967285,130.718994140625,Asia/Tokyo
KMI,Miyazaki Airport,Miyazaki,Japan,31.877199173,131.449005127,Asia/Tokyo
OIT,Oita Airport,Oita,Japan,33.479400634799994,131.736999512,Asia/Tokyo
KKJ,Kitakyūshū Airport,Kitakyushu,Japan,33.8459014893,131.035003662,Asia/Tokyo
KMJ,Kumamoto Airport,Kumamoto,Japan,32.83729934692383,130.85499572753906,Asia/Tokyo
NGS,Nagasaki Airport,Nagasaki,Japan,32.916900634799994,129.914001465,Asia/Tokyo
ASJ,Amami Airport,Amami,Japan,28.430599212646484,129.71299743652344,Asia/Tokyo
OKE,Okierabu Airport,Okierabu,Japan,27.4255008698,128.701004028,Asia/Tokyo
TKN,Tokunoshima Airport,Tokunoshima,Japan,27.83639907836914,128.88099670410156,Asia/Tokyo
FKJ,Fukui Airport,Fukui,Japan,36.1427993774,136.223999023,Asia/Tokyo
QGU,Gifu Airport,Gifu,Japan,35.394100189208984,136.8699951171875,Asia/Tokyo
KMQ,Komatsu Airport,Kanazawa,Japan,36.39459991455078,136.40699768066406,Asia/Tokyo
OKI,Oki Airport,Oki Island,Japan,36.18109893798828,133.3249969482422,Asia/Tokyo
TOY,Toyama Airport,Toyama,Japan,36.64830017089844,137.18800354003906,Asia/Tokyo
HIJ,Hiroshima Airport,Hiroshima,Japan,34.4361000061,132.919006348,Asia/Tokyo
OKJ,Okayama Airport,Okayama,Japan,34.7569007874,133.854995728,Asia/Tokyo
IZO,Izumo Airport,Izumo,Japan,35.4136009216,132.88999939,Asia/Tokyo
YGJ,Miho Yonago Airport,Miho,Japan,35.4921989440918,133.23599243164062,Asia/Tokyo
KCZ,Kōchi Ryōma Airport,Kochi,Japan,33.546101,133.669006,Asia/Tokyo
MYJ,Matsuyama Airport,Matsuyama,Japan,33.82720184326172,132.6999969482422,Asia/Tokyo
ITM,Osaka International Airport,Osaka,Japan,34.785499572753906,135.43800354003906,Asia/Tokyo
TTJ,Tottori Airport,Tottori,Japan,35.5301017761,134.167007446,Asia/Tokyo
TKS,Tokushima Airport/JMSDF Air Base,Tokushima,Japan,34.132801,134.606995,Asia/Tokyo
TAK,Takamatsu Airport,Takamatsu,Japan,34.214199066199996,134.01600647,Asia/Tokyo
AOJ,Aomori Airport,Aomori,Japan,40.73469924926758,140.6909942626953,Asia/Tokyo
GAJ,Yamagata Airport,Yamagata,Japan,38.411899566699994,140.371002197,Asia/Tokyo
SDS,Sado Airport,Sado,Japan,38.0601997375,138.414001465,Asia/Tokyo
HHE,Hachinohe Airport,Hachinoe,Japan,40.556400299072266,141.46600341796875,Asia/Tokyo
HNA,Hanamaki Airport,Hanamaki,Japan,39.4286003112793,141.13499450683594,Asia/Tokyo
AXT,Akita Airport,Akita,Japan,39.6156005859375,140.218994140625,Asia/Tokyo
MSJ,Misawa Air Base,Misawa,Japan,40.703201293899994,141.367996216,Asia/Tokyo
SDJ,Sendai Airport,Sendai,Japan,38.1397018433,140.917007446,Asia/Tokyo
NJA,Atsugi Naval Air Facility,Atsugi,Japan,35.4546012878418,139.4499969482422,Asia/Tokyo
HAC,Hachijojima Airport,Hachijojima,Japan,33.1150016785,139.785995483,Asia/Tokyo
OIM,Oshima Airport,Oshima,Japan,34.782001495399996,139.36000061,Asia/Tokyo
HND,Tokyo Haneda International Airport,Tokyo,Japan,35.552299,139.779999,Asia/Tokyo
OKO,Yokota Air Base,Yokota,Japan,35.74850082397461,139.34800720214844,Asia/Tokyo
KWJ,Gwangju Airport,Kwangju,South Korea,35.123173,126.805444,Asia/Seoul
CHN,Jeon Ju Airport (G-703),Jhunju,South Korea,35.87808,127.119112,Asia/Seoul
RSU,Yeosu Airport,Yeosu,South Korea,34.84230041503906,127.61699676513672,Asia/Seoul
KAG,Gangneung Airport (K-18),Kangnung,South Korea,37.753601,128.943915,Asia/Seoul
CJU,Jeju International Airport,Cheju,South Korea,33.51129913330078,126.49299621582031,Asia/Seoul
CHF,Jinhae Airbase/Airport (G-813/K-10),Chinhae,South Korea,35.140248,128.696229,Asia/Seoul
PUS,Gimhae International Airport,Busan,South Korea,35.1795005798,128.93800354,Asia/Seoul
USN,Ulsan Airport,Ulsan,South Korea,35.59349823,129.352005005,Asia/Seoul
SSN,Seoul Air Base (K-16),Seoul East,South Korea,37.444744,127.112718,Asia/Seoul
OSN,Osan Air Base,Osan,South Korea,37.090599,127.029999,Asia/Seoul
GMP,Gimpo International Airport,Seoul,South Korea,37.5583,126.791,Asia/Seoul
SWU,Suwon Airport,Suwon,South Korea,37.23939895629883,127.00700378417969,Asia/Seoul
KPO,Pohang Airport (G-815/K-3),Pohang,South Korea,35.987955,129.420383,Asia/Seoul
TAE,Daegu Airport,Taegu,South Korea,35.896872,128.65531,Asia/Seoul
YEC,Yecheon Airbase,Yechon,South Korea,36.630373,128.34971,Asia/Seoul
OKA,Naha Airport,Okinawa,Japan,26.1958007812,127.646003723,Asia/Tokyo
DNA,Kadena Air Base,Kadena,Japan,26.3556,127.767998,Asia/Tokyo
ISG,New Ishigaki Airport,Ishigaki,Japan,24.396389,124.245,Asia/Tokyo
UEO,Kumejima Airport,Kumejima,Japan,26.363500595092773,126.71399688720703,Asia/Tokyo
MMD,Minami-Daito Airport,Minami Daito,Japan,25.8465003967,131.263000488,Asia/Tokyo
MMY,Miyako Airport,Miyako,Japan,24.782800674399997,125.294998169,Asia/Tokyo
KTD,Kitadaito Airport,Kitadaito,Japan,25.9447002411,131.32699585,Asia/Tokyo
SHI,Shimojishima Airport,Shimojishima,Japan,24.8267002106,125.144996643,Asia/Tokyo
TRA,Tarama Airport,Tarama,Japan,24.653900146499996,124.675003052,Asia/Tokyo
RNJ,Yoron Airport,Yoron,Japan,27.0440006256,128.401992798,Asia/Tokyo
OGN,Yonaguni Airport,Yonaguni Jima,Japan,24.466899871826172,122.97799682617188,Asia/Tokyo
MNL,Ninoy Aquino International Airport,Manila,Philippines,14.5086,121.019997,Asia/Manila
CBO,Awang Airport,Cotabato,Philippines,7.1652398109436035,124.20999908447266,Asia/Manila
PAG,Pagadian Airport,Pagadian,Philippines,7.83073144787,123.461179733,Asia/Manila
GES,General Santos International Airport,Romblon,Philippines,6.05800008774,125.096000671,Asia/Manila
ZAM,Zamboanga International Airport,Zamboanga,Philippines,6.922420024871826,122.05999755859375,Asia/Manila
BAG,Loakan Airport,Baguio,Philippines,16.375099182128906,120.62000274658203,Asia/Manila
DTE,Daet Airport,Daet,Philippines,14.129199981689453,122.9800033569336,Asia/Manila
SJI,San Jose Airport,San Jose,Philippines,12.361499786399998,121.04699707,Asia/Manila
MBO,Mamburao Airport,Mamburao,Philippines,13.208100318908691,120.6050033569336,Asia/Manila
BQA,Dr.Juan C. Angara Airport,Baler,Philippines,15.729309,121.500034,Asia/Manila
TAC,Daniel Z. Romualdez Airport,Tacloban,Philippines,11.228035,125.027761,Asia/Manila
BCD,Bacolod-Silay Airport,Bacolod,Philippines,10.7764,123.014999,Asia/Manila
DGT,Sibulan Airport,Dumaguete,Philippines,9.3337097168,123.300003052,Asia/Manila
MPH,Godofredo P. Ramos Airport,Caticlan,Philippines,11.9245,121.954002,Asia/Manila
ILO,Iloilo International Airport,Iloilo,Philippines,10.833017,122.493358,Asia/Manila
KLO,Kalibo International Airport,Kalibo,Philippines,11.679400444,122.375999451,Asia/Manila
PPS,Puerto Princesa Airport,Puerto Princesa,Philippines,9.742119789123535,118.75900268554688,Asia/Manila
EUQ,Evelio Javier Airport,San Jose,Philippines,10.765999794,121.932998657,Asia/Manila
COC,Comodoro Pierrestegui Airport,Concordia,Argentina,-31.2969,-57.9966,America/Cordoba
GHU,Gualeguaychu Airport,Gualeguaychu,Argentina,-33.0103,-58.6131,America/Cordoba
JNI,Junin Airport,Junin,Argentina,-34.5459,-60.9306,America/Buenos_Aires
PRA,General Urquiza Airport,Parana,Argentina,-31.7948,-60.4804,America/Cordoba
ROS,Islas Malvinas Airport,Rosario,Argentina,-32.9036,-60.785,America/Cordoba
SFN,Sauce Viejo Airport,Santa Fe,Argentina,-31.7117,-60.8117,America/Cordoba
AEP,Jorge Newbery Airpark,Buenos Aires,Argentina,-34.5592,-58.4156,America/Buenos_Aires
COR,Ingeniero Ambrosio Taravella Airport,Cordoba,Argentina,-31.323601,-64.208,America/Cordoba
FDO,San Fernando Airport,San Fernando,Argentina,-34.4532,-58.5896,America/Buenos_Aires
LPG,La Plata Airport,La Plata,Argentina,-34.9722,-57.8947,America/Buenos_Aires
EPA,El Palomar Airport,El Palomar,Argentina,-34.6099,-58.6126,America/Buenos_Aires
HOS,Chos Malal Airport,Chosmadal,Argentina,-37.444698333699996,-70.2225036621,America/Argentina/Salta
GNR,Dr. Arturo H. Illia Airport,Fuerte Gral Roca,Argentina,-39.0007019043,-67.6204986572,America/Argentina/Salta
MDZ,El Plumerillo Airport,Mendoza,Argentina,-32.8316993713,-68.7929000854,America/Mendoza
LGS,Comodoro D.R. Salomón Airport,Malargue,Argentina,-35.493598938,-69.5743026733,America/Mendoza
AFA,Suboficial Ay Santiago Germano Airport,San Rafael,Argentina,-34.588299,-68.4039,America/Mendoza
CTC,Catamarca Airport,Catamarca,Argentina,-28.5956001282,-65.751701355,America/Catamarca
SDE,Vicecomodoro Angel D. La Paz Aragonés Airport,Santiago Del Estero,Argentina,-27.765556335399996,-64.3099975586,America/Cordoba
IRJ,Capitan V A Almonacid Airport,La Rioja,Argentina,-29.3815994263,-66.7957992554,America/Argentina/La_Rioja
TUC,Teniente Benjamin Matienzo Airport,Tucuman,Argentina,-26.8409,-65.104897,America/Argentina/Tucuman
UAQ,Domingo Faustino Sarmiento Airport,San Juan,Argentina,-31.571501,-68.418198,America/Argentina/San_Juan
RCU,Area De Material Airport,Rio Cuarto,Argentina,-33.0850982666,-64.2612991333,America/Cordoba
VDR,Villa Dolores Airport,Villa Dolores,Argentina,-31.9451999664,-65.1463012695,America/Cordoba
VME,Villa Reynolds Airport,Villa Reynolds,Argentina,-33.7299003601,-65.3873977661,America/Argentina/San_Luis
LUQ,Brigadier Mayor D Cesar Raul Ojeda Airport,San Luis,Argentina,-33.2732009888,-66.3563995361,America/Argentina/San_Luis
CNQ,Corrientes Airport,Corrientes,Argentina,-27.4455,-58.7619,America/Cordoba
RES,Resistencia International Airport,Resistencia,Argentina,-27.45,-59.0561,America/Cordoba
FMA,Formosa Airport,Formosa,Argentina,-26.2127,-58.2281,America/Cordoba
IGR,Cataratas Del Iguazú International Airport,Iguazu Falls,Argentina,-25.737301,-54.4734,America/Cordoba
AOL,Paso De Los Libres Airport,Paso De Los Libres,Argentina,-29.6894,-57.1521,America/Cordoba
MCS,Monte Caseros Airport,Monte Caseros,Argentina,-30.2719,-57.6402,America/Cordoba
PSS,Libertador Gral D Jose De San Martin Airport,Posadas,Argentina,-27.3858,-55.9707,America/Cordoba
PRQ,Termal Airport,Presidencia R.s.pena,Argentina,-26.753611,-60.492222,America/Cordoba
SLA,Martin Miguel De Guemes International Airport,Salta,Argentina,-24.856000900299996,-65.4861984253,America/Argentina/Salta
JUJ,Gobernador Horacio Guzman International Airport,Jujuy,Argentina,-24.392799,-65.097801,America/Jujuy
ORA,Orán Airport,Oran,Argentina,-23.1527996063,-64.3292007446,America/Argentina/Salta
ELO,El Dorado Airport,El Dorado,Argentina,-26.3974990845,-54.5746994019,America/Cordoba
OYA,Goya Airport,Goya,Argentina,-29.1058,-59.2189,America/Cordoba
RCQ,Reconquista Airport,Reconquista,Argentina,-29.2103,-59.68,America/Cordoba
UZU,Curuzu Cuatia Airport,Curuzu Cuatia,Argentina,-29.7706,-57.9789,America/Cordoba
EHL,El Bolson Airport,El Bolson,Argentina,-41.9431991577,-71.5323028564,America/Argentina/Salta
CRD,General E. Mosconi Airport,Comodoro Rivadavia,Argentina,-45.7853,-67.4655,America/Catamarca
EQS,Brigadier Antonio Parodi Airport,Esquel,Argentina,-42.908000946,-71.139503479,America/Catamarca
REL,Almirante Marco Andres Zar Airport,Trelew,Argentina,-43.2105,-65.2703,America/Catamarca
VDM,Gobernador Castello Airport,Viedma,Argentina,-40.8692,-63.0004,America/Argentina/Salta
PMY,El Tehuelche Airport,Puerto Madryn,Argentina,-42.7592,-65.1027,America/Catamarca
PUD,Puerto Deseado Airport,Puerto Deseado,Argentina,-47.7353,-65.9041,America/Argentina/Rio_Gallegos
RGA,Hermes Quijada International Airport,Rio Grande,Argentina,-53.7777,-67.7494,America/Argentina/Ushuaia
RGL,Piloto Civil N. Fernández Airport,Rio Gallegos,Argentina,-51.6089,-69.3126,America/Argentina/Rio_Gallegos
USH,Malvinas Argentinas Airport,Ushuaia,Argentina,-54.8433,-68.2958,America/Argentina/Ushuaia
ULA,Capitan D Daniel Vazquez Airport,San Julian,Argentina,-49.3068,-67.8026,America/Argentina/Rio_Gallegos
PMQ,Perito Moreno Airport,Perito Moreno,Argentina,-46.537899,-70.978699,America/Argentina/Rio_Gallegos
RZA,Santa Cruz Airport,Santa Cruz,Argentina,-50.0165,-68.5792,America/Argentina/Rio_Gallegos
BHI,Comandante Espora Airport,Bahia Blanca,Argentina,-38.725,-62.1693,America/Buenos_Aires
CSZ,Brigadier D.H.E. Ruiz Airport,Colonel Suarez,Argentina,-37.446098,-61.889301,America/Buenos_Aires
OVR,Olavarria Airport,Olavarria,Argentina,-36.8899993896,-60.216598510699995,America/Buenos_Aires
GPO,General Pico Airport,General Pico,Argentina,-35.6962013245,-63.7583007812,America/Argentina/Salta
OYO,Tres Arroyos Airport,Tres Arroyos,Argentina,-38.3869,-60.3297,America/Buenos_Aires
MDQ,Ástor Piazzola International Airport,Mar Del Plata,Argentina,-37.9342,-57.5733,America/Buenos_Aires
NQN,Presidente Peron Airport,Neuquen,Argentina,-38.949001,-68.155701,America/Argentina/Salta
PEH,Comodoro Pedro Zanni Airport,Pehuajo,Argentina,-35.8446,-61.8576,America/Buenos_Aires
RSA,Santa Rosa Airport,Santa Rosa,Argentina,-36.588299,-64.275703,America/Argentina/Salta
BRC,San Carlos De Bariloche Airport,San Carlos De Bariloche,Argentina,-41.151199,-71.157501,America/Argentina/Salta
TDL,Héroes De Malvinas Airport,Tandil,Argentina,-37.2374000549,-59.2279014587,America/Buenos_Aires
VLG,Villa Gesell Airport,Villa Gesell,Argentina,-37.2354,-57.0292,America/Buenos_Aires
CUT,Cutral-Co Airport,Cutralco,Argentina,-38.939701080300004,-69.2646026611,America/Argentina/Salta
CPC,Aviador C. Campos Airport,San Martin Des Andes,Argentina,-40.075401,-71.137299,America/Argentina/Salta
CDJ,Conceição do Araguaia Airport,Conceicao Do Araguaia,Brazil,-8.348349571228027,-49.30149841308594,America/Belem
AQA,Araraquara Airport,Araracuara,Brazil,-21.812000274699997,-48.1329994202,America/Sao_Paulo
AJU,Santa Maria Airport,Aracaju,Brazil,-10.984000206,-37.0703010559,America/Fortaleza
AFL,Piloto Osvaldo Marques Dias Airport,Alta Floresta,Brazil,-9.8663892746,-56.1049995422,America/Campo_Grande
ARU,Araçatuba Airport,Aracatuba,Brazil,-21.1413002014,-50.4247016907,America/Sao_Paulo
BEL,Val de Cans/Júlio Cezar Ribeiro International Airport,Belem,Brazil,-1.3792500495900002,-48.4762992859,America/Belem
BGX,Comandante Gustavo Kraemer Airport,Bage,Brazil,-31.39049911499,-54.112201690674,America/Sao_Paulo
PLU,Pampulha - Carlos Drummond de Andrade Airport,Belo Horizonte,Brazil,-19.851200103759766,-43.950599670410156,America/Sao_Paulo
BFH,Bacacheri Airport,Curitiba,Brazil,-25.4050998688,-49.23199844359999,America/Sao_Paulo
BSB,Presidente Juscelino Kubistschek International Airport,Brasilia,Brazil,-15.86916732788086,-47.920833587646484,America/Sao_Paulo
BAU,Bauru Airport,Bauru,Brazil,-22.3449993134,-49.0537986755,America/Sao_Paulo
BVB,Atlas Brasil Cantanhede Airport,Boa Vista,Brazil,2.84138894081,-60.6922225952,America/Boa_Vista
BPG,Barra do Garças Airport,Barra Do Garcas,Brazil,-15.861300468400001,-52.3889007568,America/Campo_Grande
CAC,Cascavel Airport,Cascavel,Brazil,-25.0002994537,-53.500801086399996,America/Sao_Paulo
CNF,Tancredo Neves International Airport,Belo Horizonte,Brazil,-19.62444305419922,-43.97194290161133,America/Sao_Paulo
CGR,Campo Grande Airport,Campo Grande,Brazil,-20.468700408900002,-54.6725006104,America/Campo_Grande
XAP,Serafin Enoss Bertaso Airport,Chapeco,Brazil,-27.134199142456,-52.656600952148,America/Sao_Paulo
CLN,Brig. Lysias Augusto Rodrigues Airport,Carolina,Brazil,-7.32043981552124,-47.45869827270508,America/Fortaleza
CCM,Diomício Freitas Airport,Criciuma,Brazil,-28.7244434357,-49.4213905334,America/Sao_Paulo
CAW,Bartolomeu Lisandro Airport,Campos,Brazil,-21.698299408,-41.301700592,America/Sao_Paulo
CMG,Corumbá International Airport,Corumba,Brazil,-19.0119438171,-57.6713905334,America/Campo_Grande
CWB,Afonso Pena Airport,Curitiba,Brazil,-25.5284996033,-49.1758003235,America/Sao_Paulo
CRQ,Caravelas Airport,Caravelas,Brazil,-17.652299880981,-39.253101348877,America/Fortaleza
CXJ,Hugo Cantergiani Regional Airport,Caxias Do Sul,Brazil,-29.197099685699996,-51.1875,America/Sao_Paulo
CGB,Marechal Rondon Airport,Cuiaba,Brazil,-15.6528997421,-56.1166992188,America/Campo_Grande
CZS,Cruzeiro do Sul Airport,Cruzeiro do Sul,Brazil,-7.59990978241,-72.7695007324,America/Rio_Branco
PPB,Presidente Prudente Airport,President Prudente,Brazil,-22.1751003265,-51.4245986938,America/Sao_Paulo
MAO,Eduardo Gomes International Airport,Manaus,Brazil,-3.0386099815368652,-60.04970169067383,America/Boa_Vista
JCR,Jacareacanga Airport,Jacare-acanga,Brazil,-6.233160018920898,-57.77690124511719,America/Belem
IGU,Cataratas International Airport,Foz Do Iguacu,Brazil,-25.600278854370117,-54.48500061035156,America/Sao_Paulo
FLN,Hercílio Luz International Airport,Florianopolis,Brazil,-27.670278549194336,-48.5525016784668,America/Sao_Paulo
FEN,Fernando de Noronha Airport,Fernando Do Noronha,Brazil,-3.85493,-32.423302,America/Fortaleza
FOR,Pinto Martins International Airport,Fortaleza,Brazil,-3.776279926300049,-38.53260040283203,America/Fortaleza
GIG,Rio Galeão – Tom Jobim International Airport,Rio De Janeiro,Brazil,-22.8099994659,-43.2505569458,America/Sao_Paulo
GJM,Guajará-Mirim Airport,Guajara-mirim,Brazil,-10.786399841308594,-65.28479766845703,America/Boa_Vista
GYN,Santa Genoveva Airport,Goiania,Brazil,-16.631999969482422,-49.220699310302734,America/Sao_Paulo
GRU,Guarulhos - Governador André Franco Montoro International Airport,Sao Paulo,Brazil,-23.435556411743164,-46.47305679321289,America/Sao_Paulo
GUJ,Guaratinguetá Airport,Guaratingueta,Brazil,-22.79159927368164,-45.20479965209961,America/Sao_Paulo
ATM,Altamira Airport,Altamira,Brazil,-3.2539100646973,-52.254001617432,America/Belem
ITA,Itacoatiara Airport,Itaituba,Brazil,-3.1272599697113037,-58.481201171875,America/Boa_Vista
ITB,Itaituba Airport,Itaituba,Brazil,-4.2423400878906,-56.000701904297,America/Belem
IOS,Bahia - Jorge Amado Airport,Ilheus,Brazil,-14.815999984741,-39.033199310303,America/Fortaleza
IPN,Usiminas Airport,Ipatinga,Brazil,-19.470699310303,-42.487598419189,America/Sao_Paulo
ITR,Francisco Vilela do Amaral Airport,Itumbiara,Brazil,-18.4447002411,-49.2134017944,America/Sao_Paulo
IMP,Prefeito Renato Moreira Airport,Imperatriz,Brazil,-5.53129,-47.459999,America/Fortaleza
JDF,Francisco de Assis Airport,Juiz De Fora,Brazil,-21.791500091552734,-43.38679885864258,America/Sao_Paulo
JPA,Presidente Castro Pinto International Airport,Joao Pessoa,Brazil,-7.145833015440001,-34.9486122131,America/Fortaleza
JOI,Lauro Carneiro de Loyola Airport,Joinville,Brazil,-26.22450065612793,-48.797401428222656,America/Sao_Paulo
CPV,Presidente João Suassuna Airport,Campina Grande,Brazil,-7.26992,-35.8964,America/Fortaleza
VCP,Viracopos International Airport,Campinas,Brazil,-23.0074005127,-47.1344985962,America/Sao_Paulo
LAJ,Lages Airport,Lajes,Brazil,-27.782100677499997,-50.28150177,America/Sao_Paulo
LIP,Lins Airport,Lins,Brazil,-21.663999557495,-49.730499267578,America/Sao_Paulo
LDB,Governador José Richa Airport,Londrina,Brazil,-23.333599090599996,-51.1301002502,America/Sao_Paulo
LAZ,Bom Jesus da Lapa Airport,Bom Jesus Da Lapa,Brazil,-13.2621002197,-43.4081001282,America/Fortaleza
MAB,João Correa da Rocha Airport,Maraba,Brazil,-5.36858987808,-49.138000488299994,America/Belem
MEU,Monte Dourado Airport,Almeirim,Brazil,-0.889839,-52.6022,America/Belem
MGF,Regional de Maringá - Sílvio Nane Junior Airport,Maringa,Brazil,-23.479444503799996,-52.01222229,America/Sao_Paulo
MOC,Mário Ribeiro Airport,Montes Claros,Brazil,-16.706899642899998,-43.818901062,America/Sao_Paulo
PLL,Ponta Pelada Airport,Manaus,Brazil,-3.1460399627685547,-59.98630142211914,America/Boa_Vista
MCZ,Zumbi dos Palmares Airport,Maceio,Brazil,-9.510809898376465,-35.79169845581055,America/Fortaleza
MCP,Alberto Alcolumbre Airport,Macapa,Brazil,0.0506640002131,-51.0722007751,America/Fortaleza
MVF,Dix-Sept Rosado Airport,Mocord,Brazil,-5.2019200324999995,-37.3642997742,America/Fortaleza
MNX,Manicoré Airport,Manicore,Brazil,-5.8113799095154,-61.278301239014,America/Boa_Vista
NVT,Ministro Victor Konder International Airport,Navegantes,Brazil,-26.879999,-48.651402,America/Sao_Paulo
GEL,Santo Ângelo Airport,Santo Angelo,Brazil,-28.2817,-54.169102,America/Sao_Paulo
NAT,Governador Aluízio Alves International Airport,Natal,Brazil,-5.768056,-35.376111,America/Fortaleza
OYK,Oiapoque Airport,Oioiapoque,Brazil,3.85548996925354,-51.79690170288086,America/Fortaleza
POA,Salgado Filho Airport,Porto Alegre,Brazil,-29.994400024414062,-51.1713981628418,America/Sao_Paulo
PHB,Prefeito Doutor João Silva Filho Airport,Parnaiba,Brazil,-2.89374995232,-41.73199844359999,America/Fortaleza
POO,Poços de Caldas - Embaixador Walther Moreira Salles Airport,Pocos De Caldas,Brazil,-21.843000411987,-46.567901611328,America/Sao_Paulo
PFB,Lauro Kurtz Airport,Passo Fundo,Brazil,-28.243999,-52.326599,America/Sao_Paulo
PET,João Simões Lopes Neto International Airport,Pelotas,Brazil,-31.718399,-52.327702,America/Sao_Paulo
PNZ,Senador Nilo Coelho Airport,Petrolina,Brazil,-9.362409591674805,-40.56909942626953,America/Fortaleza
PNB,Porto Nacional Airport,Porto Nacional,Brazil,-10.719400405883789,-48.39970016479492,America/Fortaleza
PMG,Ponta Porã Airport,Ponta Pora,Brazil,-22.54960060119629,-55.702598571777344,America/Campo_Grande
PVH,Governador Jorge Teixeira de Oliveira Airport,Porto Velho,Brazil,-8.70928955078125,-63.90230178833008,America/Boa_Vista
RBR,Plácido de Castro Airport,Rio Branco,Brazil,-9.868888854980469,-67.89805603027344,America/Rio_Branco
REC,Guararapes - Gilberto Freyre International Airport,Recife,Brazil,-8.126489639282227,-34.92359924316406,America/Fortaleza
SDU,Santos Dumont Airport,Rio De Janeiro,Brazil,-22.910499572799996,-43.1631011963,America/Sao_Paulo
RAO,Leite Lopes Airport,Ribeirao Preto,Brazil,-21.136388778686523,-47.776668548583984,America/Sao_Paulo
SNZ,Santa Cruz Air Force Base,Rio De Janeiro,Brazil,-22.9324,-43.719101,America/Sao_Paulo
SJK,Professor Urbano Ernesto Stumpf Airport,Sao Jose Dos Campos,Brazil,-23.22920036315918,-45.86149978637695,America/Sao_Paulo
SLZ,Marechal Cunha Machado International Airport,Sao Luis,Brazil,-2.585360050201416,-44.234100341796875,America/Fortaleza
CGH,Congonhas Airport,Sao Paulo,Brazil,-23.626110076904297,-46.65638732910156,America/Sao_Paulo
SJP,Prof. Eribelto Manoel Reino State Airport,Sao Jose Do Rio Preto,Brazil,-20.816600799599996,-49.40650177,America/Sao_Paulo
SSZ,Base Aérea de Santos Airport,Santos,Brazil,-23.928056716918945,-46.299720764160156,America/Sao_Paulo
SSA,Deputado Luiz Eduardo Magalhães International Airport,Salvador,Brazil,-12.9086112976,-38.3224983215,America/Fortaleza
TMT,Trombetas Airport,Oriximina,Brazil,-1.489599943161,-56.396800994873,America/Belem
THE,Senador Petrônio Portela Airport,Teresina,Brazil,-5.0599398613,-42.8235015869,America/Fortaleza
TFF,Tefé Airport,Tefe,Brazil,-3.38294005394,-64.7240982056,America/Boa_Vista
TRQ,Tarauacá Airport,Tarauaca,Brazil,-8.1552600860596,-70.783302307129,America/Rio_Branco
TEC,Telêmaco Borba Airport,Telemaco Borba,Brazil,-24.317800521850586,-50.6515998840332,America/Sao_Paulo
TBT,Tabatinga Airport,Tabatinga,Brazil,-4.2556700706482,-69.93579864502,America/Boa_Vista
TUR,Tucuruí Airport,Tucurui,Brazil,-3.7860100269318,-49.72029876709,America/Belem
SJL,São Gabriel da Cachoeira Airport,Sao Gabriel,Brazil,-0.14835,-66.9855,America/Boa_Vista
PAV,Paulo Afonso Airport,Paulo Alfonso,Brazil,-9.4008798599243,-38.250598907471,America/Fortaleza
URG,Rubem Berta Airport,Uruguaiana,Brazil,-29.7821998596,-57.0382003784,America/Sao_Paulo
UDI,Ten. Cel. Aviador César Bombonato Airport,Uberlandia,Brazil,-18.883612,-48.225277,America/Sao_Paulo
UBA,Mário de Almeida Franco Airport,Uberaba,Brazil,-19.764722824097,-47.966110229492,America/Sao_Paulo
VAG,Major Brigadeiro Trompowsky Airport,Varginha,Brazil,-21.5900993347,-45.4733009338,America/Sao_Paulo
BVH,Brigadeiro Camarão Airport,Vilhena,Brazil,-12.694399833679,-60.098300933838,America/Boa_Vista
VIX,Eurico de Aguiar Salles Airport,Vitoria,Brazil,-20.258057,-40.286388,America/Sao_Paulo
QPS,Campo Fontenelle Airport,Piracununga,Brazil,-21.984600067138672,-47.334800720214844,America/Sao_Paulo
ARI,Chacalluta Airport,Arica,Chile,-18.348499,-70.338699,America/Santiago
BBA,Balmaceda Airport,Balmaceda,Chile,-45.916099548339844,-71.68949890136719,America/Santiago
CCH,Chile Chico Airport,Chile Chico,Chile,-46.58330154418945,-71.6874008178711,America/Santiago
CJC,El Loa Airport,Calama,Chile,-22.498199462890625,-68.90360260009766,America/Santiago
YAI,Gral. Bernardo O´Higgins Airport,Chillan,Chile,-36.58250045776367,-72.03140258789062,America/Santiago
PUQ,Pdte. Carlos Ibañez del Campo Airport,Punta Arenas,Chile,-53.002602,-70.854599,America/Santiago
GXQ,Teniente Vidal Airport,Coyhaique,Chile,-45.594200134277344,-72.1061019897461,America/Santiago
IQQ,Diego Aracena Airport,Iquique,Chile,-20.535200119018555,-70.1812973022461,America/Santiago
SCL,Comodoro Arturo Merino Benítez International Airport,Santiago,Chile,-33.393001556396484,-70.78579711914062,America/Santiago
ANF,Andrés Sabella Gálvez International Airport,Antofagasta,Chile,-23.444501,-70.445099,America/Santiago
WPR,Capitan Fuentes Martinez Airport Airport,Porvenir,Chile,-53.253700256347656,-70.31919860839844,America/Santiago
FFU,Futaleufú Airport,Futaleufu,Chile,-43.18920135498047,-71.8510971069336,America/Santiago
LSQ,María Dolores Airport,Los Angeles,Chile,-37.40169906616211,-72.42539978027344,America/Santiago
WPU,Guardiamarina Zañartu Airport,Puerto Williams,Chile,-54.93109893798828,-67.62629699707031,America/Santiago
CCP,Carriel Sur Airport,Concepcion,Chile,-36.772701,-73.063103,America/Santiago
IPC,Mataveri Airport,Easter Island,Chile,-27.1648006439,-109.42199707,Pacific/Easter
ZOS,Cañal Bajo Carlos - Hott Siebert Airport,Osorno,Chile,-40.61119842529297,-73.06099700927734,America/Santiago
VLR,Vallenar Airport,Vallenar,Chile,-28.596399307250977,-70.75599670410156,America/Santiago
QRC,De La Independencia Airport,Rancagua,Chile,-34.17369842529297,-70.77570343017578,America/Santiago
TNM,Teniente Rodolfo Marsh Martin Base,Isla Rey Jorge,Antarctica,-62.1907997131,-58.9866981506,Antarctica/South_Pole
LSC,La Florida Airport,La Serena,Chile,-29.916201,-71.199501,America/Santiago
PZS,Maquehue Airport,Temuco,Chile,-38.766799926758,-72.637100219727,America/Santiago
PMC,El Tepual Airport,Puerto Montt,Chile,-41.438899993896484,-73.09400177001953,America/Santiago
WCH,Chaitén Airport,Chaiten,Chile,-42.93280029296875,-72.6990966796875,America/Santiago
ZAL,Pichoy Airport,Valdivia,Chile,-39.6500015259,-73.0860977173,America/Santiago
ATF,Chachoán Airport,Ambato,Ecuador,-1.2120699882507324,-78.57460021972656,America/Guayaquil
OCC,Francisco De Orellana Airport,Coca,Ecuador,-0.4628860056400299,-76.98680114746094,America/Guayaquil
CUE,Mariscal Lamar Airport,Cuenca,Ecuador,-2.88947,-78.984398,America/Guayaquil
GPS,Seymour Airport,Galapagos,Ecuador,-0.45375800132751465,-90.26589965820312,Pacific/Galapagos
GYE,José Joaquín de Olmedo International Airport,Guayaquil,Ecuador,-2.1574199199699997,-79.88359832760001,America/Guayaquil
LTX,Cotopaxi International Airport,Latacunga,Ecuador,-0.906833,-78.615799,America/Guayaquil
MRR,Jose Maria Velasco Ibarra Airport,Macara,Ecuador,-4.37823009491,-79.94100189210002,America/Guayaquil
XMS,Coronel E Carvajal Airport,Macas,Ecuador,-2.2991700172424316,-78.12079620361328,America/Guayaquil
MCH,General Manuel Serrano Airport,Machala,Ecuador,-3.2689,-79.961601,America/Guayaquil
MEC,Eloy Alfaro International Airport,Manta,Ecuador,-0.9460780024528503,-80.67880249023438,America/Guayaquil
PVO,Reales Tamarindos Airport,Portoviejo,Ecuador,-1.0416500568389893,-80.47219848632812,America/Guayaquil
UIO,Mariscal Sucre International Airport,Quito,Ecuador,-0.129166666667,-78.3575,America/Guayaquil
ETR,Santa Rosa International Airport,Santa Rosa,Ecuador,-3.441986,-79.996957,America/Guayaquil
SNC,General Ulpiano Paez Airport,Salinas,Ecuador,-2.20499,-80.988899,America/Guayaquil
TPC,Tarapoa Airport,Tarapoa,Ecuador,-0.12295600026845932,-76.33779907226562,America/Guayaquil
TUA,Teniente Coronel Luis a Mantilla Airport,Tulcan,Ecuador,0.8095059990882874,-77.70809936523438,America/Guayaquil
ASU,Silvio Pettirossi International Airport,Asuncion,Paraguay,-25.239999771118164,-57.52000045776367,America/Asuncion
AYO,Juan De Ayolas Airport,Ayolas,Paraguay,-27.370554,-56.854064,America/Asuncion
CIO,Teniente Col Carmelo Peralta Airport,Conception,Paraguay,-23.442363,-57.427253,America/Asuncion
ESG,Dr. Luis Maria Argaña International Airport,Mariscal Estigarribia,Paraguay,-22.049999237060547,-60.619998931884766,America/Asuncion
PIL,Carlos Miguel Gimenez Airport,Pilar,Paraguay,-26.881224,-58.318026,America/Asuncion
AXM,El Eden Airport,Armenia,Colombia,4.45278,-75.7664,America/Bogota
PUU,Tres De Mayo Airport,Puerto Asis,Colombia,0.505228,-76.5008,America/Bogota
ELB,Las Flores Airport,El Banco,Colombia,9.04554,-73.9749,America/Bogota
BGA,Palonegro Airport,Bucaramanga,Colombia,7.1265,-73.1848,America/Bogota
BOG,El Dorado International Airport,Bogota,Colombia,4.70159,-74.1469,America/Bogota
BAQ,Ernesto Cortissoz International Airport,Barranquilla,Colombia,10.8896,-74.7808,America/Bogota
BSC,José Celestino Mutis Airport,Bahia Solano,Colombia,6.20292,-77.3947,America/Bogota
BUN,Gerardo Tobar López Airport,Buenaventura,Colombia,3.81963,-76.9898,America/Bogota
CUC,Camilo Daza International Airport,Cucuta,Colombia,7.92757,-72.5115,America/Bogota
CTG,Rafael Nuñez International Airport,Cartagena,Colombia,10.4424,-75.513,America/Bogota
CLO,Alfonso Bonilla Aragon International Airport,Cali,Colombia,3.54322,-76.3816,America/Bogota
TCO,La Florida Airport,Tumaco,Colombia,1.81442,-78.7492,America/Bogota
CZU,Las Brujas Airport,Corozal,Colombia,9.33274,-75.2856,America/Bogota
EJA,Yariguíes Airport,Barrancabermeja,Colombia,7.02433,-73.8068,America/Bogota
FLA,Gustavo Artunduaga Paredes Airport,Florencia,Colombia,1.58919,-75.5644,America/Bogota
GIR,Santiago Vila Airport,Girardot,Colombia,4.27624,-74.7967,America/Bogota
GPI,Juan Casiano Airport,Guapi,Colombia,2.57013,-77.8986,America/Bogota
IBE,Perales Airport,Ibague,Colombia,4.42161,-75.1333,America/Bogota
IPI,San Luis Airport,Ipiales,Colombia,0.861925,-77.6718,America/Bogota
APO,Antonio Roldan Betancourt Airport,Carepa,Colombia,7.81196,-76.7164,America/Bogota
MCJ,Jorge Isaac Airport,La Mina,Colombia,11.2325,-72.4901,America/Bogota
LET,Alfredo Vásquez Cobo International Airport,Leticia,Colombia,-4.19355,-69.9432,America/Bogota
EOH,Enrique Olaya Herrera Airport,Medellin,Colombia,6.220549,-75.590582,America/Bogota
MGN,Baracoa Airport,Magangue,Colombia,9.28474,-74.8461,America/Bogota
MTR,Los Garzones Airport,Monteria,Colombia,8.82374,-75.8258,America/Bogota
MVP,Fabio Alberto Leon Bentley Airport,Mitu,Colombia,1.25366,-70.2339,America/Bogota
MZL,La Nubia Airport,Manizales,Colombia,5.0296,-75.4647,America/Bogota
NVA,Benito Salas Airport,Neiva,Colombia,2.95015,-75.294,America/Bogota
OCV,Aguas Claras Airport,Ocana,Colombia,8.31506,-73.3583,America/Bogota
OTU,Otu Airport,Otu,Colombia,7.01037,-74.7155,America/Bogota
PCR,German Olano Airport,Puerto Carreno,Colombia,6.18472,-67.4932,America/Bogota
PEI,Matecaña International Airport,Pereira,Colombia,4.81267,-75.7395,America/Bogota
PTX,Pitalito Airport,Pitalito,Colombia,1.85777,-76.0857,America/Bogota
PPN,Guillermo León Valencia Airport,Popayan,Colombia,2.4544,-76.6093,America/Bogota
PSO,Antonio Narino Airport,Pasto,Colombia,1.39625,-77.2915,America/Bogota
PVA,El Embrujo Airport,Providencia,Colombia,13.3569,-81.3583,America/Bogota
MQU,Mariquita Airport,Mariquita,Colombia,5.21256,-74.8836,America/Bogota
MDE,Jose Maria Córdova International Airport,Rio Negro,Colombia,6.16454,-75.4231,America/Bogota
RCH,Almirante Padilla Airport,Rio Hacha,Colombia,11.5262,-72.926,America/Bogota
SJE,Jorge E. Gonzalez Torres Airport,San Jose Del Guaviare,Colombia,2.57969,-72.6394,America/Bogota
SMR,Simón Bolívar International Airport,Santa Marta,Colombia,11.1196,-74.2306,America/Bogota
ADZ,Gustavo Rojas Pinilla International Airport,San Andres Island,Colombia,12.5836,-81.7112,America/Bogota
SVI,Eduardo Falla Solano Airport,San Vincente De Caguan,Colombia,2.15217,-74.7663,America/Bogota
TME,Gustavo Vargas Airport,Tame,Colombia,6.45108,-71.7603,America/Bogota
AUC,Santiago Perez Airport,Arauca,Colombia,7.06888,-70.7369,America/Bogota
UIB,El Caraño Airport,Quibdo,Colombia,5.69076,-76.6412,America/Bogota
ULQ,Heriberto Gíl Martínez Airport,Tulua,Colombia,4.08836,-76.2351,America/Bogota
VUP,Alfonso López Pumarejo Airport,Valledupar,Colombia,10.435,-73.2495,America/Bogota
VVC,Vanguardia Airport,Villavicencio,Colombia,4.16787,-73.6138,America/Bogota
BJO,Bermejo Airport,Bermejo,Bolivia,-22.7733001709,-64.31289672850001,America/La_Paz
CBB,Jorge Wilsterman International Airport,Cochabamba,Bolivia,-17.421100616455078,-66.1771011352539,America/La_Paz
CCA,Chimore Airport,Chapacura,Bolivia,-16.976834,-65.145568,America/La_Paz
CIJ,Capitán Aníbal Arab Airport,Cobija,Bolivia,-11.040399551400002,-68.7829971313,America/La_Paz
LPB,El Alto International Airport,La Paz,Bolivia,-16.5132999420166,-68.19229888916016,America/La_Paz
ORU,Juan Mendoza Airport,Oruro,Bolivia,-17.962600708,-67.0762023926,America/La_Paz
POI,Capitan Nicolas Rojas Airport,Potosi,Bolivia,-19.5431003571,-65.72370147710001,America/La_Paz
PSZ,Capitán Av. Salvador Ogaya G. airport,Puerto Suarez,Bolivia,-18.975301,-57.820599,America/La_Paz
SBL,Santa Ana Del Yacuma Airport,Santa Ana,Bolivia,-13.762200355500001,-65.4352035522,America/La_Paz
SRE,Juana Azurduy De Padilla Airport,Sucre,Bolivia,-19.007099151611328,-65.2886962890625,America/La_Paz
TJA,Capitan Oriel Lea Plaza Airport,Tarija,Bolivia,-21.5557003021,-64.7013015747,America/La_Paz
TDD,Teniente Av. Jorge Henrich Arauz Airport,Trinidad,Bolivia,-14.8186998367,-64.9179992676,America/La_Paz
VLM,Teniente Coronel Rafael Pabón Airport,Villa Montes,Bolivia,-21.255199432399998,-63.4056015015,America/La_Paz
VVI,Viru Viru International Airport,Santa Cruz,Bolivia,-17.6448,-63.135399,America/La_Paz
BYC,Yacuiba Airport,Yacuiba,Bolivia,-21.960899353027344,-63.65169906616211,America/La_Paz
PBM,Johan Adolf Pengel International Airport,Zandery,Suriname,5.4528298377999995,-55.1878013611,America/Paramaribo
CAY,Cayenne-Rochambeau Airport,Cayenne,French Guiana,4.819809913639999,-52.360401153599994,America/Cayenne
OYP,Saint-Georges-de-l'Oyapock Airport,St.-georges Oyapock,French Guiana,3.89759993553,-51.8041000366,America/Cayenne
AOP,Alferez FAP Alfredo Vladimir Sara Bauer Airport,Andoas,Peru,-2.79612994194,-76.46659851070001,America/Lima
IBP,Iberia Airport,Iberia,Peru,-11.411600112915039,-69.48870086669922,America/Lima
PCL,Cap FAP David Abenzur Rengifo International Airport,Pucallpa,Peru,-8.37794017791748,-74.57430267333984,America/Lima
CHM,Teniente FAP Jaime A De Montreuil Morales Airport,Chimbote,Peru,-9.149609565734863,-78.5238037109375,America/Lima
CIX,Capitan FAP Jose A Quinones Gonzales International Airport,Chiclayo,Peru,-6.787479877471924,-79.8281021118164,America/Lima
AYP,Coronel FAP Alfredo Mendivil Duarte Airport,Ayacucho,Peru,-13.154800415039062,-74.20439910888672,America/Lima
ANS,Andahuaylas Airport,Andahuaylas,Peru,-13.706399917602539,-73.35040283203125,America/Lima
ATA,Comandante FAP German Arias Graziani Airport,Anta,Peru,-9.347439765930176,-77.59839630126953,America/Lima
LIM,Jorge Chávez International Airport,Lima,Peru,-12.0219,-77.114305,America/Lima
JJI,Juanjui Airport,Juanjui,Peru,-7.169099807739258,-76.72859954833984,America/Lima
JAU,Francisco Carle Airport,Jauja,Peru,-11.7831001282,-75.47339630130001,America/Lima
JUL,Inca Manco Capac International Airport,Juliaca,Peru,-15.467100143432617,-70.158203125,America/Lima
ILQ,Ilo Airport,Ilo,Peru,-17.69499969482422,-71.34400177001953,America/Lima
TBP,Capitan FAP Pedro Canga Rodriguez Airport,Tumbes,Peru,-3.55253005027771,-80.38140106201172,America/Lima
YMS,Moises Benzaquen Rengifo Airport,Yurimaguas,Peru,-5.893770217895508,-76.11820220947266,America/Lima
CHH,Chachapoyas Airport,Chachapoyas,Peru,-6.201809883117676,-77.8561019897461,America/Lima
IQT,Coronel FAP Francisco Secada Vignetta International Airport,Iquitos,Peru,-3.7847399711608887,-73.30879974365234,America/Lima
AQP,Rodríguez Ballón International Airport,Arequipa,Peru,-16.3411006927,-71.5830993652,America/Lima
TRU,Capitan FAP Carlos Martinez De Pinillos International Airport,Trujillo,Peru,-8.08141040802002,-79.10880279541016,America/Lima
PIO,Capitán FAP Renán Elías Olivera International Airport,Pisco,Peru,-13.74489974975586,-76.22029876708984,America/Lima
TPP,Cadete FAP Guillermo Del Castillo Paredes Airport,Tarapoto,Peru,-6.508739948272705,-76.37319946289062,America/Lima
TCQ,Coronel FAP Carlos Ciriani Santa Rosa International Airport,Tacna,Peru,-18.053300857500002,-70.2758026123,America/Lima
PEM,Padre Aldamiz International Airport,Puerto Maldonado,Peru,-12.6135997772,-69.2285995483,America/Lima
PIU,Capitán FAP Guillermo Concha Iberico International Airport,Piura,Peru,-5.20574998856,-80.61640167239999,America/Lima
TYL,Capitan Montes Airport,Talara,Peru,-4.5766401290894,-81.254096984863,America/Lima
CUZ,Alejandro Velasco Astete International Airport,Cuzco,Peru,-13.535699844400002,-71.9387969971,America/Lima
DZO,Santa Bernardina International Airport,Durazno,Uruguay,-33.3588981628418,-56.49919891357422,America/Montevideo
MVD,Carrasco International /General C L Berisso Airport,Montevideo,Uruguay,-34.838402,-56.0308,America/Montevideo
STY,Nueva Hesperides International Airport,Salto,Uruguay,-31.438499450683594,-57.98529815673828,America/Montevideo
AGV,Oswaldo Guevara Mujica Airport,Acarigua,Venezuela,9.553375244140625,-69.23786926269531,America/Caracas
AAO,Anaco Airport,Anaco,Venezuela,9.430225372314453,-64.4707260131836,America/Caracas
BLA,General José Antonio Anzoategui International Airport,Barcelona,Venezuela,10.111111,-64.692222,America/Caracas
BNS,Barinas Airport,Barinas,Venezuela,8.615,-70.21416667,America/Caracas
BRM,Barquisimeto International Airport,Barquisimeto,Venezuela,10.042746543884277,-69.3586196899414,America/Caracas
CBL,"Aeropuerto ""General Tomas de Heres"". Ciudad Bolivar",Ciudad Bolivar,Venezuela,8.12216091156,-63.5369567871,America/Caracas
CXA,Caicara del Orinoco Airport,Caicara De Orinoco,Venezuela,7.625510215759277,-66.16280364990234,America/Caracas
CLZ,Calabozo Airport,Calabozo,Venezuela,8.92465591430664,-67.4170913696289,America/Caracas
CAJ,Canaima Airport,Canaima,Venezuela,6.231988906860352,-62.85443115234375,America/Caracas
VCR,Carora Airport,Carora,Venezuela,10.175602912902832,-70.06521606445312,America/Caracas
CUP,General Francisco Bermúdez Airport,Carupano,Venezuela,10.660014152526855,-63.261680603027344,America/Caracas
CZE,José Leonardo Chirinos Airport,Coro,Venezuela,11.41494369506836,-69.68090057373047,America/Caracas
CUM,Cumaná (Antonio José de Sucre) Airport,Cumana,Venezuela,10.450332641601562,-64.1304702758789,America/Caracas
EOR,El Dorado Airport,El Dorado,Venezuela,6.733333110809326,-61.58333206176758,America/Caracas
EOZ,Elorza Airport,Elorza,Venezuela,7.0833330154418945,-69.53333282470703,America/Caracas
GDO,Guasdalito Airport,Guasdualito,Venezuela,7.233333110809326,-70.80000305175781,America/Caracas
GUI,Guiria Airport,Guiria,Venezuela,10.574077606200001,-62.3126678467,America/Caracas
GUQ,Guanare Airport,Guanare,Venezuela,9.026944160461426,-69.7551498413086,America/Caracas
HGE,Higuerote Airport,Higuerote,Venezuela,10.462474,-66.092779,America/Caracas
ICC,Andrés Miguel Salazar Marcano Airport,Isla De Coche,Venezuela,10.794432,-63.98159,America/Caracas
LSP,Josefa Camejo International Airport,Paraguana,Venezuela,11.78077507019043,-70.15149688720703,America/Caracas
LFR,La Fria Airport,La Fria,Venezuela,8.239167213439941,-72.27102661132812,America/Caracas
MAR,La Chinita International Airport,Maracaibo,Venezuela,10.5582084656,-71.7278594971,America/Caracas
MRD,Alberto Carnevalli Airport,Merida,Venezuela,8.582078,-71.161041,America/Caracas
PMV,Del Caribe Santiago Mariño International Airport,Porlamar,Venezuela,10.912603378295898,-63.96659851074219,America/Caracas
CCS,Simón Bolívar International Airport,Caracas,Venezuela,10.601194,-66.991222,America/Caracas
MUN,Maturín Airport,Maturin,Venezuela,9.75452995300293,-63.14739990234375,America/Caracas
PYH,Cacique Aramare Airport,Puerto Ayacucho,Venezuela,5.6199898719788,-67.606101989746,America/Caracas
PBL,General Bartolome Salom International Airport,Puerto Cabello,Venezuela,10.480500221252441,-68.072998046875,America/Caracas
SCI,Paramillo Airport,San Cristobal,Venezuela,7.8013200759887695,-72.2029037475586,America/Caracas
PZO,General Manuel Carlos Piar International Airport,Guayana,Venezuela,8.288530349731445,-62.760398864746094,America/Caracas
PTM,Palmarito Airport,Palmarito,Venezuela,7.566669940948486,-70.18329620361328,America/Caracas
SVZ,San Antonio Del Tachira Airport,San Antonio,Venezuela,7.840829849243164,-72.439697265625,America/Caracas
SBB,Santa Bárbara de Barinas Airport,Santa Barbara,Venezuela,7.803514003753662,-71.16571807861328,America/Caracas
SNV,Santa Elena de Uairen Airport,Santa Ana De Uairen,Venezuela,4.554999828338623,-61.150001525878906,America/Caracas
STD,Mayor Buenaventura Vivas International Airport,Santo Domingo,Venezuela,7.56538,-72.035103,America/Caracas
SNF,Sub Teniente Nestor Arias Airport,San Felipe,Venezuela,10.2787,-68.755203,America/Caracas
SFD,San Fernando De Apure Airport,San Fernando De Apure,Venezuela,7.883319854736328,-67.44400024414062,America/Caracas
SOM,San Tomé Airport,San Tome,Venezuela,8.9451465606689,-64.151084899902,America/Caracas
STB,Santa Bárbara del Zulia Airport,Santa Barbara,Venezuela,8.974550247192383,-71.94325256347656,America/Caracas
TUV,Tucupita Airport,Tucupita,Venezuela,9.088994026184082,-62.094173431396484,America/Caracas
TMO,Tumeremo Airport,Tumeremo,Venezuela,7.24938,-61.52893,America/Caracas
VLN,Arturo Michelena International Airport,Valencia,Venezuela,10.14973258972168,-67.92839813232422,America/Caracas
VLV,Dr. Antonio Nicolás Briceño Airport,Valera,Venezuela,9.34047794342041,-70.58406066894531,America/Caracas
VDP,Valle de La Pascua Airport,Valle De La Pascua,Venezuela,9.22202777863,-65.9935836792,America/Caracas
LTM,Lethem Airport,Lethem,Guyana,3.37276,-59.789398,America/Guyana
ANU,V.C. Bird International Airport,Antigua,Antigua and Barbuda,17.1367,-61.792702,America/Antigua
BGI,Sir Grantley Adams International Airport,Bridgetown,Barbados,13.0746002197,-59.4925003052,America/Barbados
DCF,Canefield Airport,Canefield,Dominica,15.336700439453125,-61.3922004699707,America/Dominica
DOM,Douglas-Charles Airport,Dominica,Dominica,15.547,-61.299999,America/Dominica
FDF,Martinique Aimé Césaire International Airport,Fort-de-france,Martinique,14.590999603271484,-61.00320053100586,America/Martinique
SFG,L'Espérance Airport,St. Martin,Guadeloupe,18.099899291992,-63.047199249268,
PTP,Pointe-à-Pitre Le Raizet,Pointe-a-pitre,Guadeloupe,16.265301,-61.531799,America/Guadeloupe
GND,Point Salines International Airport,Point Salines,Grenada,12.004199981689453,-61.78620147705078,America/Grenada
STT,Cyril E. King Airport,St. Thomas,Virgin Islands,18.337299346923828,-64.97339630126953,America/St_Thomas
STX,Henry E Rohlsen Airport,St. Croix Island,Virgin Islands,17.701900482177734,-64.79859924316406,America/St_Thomas
BQN,Rafael Hernandez Airport,Aguadilla,Puerto Rico,18.49489974975586,-67.12940216064453,America/Puerto_Rico
FAJ,Diego Jimenez Torres Airport,Fajardo,Puerto Rico,18.308900833129883,-65.66190338134766,America/Puerto_Rico
SIG,Fernando Luis Ribas Dominicci Airport,San Juan,Puerto Rico,18.45680046081543,-66.09809875488281,America/Puerto_Rico
MAZ,Eugenio Maria De Hostos Airport,Mayaguez,Puerto Rico,18.255699157714844,-67.14849853515625,America/Puerto_Rico
PSE,Mercedita Airport,Ponce,Puerto Rico,18.00830078125,-66.56300354003906,America/Puerto_Rico
SJU,Luis Munoz Marin International Airport,San Juan,Puerto Rico,18.4393997192,-66.0018005371,America/Puerto_Rico
SKB,Robert L. Bradshaw International Airport,Basse Terre,Saint Kitts and Nevis,17.311199188232422,-62.71870040893555,America/St_Kitts
SLU,George F. L. Charles Airport,Castries,Saint Lucia,14.0202,-60.992901,America/St_Lucia
UVF,Hewanorra International Airport,Hewandorra,Saint Lucia,13.7332,-60.952599,America/St_Lucia
AUA,Queen Beatrix International Airport,Oranjestad,Aruba,12.5014,-70.015198,America/Aruba
BON,Flamingo International Airport,Kralendijk,Netherlands Antilles,12.130999565124512,-68.26850128173828,America/Curacao
CUR,Hato International Airport,Willemstad,Netherlands Antilles,12.1889,-68.959801,America/Curacao
EUX,F. D. Roosevelt Airport,Oranjestad,Netherlands Antilles,17.49650001525879,-62.979400634765625,America/Curacao
SXM,Princess Juliana International Airport,Philipsburg,Netherlands Antilles,18.041000366200002,-63.1088981628,America/Curacao
AXA,Clayton J Lloyd International Airport,The Valley,Anguilla,18.2048,-63.055099,America/Anguilla
TAB,Tobago-Crown Point Airport,Scarborough,Trinidad and Tobago,11.149700164794922,-60.83219909667969,America/Port_of_Spain
POS,Piarco International Airport,Port-of-spain,Trinidad and Tobago,10.595399856567383,-61.33720016479492,America/Port_of_Spain
EIS,Terrance B. Lettsome International Airport,Tortola,British Virgin Islands,18.444799423217773,-64.54299926757812,America/Tortola
CIW,Canouan Airport,Canouan Island,Saint Vincent and the Grenadines,12.699,-61.3424,America/St_Vincent
MQS,Mustique Airport,Mustique,Saint Vincent and the Grenadines,12.887900352478027,-61.180198669433594,America/St_Vincent
SVD,Argyle International Airport,Kingstown,Saint Vincent and the Grenadines,13.156695,-61.149945,America/St_Vincent
ALA,Almaty Airport,Alma-ata,Kazakhstan,43.35210037231445,77.04049682617188,Asia/Qyzylorda
BXH,Balkhash Airport,Balkhash,Kazakhstan,46.8932991027832,75.00499725341797,Asia/Qyzylorda
TSE,Astana International Airport,Tselinograd,Kazakhstan,51.02220153808594,71.46690368652344,Asia/Qyzylorda
DMB,Taraz Airport,Dzhambul,Kazakhstan,42.853599548339844,71.30359649658203,Asia/Qyzylorda
FRU,Manas International Airport,Bishkek,Kyrgyzstan,43.0612983704,74.4776000977,Asia/Bishkek
OSS,Osh Airport,Osh,Kyrgyzstan,40.6090011597,72.793296814,Asia/Bishkek
CIT,Shymkent Airport,Chimkent,Kazakhstan,42.364200592041016,69.47889709472656,Asia/Qyzylorda
URA,Uralsk Airport,Uralsk,Kazakhstan,51.15079879760742,51.54309844970703,Asia/Oral
PWQ,Pavlodar Airport,Pavlodar,Kazakhstan,52.19499969482422,77.07389831542969,Asia/Qyzylorda
PLX,Semipalatinsk Airport,Semiplatinsk,Kazakhstan,50.351295,80.234398,Asia/Qyzylorda
AKX,Aktobe Airport,Aktyubinsk,Kazakhstan,50.2458,57.206699,Asia/Oral
GYD,Heydar Aliyev International Airport,Baku,Azerbaijan,40.467498779296875,50.04669952392578,Asia/Baku
YKS,Yakutsk Airport,Yakutsk,Russia,62.093299865722656,129.77099609375,Asia/Yakutsk
MJZ,Mirny Airport,Mirnyj,Russia,62.534698486328125,114.03900146484375,Asia/Yakutsk
BQS,Ignatyevo Airport,Blagoveschensk,Russia,50.42539978027344,127.41200256347656,Asia/Yakutsk
KHV,Khabarovsk-Novy Airport,Khabarovsk,Russia,48.52799987793,135.18800354004,Asia/Vladivostok
PVS,Provideniya Bay Airport,Provideniya Bay,Russia,64.37809753417969,-173.2429962158203,Asia/Anadyr
GDX,Sokol Airport,Magadan,Russia,59.9109992980957,150.72000122070312,Asia/Srednekolymsk
PWE,Pevek Airport,Pevek,Russia,69.783302307129,170.59700012207,
PKC,Yelizovo Airport,Petropavlovsk,Russia,53.16790008544922,158.45399475097656,Asia/Anadyr
UUS,Yuzhno-Sakhalinsk Airport,Yuzhno-sakhalinsk,Russia,46.88869857788086,142.71800231933594,Asia/Srednekolymsk
VVO,Vladivostok International Airport,Vladivostok,Russia,43.39899826049805,132.1479949951172,Asia/Vladivostok
HTA,Chita-Kadala Airport,Chita,Russia,52.026299,113.306,Asia/Yakutsk
BTK,Bratsk Airport,Bratsk,Russia,56.370601654052734,101.697998046875,Asia/Irkutsk
IKT,Irkutsk Airport,Irkutsk,Russia,52.268001556396,104.38899993896,Asia/Irkutsk
UUD,Ulan-Ude Airport (Mukhino),Ulan-ude,Russia,51.80780029296875,107.43800354003906,Asia/Irkutsk
KBP,Boryspil International Airport,Kiev,Ukraine,50.345001220703125,30.894699096679688,Europe/Kiev
DOK,Donetsk International Airport,Donetsk,Ukraine,48.07360076904297,37.73970031738281,Europe/Kiev
DNK,Dnipropetrovsk International Airport,Dnepropetrovsk,Ukraine,48.357200622558594,35.10060119628906,Europe/Kiev
SIP,Simferopol International Airport,Simferopol,Ukraine,45.05220031738281,33.975101470947266,Europe/Simferopol
IEV,Kiev Zhuliany International Airport,Kiev,Ukraine,50.40194,30.45194,Europe/Kiev
LWO,Lviv International Airport,Lvov,Ukraine,49.8125,23.956100463867188,Europe/Kiev
ODS,Odessa International Airport,Odessa,Ukraine,46.42679977416992,30.67650032043457,Europe/Kiev
LED,Pulkovo Airport,St. Petersburg,Russia,59.80030059814453,30.262500762939453,Europe/Moscow
MMK,Murmansk Airport,Murmansk,Russia,68.78170013427734,32.75080108642578,Europe/Moscow
GME,Gomel Airport,Gomel,Belarus,52.527000427246094,31.016700744628906,Europe/Minsk
VTB,Vitebsk Vostochny Airport,Vitebsk,Belarus,55.126499176025,30.349599838257,Europe/Minsk
KGD,Khrabrovo Airport,Kaliningrad,Russia,54.88999938964844,20.592599868774414,Europe/Kaliningrad
MHP,Minsk 1 Airport,Minsk,Belarus,53.864498138427734,27.53969955444336,Europe/Minsk
MSQ,Minsk National Airport,Minsk 2,Belarus,53.882499694824,28.030700683594,Europe/Minsk
ABA,Abakan Airport,Abakan,Russia,53.7400016784668,91.38500213623047,Asia/Krasnoyarsk
BAX,Barnaul Airport,Barnaul,Russia,53.363800048828125,83.53849792480469,Asia/Krasnoyarsk
KEJ,Kemerovo Airport,Kemorovo,Russia,55.27009963989258,86.1072006225586,Asia/Krasnoyarsk
OMS,Omsk Central Airport,Omsk,Russia,54.96699905395508,73.31050109863281,Asia/Omsk
KRR,Krasnodar Pashkovsky International Airport,Krasnodar,Russia,45.034698486328,39.170501708984,Europe/Moscow
MCX,Uytash Airport,Makhachkala,Russia,42.81679916381836,47.65230178833008,Europe/Moscow
MRV,Mineralnyye Vody Airport,Mineralnye Vody,Russia,44.225101470947266,43.08190155029297,Europe/Moscow
STW,Stavropol Shpakovskoye Airport,Stavropol,Russia,45.10919952392578,42.11280059814453,Europe/Moscow
ROV,Platov International Airport,Rostov,Russia,47.493888,39.924722,Europe/Moscow
AER,Sochi International Airport,Sochi,Russia,43.449902,39.9566,Europe/Moscow
ASF,Astrakhan Airport,Astrakhan,Russia,46.2832984924,48.0063018799,Europe/Samara
VOG,Volgograd International Airport,Volgograd,Russia,48.782501220703125,44.34550094604492,Europe/Moscow
CEK,Chelyabinsk Balandino Airport,Chelyabinsk,Russia,55.305801,61.5033,Asia/Yekaterinburg
MQF,Magnitogorsk International Airport,Magnetiogorsk,Russia,53.39310073852539,58.755699157714844,Asia/Yekaterinburg
NJC,Nizhnevartovsk Airport,Nizhnevartovsk,Russia,60.94929885864258,76.48359680175781,Asia/Yekaterinburg
PEE,Bolshoye Savino Airport,Perm,Russia,57.914501190186,56.021198272705,Asia/Yekaterinburg
SGC,Surgut Airport,Surgut,Russia,61.34370040893555,73.40180206298828,Asia/Yekaterinburg
SVX,Koltsovo Airport,Yekaterinburg,Russia,56.743099212646,60.802700042725,Asia/Yekaterinburg
ASB,Ashgabat International Airport,Ashkhabad,Turkmenistan,37.986801,58.361,Asia/Ashgabat
KRW,Turkmenbashi Airport,Krasnovodsk,Turkmenistan,40.063301,53.007198,Asia/Ashgabat
CRZ,Turkmenabat Airport,Chardzhou,Turkmenistan,39.08330154418945,63.61330032348633,Asia/Ashgabat
DYU,Dushanbe Airport,Dushanbe,Tajikistan,38.543300628699996,68.8249969482,Asia/Dushanbe
BHK,Bukhara Airport,Bukhara,Uzbekistan,39.775001525878906,64.4832992553711,Asia/Samarkand
SKD,Samarkand Airport,Samarkand,Uzbekistan,39.70050048828125,66.98380279541016,Asia/Samarkand
TAS,Tashkent International Airport,Tashkent,Uzbekistan,41.257900238,69.2811965942,Asia/Samarkand
BZK,Bryansk Airport,Bryansk,Russia,53.214199,34.176399,Europe/Moscow
SVO,Sheremetyevo International Airport,Moscow,Russia,55.972599,37.4146,Europe/Moscow
KLD,Migalovo Air Base,Tver,Russia,56.82469940185547,35.7577018737793,Europe/Moscow
VOZ,Voronezh International Airport,Voronezh,Russia,51.81420135498047,39.22959899902344,Europe/Moscow
VKO,Vnukovo International Airport,Moscow,Russia,55.5914993286,37.2615013123,Europe/Moscow
SCW,Syktyvkar Airport,Syktyvkar,Russia,61.64699935913086,50.84510040283203,Europe/Moscow
KZN,Kazan International Airport,Kazan,Russia,55.606201171875,49.278701782227,Europe/Moscow
REN,Orenburg Central Airport,Orenburg,Russia,51.795799255371094,55.45669937133789,Asia/Yekaterinburg
UFA,Ufa International Airport,Ufa,Russia,54.557498931885,55.874401092529,Asia/Yekaterinburg
KUF,Kurumoch International Airport,Samara,Russia,53.504901885986,50.16429901123,Europe/Samara
AMD,Sardar Vallabhbhai Patel International Airport,Ahmedabad,India,23.0771999359,72.63469696039999,Asia/Calcutta
AKD,Akola Airport,Akola,India,20.698999,77.058601,Asia/Calcutta
IXU,Aurangabad Airport,Aurangabad,India,19.862699508666992,75.39810180664062,Asia/Calcutta
BOM,Chhatrapati Shivaji International Airport,Mumbai,India,19.0886993408,72.8678970337,Asia/Calcutta
PAB,Bilaspur Airport,Bilaspur,India,21.9884,82.111,Asia/Calcutta
BHJ,Bhuj Airport,Bhuj,India,23.2877998352,69.6701965332,Asia/Calcutta
IXG,Belgaum Airport,Belgaum,India,15.859299659700001,74.6183013916,Asia/Calcutta
BDQ,Vadodara Airport,Baroda,India,22.336201,73.226303,Asia/Calcutta
BHO,Raja Bhoj International Airport,Bhopal,India,23.2875003815,77.3374023438,Asia/Calcutta
BHU,Bhavnagar Airport,Bhaunagar,India,21.752199173,72.1852035522,Asia/Calcutta
NMB,Daman Airport,Daman,India,20.43440055847168,72.84320068359375,Asia/Calcutta
GUX,Guna Airport,Guna,India,24.654699,77.347298,Asia/Calcutta
GOI,Dabolim Airport,Goa,India,15.3808002472,73.8313980103,Asia/Calcutta
IDR,Devi Ahilyabai Holkar Airport,Indore,India,22.7217998505,75.8011016846,Asia/Calcutta
JLR,Jabalpur Airport,Jabalpur,India,23.177799224853516,80.052001953125,Asia/Calcutta
JGA,Jamnagar Airport,Jamnagar,India,22.465499877929688,70.01260375976562,Asia/Calcutta
IXY,Kandla Airport,Kandla,India,23.1127,70.100304,Asia/Calcutta
HJR,Khajuraho Airport,Khajuraho,India,24.817199707,79.91860198970001,Asia/Calcutta
KLH,Kolhapur Airport,Kolhapur,India,16.6646995544,74.2893981934,Asia/Calcutta
IXK,Keshod Airport,Keshod,India,21.317100524902344,70.27040100097656,Asia/Calcutta
NAG,Dr. Babasaheb Ambedkar International Airport,Nagpur,India,21.092199325561523,79.04720306396484,Asia/Calcutta
ISK,Nashik Airport,Nasik Road,India,20.119101,73.912903,Asia/Calcutta
PNQ,Pune Airport,Pune,India,18.58209991455078,73.9197006225586,Asia/Calcutta
PBD,Porbandar Airport,Porbandar,India,21.6487007141,69.65720367429999,Asia/Calcutta
RAJ,Rajkot Airport,Rajkot,India,22.3092002869,70.77950286869999,Asia/Calcutta
RPR,Raipur Airport,Raipur,India,21.180401,81.7388,Asia/Calcutta
SSE,Solapur Airport,Sholapur,India,17.6280002594,75.93479919430001,Asia/Calcutta
STV,Surat Airport,Surat,India,21.1140995026,72.7417984009,Asia/Calcutta
UDR,Maharana Pratap Airport,Udaipur,India,24.617700576799997,73.89610290530001,Asia/Calcutta
CMB,Bandaranaike International Colombo Airport,Colombo,Sri Lanka,7.180759906768799,79.88410186767578,Asia/Colombo
ACJ,Anuradhapura Air Force Base,Anuradhapura,Sri Lanka,8.30148983002,80.42790222170001,Asia/Colombo
BTC,Batticaloa Airport,Batticaloa,Sri Lanka,7.70576,81.678802,Asia/Colombo
RML,Colombo Ratmalana Airport,Colombo,Sri Lanka,6.821990013122559,79.88619995117188,Asia/Colombo
ADP,Ampara Airport,Galoya,Sri Lanka,7.33776,81.62594,Asia/Colombo
JAF,Kankesanturai Airport,Jaffna,Sri Lanka,9.792329788208008,80.07009887695312,Asia/Colombo
TRR,China Bay Airport,Trinciomalee,Sri Lanka,8.5385103225708,81.18190002441406,Asia/Colombo
KZC,Kampong Chhnang Airport,Kompong Chnang,Cambodia,12.255200386,104.564002991,Asia/Phnom_Penh
PNH,Phnom Penh International Airport,Phnom-penh,Cambodia,11.546600341796875,104.84400177001953,Asia/Phnom_Penh
REP,Siem Reap International Airport,Siem-reap,Cambodia,13.410699844400002,103.81300354,Asia/Phnom_Penh
TNX,Stung Treng Airport,Stung Treng,Cambodia,13.531900405883789,106.01499938964844,Asia/Phnom_Penh
IXV,Along Airport,Along,India,28.17530059814453,94.802001953125,Asia/Calcutta
IXA,Agartala Airport,Agartala,India,23.8869991302,91.24040222170001,Asia/Calcutta
AJL,Lengpui Airport,Aizwal,India,23.840599060099997,92.6196975708,Asia/Calcutta
IXB,Bagdogra Airport,Baghdogra,India,26.68120002746582,88.32859802246094,Asia/Calcutta
BBI,Biju Patnaik Airport,Bhubaneswar,India,20.244400024399997,85.8178024292,Asia/Calcutta
CCU,Netaji Subhash Chandra Bose International Airport,Kolkata,India,22.654699325561523,88.44670104980469,Asia/Calcutta
COH,Cooch Behar Airport,Cooch-behar,India,26.330499649,89.4672012329,Asia/Calcutta
DBD,Dhanbad Airport,Dhanbad,India,23.833999633789062,86.42530059814453,Asia/Calcutta
GAY,Gaya Airport,Gaya,India,24.744300842285156,84.95120239257812,Asia/Calcutta
IMF,Imphal Airport,Imphal,India,24.7600002289,93.896697998,Asia/Calcutta
IXW,Sonari Airport,Jamshedpur,India,22.8132,86.1688,Asia/Calcutta
JRH,Jorhat Airport,Jorhat,India,26.7315006256,94.1754989624,Asia/Calcutta
IXH,Kailashahar Airport,Kailashahar,India,24.30820083618164,92.0072021484375,Asia/Calcutta
IXS,Silchar Airport,Silchar,India,24.9129009247,92.97869873050001,Asia/Calcutta
IXI,North Lakhimpur Airport,Lilabari,India,27.295499801635742,94.09760284423828,Asia/Calcutta
DIB,Dibrugarh Airport,Mohanbari,India,27.4839000702,95.0168991089,Asia/Calcutta
MZU,Muzaffarpur Airport,Mazuffarpur,India,26.11910057067871,85.3136978149414,Asia/Calcutta
PAT,Lok Nayak Jayaprakash Airport,Patina,India,25.591299057,85.0879974365,Asia/Calcutta
IXR,Birsa Munda Airport,Ranchi,India,23.314300537100003,85.3217010498,Asia/Calcutta
RRK,Rourkela Airport,Rourkela,India,22.256701,84.814598,Asia/Calcutta
VTZ,Vishakhapatnam Airport,Vishakhapatnam,India,17.721200943,83.2245025635,Asia/Calcutta
ZER,Ziro Airport,Zero,India,27.588301,93.828102,Asia/Calcutta
CXB,Cox's Bazar Airport,Cox's Bazar,Bangladesh,21.452199935913086,91.96389770507812,Asia/Dhaka
CGP,Shah Amanat International Airport,Chittagong,Bangladesh,22.24959945678711,91.81330108642578,Asia/Dhaka
IRD,Ishurdi Airport,Ishurdi,Bangladesh,24.15250015258789,89.04940032958984,Asia/Dhaka
JSR,Jessore Airport,Jessore,Bangladesh,23.183799743652344,89.16079711914062,Asia/Dhaka
RJH,Shah Mokhdum Airport,Rajshahi,Bangladesh,24.43720054626465,88.61650085449219,Asia/Dhaka
SPD,Saidpur Airport,Saidpur,Bangladesh,25.759199142456055,88.90889739990234,Asia/Dhaka
ZYL,Osmany International Airport,Sylhet Osmani,Bangladesh,24.963199615478516,91.8667984008789,Asia/Dhaka
DAC,Hazrat Shahjalal International Airport,Dhaka,Bangladesh,23.843347,90.397783,Asia/Dhaka
HKG,Hong Kong International Airport,Hong Kong,Hong Kong,22.308901,113.915001,Asia/Hong_Kong
AGR,Agra Airport,Agra,India,27.155799865722656,77.96089935302734,Asia/Calcutta
IXD,Allahabad Airport,Allahabad,India,25.440099716186523,81.73390197753906,Asia/Calcutta
ATQ,Sri Guru Ram Dass Jee International Airport,Amritsar,India,31.7096004486,74.7973022461,Asia/Calcutta
BKB,Nal Airport,Bikaner,India,28.070600509643555,73.20719909667969,Asia/Calcutta
VNS,Lal Bahadur Shastri Airport,Varanasi,India,25.4524002075,82.8592987061,Asia/Calcutta
KUU,Kullu Manali Airport,Kulu,India,31.876699447631836,77.15440368652344,Asia/Calcutta
BUP,Bhatinda Air Force Station,Bhatinda,India,30.270099639892578,74.75579833984375,Asia/Calcutta
BEK,Bareilly Air Force Station,Bareilly,India,28.4221000671,79.45079803470001,Asia/Calcutta
IXC,Chandigarh Airport,Chandigarh,India,30.673500061035156,76.78849792480469,Asia/Calcutta
KNU,Kanpur Airport,Kanpur,India,26.404301,80.410103,Asia/Calcutta
DED,Dehradun Airport,Dehra Dun,India,30.189699,78.180298,Asia/Calcutta
DEL,Indira Gandhi International Airport,Delhi,India,28.5665,77.103104,Asia/Calcutta
GWL,Gwalior Airport,Gwalior,India,26.29330062866211,78.22779846191406,Asia/Calcutta
HSS,Hissar Airport,Hissar,India,29.179399490356445,75.75530242919922,Asia/Calcutta
JDH,Jodhpur Airport,Jodhpur,India,26.251100540161133,73.04889678955078,Asia/Calcutta
JAI,Jaipur International Airport,Jaipur,India,26.8242,75.812202,Asia/Calcutta
JSA,Jaisalmer Airport,Jaisalmer,India,26.888700485229492,70.86499786376953,Asia/Calcutta
IXJ,Jammu Airport,Jammu,India,32.6890983582,74.8374023438,Asia/Calcutta
KTU,Kota Airport,Kota,India,25.160200119,75.84559631350001,Asia/Calcutta
LUH,Ludhiana Airport,Ludhiaha,India,30.854700088500977,75.95259857177734,Asia/Calcutta
IXL,Leh Kushok Bakula Rimpochee Airport,Leh,India,34.1358985901,77.5465011597,Asia/Calcutta
LKO,Chaudhary Charan Singh International Airport,Lucknow,India,26.7605991364,80.8892974854,Asia/Calcutta
IXP,Pathankot Airport,Pathankot,India,32.233611,75.634444,Asia/Calcutta
PGH,Pantnagar Airport,Nainital,India,29.03339958190918,79.47370147705078,Asia/Calcutta
SXR,Sheikh ul Alam Airport,Srinagar,India,33.987098693847656,74.77420043945312,Asia/Calcutta
TNI,Satna Airport,Satna,India,24.5623,80.854897,Asia/Calcutta
LPQ,Luang Phabang International Airport,Luang Prabang,Laos,19.897300720214844,102.16100311279297,Asia/Vientiane
PKZ,Pakse International Airport,Pakse,Laos,15.132100105285645,105.78099822998047,Asia/Vientiane
ZVK,Savannakhet Airport,Savannakhet,Laos,16.55660057067871,104.76000213623047,Asia/Vientiane
NEU,Sam Neua Airport,Sam Neua,Laos,20.418399810791016,104.06700134277344,Asia/Vientiane
VTE,Wattay International Airport,Vientiane,Laos,17.988300323500003,102.56300354,Asia/Vientiane
MFM,Macau International Airport,Macau,Macau,22.149599,113.592003,Asia/Macau
BWA,Gautam Buddha Airport,Bhairawa,Nepal,27.505685,83.416293,Asia/Katmandu
JKR,Janakpur Airport,Janakpur,Nepal,26.708799362199997,85.9224014282,Asia/Katmandu
KTM,Tribhuvan International Airport,Kathmandu,Nepal,27.6966,85.3591,Asia/Katmandu
PKR,Pokhara Airport,Pokhara,Nepal,28.200899124145508,83.98210144042969,Asia/Katmandu
SIF,Simara Airport,Simara,Nepal,27.159500122070312,84.9801025390625,Asia/Katmandu
BIR,Biratnagar Airport,Biratnagar,Nepal,26.48150062561035,87.26399993896484,Asia/Katmandu
AGX,Agatti Airport,Agatti Island,India,10.823699951171875,72.1760025024414,Asia/Calcutta
BLR,Kempegowda International Airport,Bangalore,India,13.1979,77.706299,Asia/Calcutta
BEP,Bellary Airport,Bellary,India,15.162799835205078,76.88279724121094,Asia/Calcutta
VGA,Vijayawada Airport,Vijayawada,India,16.530399322509766,80.79679870605469,Asia/Calcutta
CJB,Coimbatore International Airport,Coimbatore,India,11.029999733,77.0434036255,Asia/Calcutta
COK,Cochin International Airport,Kochi,India,10.152,76.401901,Asia/Calcutta
CCJ,Calicut International Airport,Calicut,India,11.1367998123,75.95529937740001,Asia/Calcutta
CDP,Kadapa Airport,Cuddapah,India,14.51,78.772778,Asia/Calcutta
CBD,Car Nicobar Air Force Station,Carnicobar,India,9.152509689331055,92.8196029663086,Asia/Calcutta
BPM,Begumpet Airport,Hyderabad,India,17.4531002045,78.4675979614,Asia/Calcutta
IXM,Madurai Airport,Madurai,India,9.83450984955,78.09339904790001,Asia/Calcutta
IXE,Mangalore International Airport,Mangalore,India,12.9612998962,74.8900985718,Asia/Calcutta
MAA,Chennai International Airport,Madras,India,12.990005493164062,80.16929626464844,Asia/Calcutta
IXZ,Vir Savarkar International Airport,Port Blair,India,11.641200065612793,92.72969818115234,Asia/Calcutta
PNY,Pondicherry Airport,Pendicherry,India,11.968,79.812,Asia/Calcutta
RJA,Rajahmundry Airport,Rajahmundry,India,17.1103992462,81.81819915770001,Asia/Calcutta
SXV,Salem Airport,Salem,India,11.78330039978,78.06559753418,Asia/Calcutta
TJV,Tanjore Air Force Base,Tanjore,India,10.722399711608887,79.10160064697266,Asia/Calcutta
TIR,Tirupati Airport,Tirupeti,India,13.632499694800002,79.543296814,Asia/Calcutta
TRZ,Tiruchirapally Civil Airport Airport,Tiruchirappalli,India,10.765399932861328,78.70970153808594,Asia/Calcutta
TRV,Trivandrum International Airport,Trivandrum,India,8.48211956024,76.9200973511,Asia/Calcutta
PBH,Paro Airport,Thimphu,Bhutan,27.403200149499998,89.42459869380001,Asia/Thimphu
MLE,Malé International Airport,Male,Maldives,4.191830158233643,73.52909851074219,Indian/Maldives
DMK,Don Mueang International Airport,Bangkok,Thailand,13.9125995636,100.607002258,Asia/Bangkok
KDT,Kamphaeng Saen Airport,Nakhon Pathom,Thailand,14.1020002365,99.9171981812,Asia/Bangkok
UTP,U-Tapao International Airport,Pattaya,Thailand,12.679900169372559,101.00499725341797,Asia/Bangkok
LPT,Lampang Airport,Lampang,Thailand,18.27090072631836,99.50420379638672,Asia/Bangkok
PRH,Phrae Airport,Phrae,Thailand,18.132200241088867,100.16500091552734,Asia/Bangkok
HHQ,Hua Hin Airport,Prachuap Khiri Khan,Thailand,12.6361999512,99.951499939,Asia/Bangkok
TKH,Takhli Airport,Nakhon Sawan,Thailand,15.277299881,100.29599762,Asia/Bangkok
PHS,Phitsanulok Airport,Phitsanulok,Thailand,16.782899856567383,100.27899932861328,Asia/Bangkok
NAW,Narathiwat Airport,Narathiwat,Thailand,6.5199198722839355,101.74299621582031,Asia/Bangkok
KBV,Krabi Airport,Krabi,Thailand,8.09912014008,98.9861984253,Asia/Bangkok
SGZ,Songkhla Airport,Songkhla,Thailand,7.186560153961182,100.60800170898438,Asia/Bangkok
PAN,Pattani Airport,Pattani,Thailand,6.785459995269775,101.15399932861328,Asia/Bangkok
USM,Samui Airport,Ko Samui,Thailand,9.547789573669998,100.06199646,Asia/Bangkok
HKT,Phuket International Airport,Phuket,Thailand,8.1132,98.316902,Asia/Bangkok
UNN,Ranong Airport,Ranong,Thailand,9.777620315551758,98.58550262451172,Asia/Bangkok
HDY,Hat Yai International Airport,Hat Yai,Thailand,6.93320989609,100.392997742,Asia/Bangkok
TST,Trang Airport,Trang,Thailand,7.508739948272705,99.6166000366211,Asia/Bangkok
UTH,Udon Thani Airport,Udon Thani,Thailand,17.386400222800003,102.788002014,Asia/Bangkok
SNO,Sakon Nakhon Airport,Sakon Nakhon,Thailand,17.195100784301758,104.11900329589844,Asia/Bangkok
PXR,Surin Airport,Surin,Thailand,14.868300437927,103.49800109863,Asia/Bangkok
LOE,Loei Airport,Loei,Thailand,17.43910026550293,101.72200012207031,Asia/Bangkok
DAD,Da Nang International Airport,Danang,Vietnam,16.043899536132812,108.1989974975586,Asia/Saigon
HAN,Noi Bai International Airport,Hanoi,Vietnam,21.221200942993164,105.80699920654297,Asia/Saigon
NHA,Nha Trang Air Base,Nhatrang,Vietnam,12.2275,109.192001,Asia/Saigon
HUI,Phu Bai Airport,Hue,Vietnam,16.401500701899998,107.70300293,Asia/Saigon
PQC,Phu Quoc International Airport,Phuquoc,Vietnam,10.1698,103.9931,Asia/Saigon
SGN,Tan Son Nhat International Airport,Ho Chi Minh City,Vietnam,10.8187999725,106.652000427,Asia/Saigon
VBA,Ann Airport,Ann,Burma,19.769199,94.0261,Asia/Rangoon
NYU,Bagan Airport,Bagan,Burma,21.178800582885742,94.9301986694336,Asia/Rangoon
HEH,Heho Airport,Heho,Burma,20.746999740600586,96.79199981689453,Asia/Rangoon
HOX,Hommalinn Airport,Hommalin,Burma,24.899599075317383,94.91400146484375,Asia/Rangoon
KET,Kengtung Airport,Kengtung,Burma,21.301599502563477,99.63600158691406,Asia/Rangoon
KYP,Kyaukpyu Airport,Kyaukpyu,Burma,19.42639923095703,93.53479766845703,Asia/Rangoon
LSH,Lashio Airport,Lashio,Burma,22.9778995513916,97.752197265625,Asia/Rangoon
MDL,Mandalay International Airport,Mandalay,Burma,21.702199935913086,95.97789764404297,Asia/Rangoon
MGZ,Myeik Airport,Myeik,Burma,12.439800262451172,98.62149810791016,Asia/Rangoon
MYT,Myitkyina Airport,Myitkyina,Burma,25.38360023498535,97.35189819335938,Asia/Rangoon
MOE,Momeik Airport,Momeik,Burma,23.092500686645508,96.64530181884766,Asia/Rangoon
MOG,Mong Hsat Airport,Mong Hsat,Burma,20.516799926757812,99.25679779052734,Asia/Rangoon
NMS,Namsang Airport,Namsang,Burma,20.890499114990234,97.73590087890625,Asia/Rangoon
PAA,Hpa-N Airport,Hpa-an,Burma,16.893699645996094,97.67459869384766,Asia/Rangoon
PBU,Putao Airport,Putao,Burma,27.32990074157715,97.42630004882812,Asia/Rangoon
PRU,Pyay Airport,Pyay,Burma,18.824499130249023,95.26599884033203,Asia/Rangoon
AKY,Sittwe Airport,Sittwe,Burma,20.132699966430664,92.87259674072266,Asia/Rangoon
SNW,Thandwe Airport,Thandwe,Burma,18.4606990814209,94.30010223388672,Asia/Rangoon
THL,Tachileik Airport,Tachilek,Burma,20.483800888061523,99.9354019165039,Asia/Rangoon
RGN,Yangon International Airport,Yangon,Burma,16.907300949099998,96.1332015991,Asia/Rangoon
UPG,Hasanuddin International Airport,Ujung Pandang,Indonesia,-5.061629772186279,119.55400085449219,Asia/Makassar
BIK,Frans Kaisiepo Airport,Biak,Indonesia,-1.190019965171814,136.10800170898438,Asia/Jayapura
NBX,Nabire Airport,Nabire,Indonesia,-3.36818,135.496002,Asia/Jayapura
TIM,Moses Kilangin Airport,Timika,Indonesia,-4.528279781341553,136.88699340820312,Asia/Jayapura
DJJ,Sentani International Airport,Jayapura,Indonesia,-2.5769500733,140.5160064698,Asia/Jayapura
WMX,Wamena Airport,Wamena,Indonesia,-4.10251,138.957001,Asia/Jayapura
MKQ,Mopah Airport,Merauke,Indonesia,-8.52029037475586,140.41799926757812,Asia/Jayapura
GTO,Jalaluddin Airport,Gorontalo,Indonesia,0.63711899519,122.849998474,Asia/Makassar
PLW,Mutiara Airport,Palu,Indonesia,-0.9185420274734497,119.91000366210938,Asia/Makassar
MDC,Sam Ratulangi Airport,Manado,Indonesia,1.5492600202560425,124.9260025024414,Asia/Makassar
PSJ,Kasiguncu Airport,Poso,Indonesia,-1.41674995422,120.657997131,Asia/Makassar
OTI,Pitu Airport,Morotai Island,Indonesia,2.0459899902300003,128.324996948,Asia/Jayapura
TTE,Sultan Khairun Babullah Airport,Ternate,Indonesia,0.831413984298706,127.38099670410156,Asia/Jayapura
LUW,Syukuran Aminuddin Amir Airport,Luwuk,Indonesia,-1.03892,122.772003,Asia/Makassar
AMQ,"Pattimura Airport, Ambon",Ambon,Indonesia,-3.7102599144,128.089004517,Asia/Jayapura
FKQ,Fakfak Airport,Fak Fak,Indonesia,-2.9201900959014893,132.26699829101562,Asia/Jayapura
KNG,Kaimana Airport,Kaimana,Indonesia,-3.6445200443267822,133.6959991455078,Asia/Jayapura
BXB,Babo Airport,Babo,Indonesia,-2.5322399139404297,133.43899536132812,Asia/Jayapura
MKW,Rendani Airport,Manokwari,Indonesia,-0.8918330073356628,134.0489959716797,Asia/Jayapura
SOQ,Dominique Edward Osok Airport,Sorong,Indonesia,-0.894,131.287,Asia/Jayapura
BTU,Bintulu Airport,Bintulu,Malaysia,3.12385010719,113.019996643,Asia/Kuala_Lumpur
KCH,Kuching International Airport,Kuching,Malaysia,1.4846999645233154,110.34700012207031,Asia/Kuala_Lumpur
LMN,Limbang Airport,Limbang,Malaysia,4.808300018310547,115.01000213623047,Asia/Kuala_Lumpur
MUR,Marudi Airport,Marudi,Malaysia,4.178979873657227,114.3290023803711,Asia/Kuala_Lumpur
MYY,Miri Airport,Miri,Malaysia,4.322010040283203,113.98699951171875,Asia/Kuala_Lumpur
SBW,Sibu Airport,Sibu,Malaysia,2.2616000175476074,111.98500061035156,Asia/Kuala_Lumpur
LDU,Lahad Datu Airport,Lahad Datu,Malaysia,5.032249927520752,118.3239974975586,Asia/Kuala_Lumpur
BKI,Kota Kinabalu International Airport,Kota Kinabalu,Malaysia,5.9372100830078125,116.0510025024414,Asia/Kuala_Lumpur
LBU,Labuan Airport,Labuan,Malaysia,5.300680160522461,115.25,Asia/Kuala_Lumpur
TWU,Tawau Airport,Tawau,Malaysia,4.320159912109375,118.12799835205078,Asia/Kuala_Lumpur
BWN,Brunei International Airport,Bandar Seri Begawan,Brunei,4.944200038909912,114.9280014038086,Asia/Brunei
PKU,Sultan Syarif Kasim Ii (Simpang Tiga) Airport,Pekanbaru,Indonesia,0.46078601479530334,101.44499969482422,Asia/Jakarta
DUM,Pinang Kampai Airport,Dumai,Indonesia,1.60919,101.433998,Asia/Jakarta
CGK,Soekarno-Hatta International Airport,Jakarta,Indonesia,-6.1255698204,106.65599823,Asia/Jakarta
GNS,Binaka Airport,Gunung Sitoli,Indonesia,1.16638,97.704697,Asia/Jakarta
AEG,Aek Godang Airport,Padang Sidempuan,Indonesia,1.4001,99.430496,Asia/Jakarta
PDG,Minangkabau International Airport,Padang,Indonesia,-0.786917,100.280998,Asia/Jakarta
MES,Soewondo Air Force Base,Medan,Indonesia,3.559167,98.671111,Asia/Jakarta
FLZ,Dr Ferdinand Lumban Tobing Airport,Sibolga,Indonesia,1.55594,98.888901,Asia/Jakarta
NPO,Nanga Pinoh Airport,Nangapinoh,Indonesia,-0.34886899590492,111.74800109863,Asia/Jakarta
KTG,Ketapang(Rahadi Usman) Airport,Ketapang,Indonesia,-1.816640019416809,109.96299743652344,Asia/Jakarta
PNK,Supadio Airport,Pontianak,Indonesia,-0.15071099996566772,109.40399932861328,Asia/Jakarta
DJB,Sultan Thaha Airport,Jambi,Indonesia,-1.6380200386047363,103.64399719238281,Asia/Jakarta
BKS,Fatmawati Soekarno Airport,Bengkulu,Indonesia,-3.8637,102.338997,Asia/Jakarta
PLM,Sultan Mahmud Badaruddin II Airport,Palembang,Indonesia,-2.8982501029968,104.69999694824,Asia/Jakarta
RGT,Japura Airport,Rengat,Indonesia,-0.35280799865722656,102.33499908447266,Asia/Jakarta
LSX,Lhok Sukon Airport,Lhok Sukon,Indonesia,5.069509983062744,97.25920104980469,Asia/Jakarta
BTJ,Sultan Iskandar Muda International Airport,Banda Aceh,Indonesia,5.522872024010001,95.42063713070002,Asia/Jakarta
AOR,Sultan Abdul Halim Airport,Alor Setar,Malaysia,6.189670085906982,100.39800262451172,Asia/Kuala_Lumpur
BWH,Butterworth Airport,Butterworth,Malaysia,5.4659199714660645,100.39099884033203,Asia/Kuala_Lumpur
KBR,Sultan Ismail Petra Airport,Kota Bahru,Malaysia,6.1668500900268555,102.29299926757812,Asia/Kuala_Lumpur
KUA,Kuantan Airport,Kuantan,Malaysia,3.7753899097442627,103.20899963378906,Asia/Kuala_Lumpur
KTE,Kerteh Airport,Kerteh,Malaysia,4.537220001220703,103.427001953125,Asia/Kuala_Lumpur
IPH,Sultan Azlan Shah Airport,Ipoh,Malaysia,4.567969799041748,101.09200286865234,Asia/Kuala_Lumpur
JHB,Senai International Airport,Johor Bahru,Malaysia,1.64131,103.669998,Asia/Kuala_Lumpur
KUL,Kuala Lumpur International Airport,Kuala Lumpur,Malaysia,2.745579957962,101.70999908447,Asia/Kuala_Lumpur
LGK,Langkawi International Airport,Langkawi,Malaysia,6.329730033874512,99.72869873046875,Asia/Kuala_Lumpur
MKZ,Malacca Airport,Malacca,Malaysia,2.2633600235,102.251998901,Asia/Kuala_Lumpur
TGG,Sultan Mahmud Airport,Kuala Terengganu,Malaysia,5.3826398849487305,103.10299682617188,Asia/Kuala_Lumpur
PEN,Penang International Airport,Penang,Malaysia,5.297140121459961,100.2770004272461,Asia/Kuala_Lumpur
UAI,Suai Airport,Suai,East Timor,-9.30331039428711,125.28700256347656,Asia/Dili
DIL,Presidente Nicolau Lobato International Airport,Dili,East Timor,-8.54640007019,125.526000977,Asia/Dili
BCH,Cakung Airport,Baucau,East Timor,-8.489029884339999,126.401000977,Asia/Dili
QPG,Paya Lebar Air Base,Paya Lebar,Singapore,1.3604199886322021,103.91000366210938,Asia/Singapore
TGA,Tengah Air Base,Tengah,Singapore,1.38725996017,103.708999634,Asia/Singapore
XSP,Seletar Airport,Singapore,Singapore,1.416949987411499,103.86799621582031,Asia/Singapore
SIN,Singapore Changi Airport,Singapore,Singapore,1.35019,103.994003,Asia/Singapore
ACF,Brisbane Archerfield Airport,Brisbane,Australia,-27.5702991486,153.007995605,Australia/Brisbane
ABM,Northern Peninsula Airport,Amberley,Australia,-10.9508,142.459,Australia/Brisbane
ASP,Alice Springs Airport,Alice Springs,Australia,-23.806699752807617,133.90199279785156,Australia/Darwin
BNE,Brisbane International Airport,Brisbane,Australia,-27.384199142456055,153.11700439453125,Australia/Brisbane
OOL,Gold Coast Airport,Coolangatta,Australia,-28.1644001007,153.505004883,Australia/Brisbane
CNS,Cairns International Airport,Cairns,Australia,-16.885799408,145.755004883,Australia/Brisbane
CTL,Charleville Airport,Charlieville,Australia,-26.4132995605,146.261993408,Australia/Brisbane
ISA,Mount Isa Airport,Mount Isa,Australia,-20.663900375399997,139.488998413,Australia/Brisbane
MCY,Sunshine Coast Airport,Maroochydore,Australia,-26.6033,153.091003,Australia/Brisbane
MKY,Mackay Airport,Mackay,Australia,-21.171699523900003,149.179992676,Australia/Brisbane
PPP,Proserpine Whitsunday Coast Airport,Prosserpine,Australia,-20.4950008392,148.552001953,Australia/Brisbane
ROK,Rockhampton Airport,Rockhampton,Australia,-23.3819007874,150.475006104,Australia/Brisbane
TSV,Townsville Airport,Townsville,Australia,-19.252500534057617,146.76499938964844,Australia/Brisbane
WEI,Weipa Airport,Weipa,Australia,-12.6786003113,141.925003052,Australia/Brisbane
AVV,Avalon Airport,Avalon,Australia,-38.039398,144.468994,Australia/Hobart
ABX,Albury Airport,Albury,Australia,-36.06779861450195,146.95799255371094,Australia/Sydney
MEB,Melbourne Essendon Airport,Melbourne,Australia,-37.7281,144.901993,Australia/Hobart
HBA,Hobart International Airport,Hobart,Australia,-42.836101532,147.509994507,Australia/Melbourne
LST,Launceston Airport,Launceston,Australia,-41.54529953,147.214004517,Australia/Melbourne
MBW,Melbourne Moorabbin Airport,Melbourne,Australia,-37.975799560546875,145.1020050048828,Australia/Hobart
MEL,Melbourne International Airport,Melbourne,Australia,-37.673302,144.843002,Australia/Hobart
ADL,Adelaide International Airport,Adelaide,Australia,-34.945,138.531006,Australia/Adelaide
JAD,Perth Jandakot Airport,Perth,Australia,-32.09749984741211,115.88099670410156,Australia/Perth
KTA,Karratha Airport,Karratha,Australia,-20.712200164799995,116.773002625,Australia/Perth
KGI,Kalgoorlie Boulder Airport,Kalgoorlie,Australia,-30.789400100699996,121.461997986,Australia/Perth
KNX,Kununurra Airport,Kununurra,Australia,-15.7781000137,128.707992554,Australia/Perth
LEA,Learmonth Airport,Learmonth,Australia,-22.235599517799997,114.088996887,Australia/Perth
PHE,Port Hedland International Airport,Port Hedland,Australia,-20.3777999878,118.625999451,Australia/Perth
PER,Perth International Airport,Perth,Australia,-31.94029998779297,115.96700286865234,Australia/Perth
UMR,Woomera Airfield,Woomera,Australia,-31.14419937133789,136.81700134277344,Australia/Adelaide
XCH,Christmas Island Airport,Christmas Island,Christmas Island,-10.450599670410156,105.69000244140625,Indian/Christmas
BWU,Sydney Bankstown Airport,Sydney,Australia,-33.924400329589844,150.98800659179688,Australia/Sydney
CBR,Canberra International Airport,Canberra,Australia,-35.30690002441406,149.19500732421875,Australia/Sydney
CFS,Coffs Harbour Airport,Coff's Harbour,Australia,-30.3206005096,153.115997314,Australia/Sydney
CDU,Camden Airport,Camden,Australia,-34.04029846191406,150.68699645996094,Australia/Sydney
DBO,Dubbo City Regional Airport,Dubbo,Australia,-32.2167015076,148.574996948,Australia/Sydney
NLK,Norfolk Island International Airport,Norfolk Island,Norfolk Island,-29.04159927368164,167.93899536132812,Pacific/Norfolk
XRH,RAAF Base Richmond,Richmond,Australia,-33.600601,150.781006,Australia/Sydney
SYD,Sydney Kingsford Smith International Airport,Sydney,Australia,-33.94609832763672,151.177001953125,Australia/Sydney
TMW,Tamworth Airport,Tamworth,Australia,-31.0839004517,150.847000122,Australia/Sydney
WGA,Wagga Wagga City Airport,Wagga Wagga,Australia,-35.1652984619,147.466003418,Australia/Sydney
PEK,Beijing Capital International Airport,Beijing,China,40.080101013183594,116.58499908447266,Asia/Shanghai
HLD,Dongshan Airport,Hailar,China,49.2050018311,119.824996948,Asia/Shanghai
TSN,Tianjin Binhai International Airport,Tianjin,China,39.124401092499994,117.346000671,Asia/Shanghai
TYN,Taiyuan Wusu Airport,Taiyuan,China,37.74689865112305,112.62799835205078,Asia/Shanghai
CAN,Guangzhou Baiyun International Airport,Guangzhou,China,23.39240074157715,113.29900360107422,Asia/Shanghai
CSX,Changsha Huanghua International Airport,Changcha,China,28.189199447599997,113.220001221,Asia/Shanghai
KWL,Guilin Liangjiang International Airport,Guilin,China,25.21809959411621,110.03900146484375,Asia/Shanghai
NNG,Nanning Wuxu Airport,Nanning,China,22.608299255371094,108.1719970703125,Asia/Shanghai
SZX,Shenzhen Bao'an International Airport,Shenzhen,China,22.639299392700195,113.81099700927734,Asia/Shanghai
CGO,Zhengzhou Xinzheng International Airport,Zhengzhou,China,34.519699096699995,113.841003418,Asia/Shanghai
WUH,Wuhan Tianhe International Airport,Wuhan,China,30.7838,114.208,Asia/Shanghai
FNJ,Pyongyang Sunan International Airport,Pyongyang,North Korea,39.224098,125.669998,Asia/Pyongyang
LHW,Lanzhou Zhongchuan Airport,Lanzhou,China,36.5152015686,103.620002747,Asia/Shanghai
XIY,Xi'an Xianyang International Airport,Xi'an,China,34.447102,108.751999,Asia/Shanghai
ULN,Chinggis Khaan International Airport,Ulan Bator,Mongolia,47.843102,106.766998,Asia/Ulaanbaatar
JHG,Xishuangbanna Gasa Airport,Jinghonggasa,China,21.973899841308594,100.76000213623047,Asia/Shanghai
KMG,Kunming Changshui International Airport,Kunming,China,25.1019444,102.9291667,Asia/Shanghai
XMN,Xiamen Gaoqi International Airport,Xiamen,China,24.54400062561035,118.12799835205078,Asia/Shanghai
KHN,Nanchang Changbei International Airport,Nanchang,China,28.864999771118164,115.9000015258789,Asia/Shanghai
FOC,Fuzhou Changle International Airport,Fuzhou,China,25.935100555419922,119.66300201416016,Asia/Shanghai
HGH,Hangzhou Xiaoshan International Airport,Hangzhou,China,30.22949981689453,120.43399810791016,Asia/Shanghai
NGB,Ningbo Lishe International Airport,Ninbo,China,29.82670021057129,121.46199798583984,Asia/Shanghai
NKG,Nanjing Lukou Airport,Nanjing,China,31.742000579833984,118.86199951171875,Asia/Shanghai
HFE,Hefei Luogang International Airport,Hefei,China,31.780000686645508,117.2979965209961,Asia/Shanghai
TAO,Liuting Airport,Qingdao,China,36.2661018372,120.374000549,Asia/Shanghai
SHA,Shanghai Hongqiao International Airport,Shanghai,China,31.197900772094727,121.33599853515625,Asia/Shanghai
YNT,Yantai Laishan Airport,Yantai,China,37.40169906616211,121.37200164794922,Asia/Shanghai
CKG,Chongqing Jiangbei International Airport,Chongqing,China,29.719200134277344,106.64199829101562,Asia/Shanghai
KWE,Longdongbao Airport,Guiyang,China,26.53849983215332,106.8010025024414,Asia/Shanghai
CTU,Chengdu Shuangliu International Airport,Chengdu,China,30.578500747680664,103.9469985961914,Asia/Shanghai
XIC,Xichang Qingshan Airport,Xichang,China,27.989099502563477,102.18399810791016,Asia/Shanghai
KHG,Kashgar Airport,Kashi,China,39.5429000854,76.0199966431,Asia/Shanghai
HTN,Hotan Airport,Hotan,China,37.03850173950195,79.86489868164062,Asia/Shanghai
URC,Ürümqi Diwopu International Airport,Urumqi,China,43.907100677490234,87.47419738769531,Asia/Shanghai
HRB,Taiping Airport,Harbin,China,45.6234016418457,126.25,Asia/Shanghai
MDG,Mudanjiang Hailang International Airport,Mudanjiang,China,44.5241012573,129.569000244,Asia/Shanghai
DLC,Zhoushuizi Airport,Dalian,China,38.9656982421875,121.53900146484375,Asia/Shanghai
PVG,Shanghai Pudong International Airport,Shanghai,China,31.143400192260742,121.80500030517578,Asia/Shanghai
TOD,Pulau Tioman Airport,Tioman,Malaysia,2.8181800842285156,104.16000366210938,Asia/Kuala_Lumpur
SZB,Sultan Abdul Aziz Shah International Airport,Kuala Lumpur,Malaysia,3.130579948425293,101.54900360107422,Asia/Kuala_Lumpur
NTQ,Noto Airport,Wajima,Japan,37.2930984497,136.962005615,Asia/Tokyo
HBE,Borg El Arab International Airport,Alexandria,Egypt,30.917699813842773,29.696399688720703,Africa/Cairo
BTI,Barter Island LRRS Airport,Barter Island,United States,70.1340026855,-143.582000732,America/Anchorage
LUR,Cape Lisburne LRRS Airport,Cape Lisburne,United States,68.87509918,-166.1100006,America/Anchorage
PIZ,Point Lay LRRS Airport,Point Lay,United States,69.73290253,-163.0050049,America/Anchorage
ITO,Hilo International Airport,Hilo,United States,19.721399307250977,-155.04800415039062,Pacific/Honolulu
ORL,Orlando Executive Airport,Orlando,United States,28.5455,-81.332901,America/New_York
BTT,Bettles Airport,Bettles,United States,66.91390228,-151.529007,America/Anchorage
UTO,Indian Mountain LRRS Airport,Indian Mountains,United States,65.99279785,-153.7039948,America/Anchorage
FYU,Fort Yukon Airport,Fort Yukon,United States,66.57150268554688,-145.25,America/Anchorage
SVW,Sparrevohn LRRS Airport,Sparrevohn,United States,61.09740067,-155.5740051,America/Anchorage
FRN,Bryant Army Heliport,Fort Richardson,United States,61.26639938,-149.6529999,America/Anchorage
TLJ,Tatalina LRRS Airport,Tatalina,United States,62.894401550299996,-155.977005005,America/Anchorage
CZF,Cape Romanzof LRRS Airport,Cape Romanzof,United States,61.78030014,-166.0390015,America/Anchorage
BED,Laurence G Hanscom Field,Bedford,United States,42.47000122,-71.28900146,America/New_York
SNP,St Paul Island Airport,St. Paul Island,United States,57.167301177978516,-170.22000122070312,America/Anchorage
EHM,Cape Newenham LRRS Airport,Cape Newenham,United States,58.646400451699996,-162.06300354,America/Anchorage
STG,St George Airport,Point Barrow,United States,56.578300476100004,-169.662002563,America/Anchorage
ILI,Iliamna Airport,Iliamna,United States,59.75439835,-154.9109955,America/Anchorage
PTU,Platinum Airport,Port Moller,United States,59.01139831542969,-161.82000732421875,America/Anchorage
BMX,Big Mountain Airport,Big Mountain,United States,59.3611984253,-155.259002686,America/Anchorage
OSC,Oscoda Wurtsmith Airport,Oscoda,United States,44.451599,-83.394096,America/New_York
OAR,Marina Municipal Airport,Fort Ord,United States,36.68190002,-121.762001,America/Los_Angeles
MHR,Sacramento Mather Airport,Sacramento,United States,38.55390167,-121.2979965,America/Los_Angeles
BYS,Bicycle Lake Army Air Field,Fort Irwin,United States,35.2804985046,-116.629997253,America/Los_Angeles
FSM,Fort Smith Regional Airport,Fort Smith,United States,35.33660125732422,-94.36740112304688,America/Chicago
MRI,Merrill Field,Anchorage,United States,61.2135009765625,-149.843994140625,America/Anchorage
GNT,Grants-Milan Municipal Airport,Grants,United States,35.167301178,-107.902000427,America/Denver
PNC,Ponca City Regional Airport,Ponca City,United States,36.73199844,-97.09980011,America/Chicago
SVN,Hunter Army Air Field,Hunter Aaf,United States,32.00999832,-81.14569855,America/New_York
GFK,Grand Forks International Airport,Grand Forks,United States,47.949299,-97.176102,America/Chicago
PBF,"Pine Bluff Regional Airport, Grider Field",Pine Bluff,United States,34.1731,-91.9356,America/Chicago
NSE,Whiting Field Naval Air Station - North,Milton,United States,30.7241993,-87.02189636,America/Chicago
HNM,Hana Airport,Hana,United States,20.79560089111328,-156.01400756835938,Pacific/Honolulu
PRC,Ernest A. Love Field,Prescott,United States,34.65449905,-112.4199982,America/Phoenix
TTN,Trenton Mercer Airport,Trenton,United States,40.27669906616211,-74.8134994506836,America/New_York
BOS,General Edward Lawrence Logan International Airport,Boston,United States,42.36429977,-71.00520325,America/New_York
SUU,Travis Air Force Base,Fairfield,United States,38.262699127197,-121.92700195312,America/Los_Angeles
RME,Griffiss International Airport,Rome,United States,43.23379898,-75.40699768,America/New_York
ENV,Wendover Airport,Wendover,United States,40.7187004089,-114.03099823,America/Denver
BFM,Mobile Downtown Airport,Mobile,United States,30.626800537100003,-88.06809997559999,America/Chicago
OAK,Metropolitan Oakland International Airport,Oakland,United States,37.721298,-122.221001,America/Los_Angeles
OMA,Eppley Airfield,Omaha,United States,41.3032,-95.894096,America/Chicago
OGG,Kahului Airport,Kahului,United States,20.8986,-156.429993,Pacific/Honolulu
ICT,Wichita Eisenhower National Airport,Wichita,United States,37.649899,-97.433098,America/Chicago
MCI,Kansas City International Airport,Kansas City,United States,39.2976,-94.713898,America/Chicago
MSN,Dane County Regional Truax Field,Madison,United States,43.13990020751953,-89.3375015258789,America/Chicago
DLG,Dillingham Airport,Dillingham,United States,59.04470062,-158.5050049,America/Anchorage
HRO,Boone County Airport,Harrison,United States,36.26150131225586,-93.15470123291016,America/Chicago
PHX,Phoenix Sky Harbor International Airport,Phoenix,United States,33.43429946899414,-112.01200103759766,America/Phoenix
BGR,Bangor International Airport,Bangor,United States,44.80739974975586,-68.8281021118164,America/New_York
FXE,Fort Lauderdale Executive Airport,Fort Lauderdale,United States,26.1972999573,-80.1707000732,America/New_York
GGG,East Texas Regional Airport,Longview,United States,32.38399887084961,-94.71150207519531,America/Chicago
AND,Anderson Regional Airport,Andersen,United States,34.4945983887,-82.70939636230001,America/New_York
GEG,Spokane International Airport,Spokane,United States,47.61989974975586,-117.53399658203125,America/Los_Angeles
HWO,North Perry Airport,Hollywood,United States,26.0012,-80.2407,America/New_York
SFO,San Francisco International Airport,San Francisco,United States,37.61899948120117,-122.375,America/Los_Angeles
CTB,Cut Bank International Airport,Cutbank,United States,48.6083984375,-112.375999451,America/Denver
ARA,Acadiana Regional Airport,Louisiana,United States,30.0378,-91.883904,America/Chicago
GNV,Gainesville Regional Airport,Gainesville,United States,29.6900997162,-82.2717971802,America/New_York
MEM,Memphis International Airport,Memphis,United States,35.04240036010742,-89.97669982910156,America/Chicago
DUG,Bisbee Douglas International Airport,Douglas,United States,31.4689998627,-109.603996277,America/Phoenix
BIG,Allen Army Airfield,Delta Junction,United States,63.9944992065,-145.722000122,America/Anchorage
CNW,TSTC Waco Airport,Waco,United States,31.637800216699997,-97.0740966797,America/Chicago
ANN,Annette Island Airport,Annette Island,United States,55.04240036010742,-131.57200622558594,America/Anchorage
CAR,Caribou Municipal Airport,Caribou,United States,46.871498107899995,-68.0178985596,America/New_York
LRF,Little Rock Air Force Base,Jacksonville,United States,34.916900634799994,-92.14969635010002,America/Chicago
HUA,Redstone Army Air Field,Redstone,United States,34.67869949,-86.68479919,America/Chicago
POB,Pope Field,Fort Bragg,United States,35.1708984375,-79.014503479004,America/New_York
DHT,Dalhart Municipal Airport,Dalhart,United States,36.0225982666,-102.54699707,America/Chicago
DLF,DLF Airport,Del Rio,United States,29.359501,-100.778002,America/Chicago
LAX,Los Angeles International Airport,Los Angeles,United States,33.94250107,-118.4079971,America/Los_Angeles
ANB,Anniston Regional Airport,Anniston,United States,33.5882,-85.8581,America/Chicago
CLE,Cleveland Hopkins International Airport,Cleveland,United States,41.4117012024,-81.8498001099,America/New_York
DOV,Dover Air Force Base,Dover,United States,39.12950134,-75.46600342,America/New_York
CVG,Cincinnati Northern Kentucky International Airport,Cincinnati,United States,39.0488014221,-84.6678009033,America/New_York
FME,Tipton Airport,Fort Meade,United States,39.08539962769999,-76.7593994141,America/New_York
HON,Huron Regional Airport,Huron,United States,44.38520050048828,-98.22850036621094,America/Chicago
JNU,Juneau International Airport,Juneau,United States,58.35499954223633,-134.5760040283203,America/Anchorage
LFT,Lafayette Regional Airport,Lafayette,United States,30.20529938,-91.98760223,America/Chicago
EWR,Newark Liberty International Airport,Newark,United States,40.692501068115234,-74.168701171875,America/New_York
BOI,Boise Air Terminal/Gowen Field,Boise,United States,43.5644,-116.223,America/Denver
INS,Creech Air Force Base,Indian Springs,United States,36.587200164799995,-115.672996521,America/Los_Angeles
GCK,Garden City Regional Airport,Garden City,United States,37.9275016785,-100.723999023,America/Chicago
MOT,Minot International Airport,Minot,United States,48.2593994140625,-101.27999877929688,America/Chicago
HHI,Wheeler Army Airfield,Wahiawa,United States,21.48349953,-158.0399933,Pacific/Honolulu
MXF,Maxwell Air Force Base,Montgomery,United States,32.3829,-86.365799,America/Chicago
DAL,Dallas Love Field,Dallas,United States,32.847099,-96.851799,America/Chicago
FCS,Butts AAF (Fort Carson) Air Field,Fort Carson,United States,38.67839813,-104.7570038,America/Denver
HLN,Helena Regional Airport,Helena,United States,46.6068000793457,-111.98300170898438,America/Denver
NKX,Miramar Marine Corps Air Station - Mitscher Field,Miramar,United States,32.86840057,-117.1429977,America/Los_Angeles
LUF,Luke Air Force Base,Phoenix,United States,33.534999847399995,-112.383003235,America/Phoenix
HHR,Jack Northrop Field Hawthorne Municipal Airport,Hawthorne,United States,33.922798,-118.334999,America/Los_Angeles
HUL,Houlton International Airport,Houlton,United States,46.1231002808,-67.792098999,America/New_York
END,Vance Air Force Base,Enid,United States,36.339199066199996,-97.9164962769,America/Chicago
NTD,Point Mugu Naval Air Station (Naval Base Ventura Co),Point Mugu,United States,34.120300293,-119.121002197,America/Los_Angeles
EDW,Edwards Air Force Base,Edwards Afb,United States,34.905399,-117.884003,America/Los_Angeles
LCH,Lake Charles Regional Airport,Lake Charles,United States,30.126100540161133,-93.22329711914062,America/Chicago
KOA,Ellison Onizuka Kona International At Keahole Airport,Kona,United States,19.738783,-156.045603,Pacific/Honolulu
MYR,Myrtle Beach International Airport,Myrtle Beach,United States,33.6796989441,-78.9282989502,America/New_York
NLC,Lemoore Naval Air Station (Reeves Field) Airport,Lemoore,United States,36.33300018,-119.9520035,America/Los_Angeles
ACK,Nantucket Memorial Airport,Nantucket,United States,41.25310135,-70.06020355,America/New_York
FAF,Felker Army Air Field,Fort Eustis,United States,37.132499694799996,-76.60880279540001,America/New_York
HOP,Campbell AAF (Fort Campbell) Air Field,Hopkinsville,United States,36.668598175,-87.49620056150002,America/Chicago
DCA,Ronald Reagan Washington National Airport,Washington,United States,38.8521,-77.037697,America/New_York
NHK,Patuxent River Naval Air Station (Trapnell Field),Patuxent River,United States,38.285999,-76.411797,America/New_York
PSX,Palacios Municipal Airport,Palacios,United States,28.727500915527,-96.250999450684,America/Chicago
BYH,Arkansas International Airport,Blytheville,United States,35.9642982483,-89.94400024410001,America/Chicago
ACY,Atlantic City International Airport,Atlantic City,United States,39.45759963989258,-74.57720184326172,America/New_York
TIK,Tinker Air Force Base,Oklahoma City,United States,35.414699554443,-97.386596679688,America/Chicago
ECG,Elizabeth City Regional Airport & Coast Guard Air Station,Elizabeth City,United States,36.26060104,-76.17459869,America/New_York
PUB,Pueblo Memorial Airport,Pueblo,United States,38.289100646972656,-104.49700164794922,America/Denver
PQI,Northern Maine Regional Airport at Presque Isle,Presque Isle,United States,46.68899918,-68.0447998,America/New_York
GRF,Gray Army Air Field,Fort Lewis,United States,47.07920074,-122.5810013,America/Los_Angeles
ADQ,Kodiak Airport,Kodiak,United States,57.75,-152.4940033,America/Anchorage
UPP,Upolu Airport,Opolu,United States,20.265300750732422,-155.86000061035156,Pacific/Honolulu
FLL,Fort Lauderdale Hollywood International Airport,Fort Lauderdale,United States,26.072599,-80.152702,America/New_York
INL,Falls International Airport,International Falls,United States,48.566200256347656,-93.4030990600586,America/Chicago
SLC,Salt Lake City International Airport,Salt Lake City,United States,40.78839874267578,-111.97799682617188,America/Denver
CDS,Childress Municipal Airport,Childress,United States,34.4337997437,-100.288002014,America/Chicago
BIX,Keesler Air Force Base,Biloxi,United States,30.4104003906,-88.92440032959999,America/Chicago
LSF,Lawson Army Air Field (Fort Benning),Fort Benning,United States,32.337299346900004,-84.9913024902,America/New_York
NQI,Kingsville Naval Air Station,Kingsville,United States,27.5072002411,-97.8097000122,America/Chicago
FRI,Marshall Army Air Field,Fort Riley,United States,39.05530167,-96.76450348,America/Chicago
MDT,Harrisburg International Airport,Harrisburg,United States,40.1935005188,-76.7633972168,America/New_York
LNK,Lincoln Airport,Lincoln,United States,40.85100173950195,-96.75920104980469,America/Chicago
LAN,Capital City Airport,Lansing,United States,42.77870178222656,-84.58740234375,America/New_York
MUE,Waimea Kohala Airport,Kamuela,United States,20.001300811767578,-155.66799926757812,Pacific/Honolulu
MSS,Massena International Richards Field,Massena,United States,44.93579864501953,-74.84559631347656,America/New_York
HKY,Hickory Regional Airport,Hickory,United States,35.74110031,-81.38950348,America/New_York
SPG,Albert Whitted Airport,St. Petersburg,United States,27.7651,-82.626999,America/New_York
FMY,Page Field,Fort Myers,United States,26.58659935,-81.86329650879999,America/New_York
IAH,George Bush Intercontinental Houston Airport,Houston,United States,29.984399795532227,-95.34140014648438,America/Chicago
ADW,Joint Base Andrews,Camp Springs,United States,38.810799,-76.866997,America/New_York
INT,Smith Reynolds Airport,Winston-salem,United States,36.13370132446289,-80.22200012207031,America/New_York
VCV,Southern California Logistics Airport,Victorville,United States,34.597499847399995,-117.383003235,America/Los_Angeles
CEW,Bob Sikes Airport,Crestview,United States,30.778799057,-86.522102356,America/Chicago
PHN,St Clair County International Airport,Port Huron,United States,42.9109993,-82.52890015,America/New_York
BFL,Meadows Field,Bakersfield,United States,35.43360138,-119.0569992,America/Los_Angeles
ELP,El Paso International Airport,El Paso,United States,31.80719948,-106.3779984,America/Denver
HRL,Valley International Airport,Harlingen,United States,26.228500366210938,-97.65440368652344,America/Chicago
CAE,Columbia Metropolitan Airport,Columbia,United States,33.93880081176758,-81.11949920654297,America/New_York
DMA,Davis Monthan Air Force Base,Tucson,United States,32.1665000916,-110.883003235,America/Phoenix
NPA,Pensacola Naval Air Station/Forrest Sherman Field,Pensacola,United States,30.35269928,-87.31860352,America/Chicago
PNS,Pensacola Regional Airport,Pensacola,United States,30.473400115967,-87.186599731445,America/Chicago
RDR,Grand Forks Air Force Base,Red River,United States,47.961101532,-97.4011993408,America/Chicago
HOU,William P Hobby Airport,Houston,United States,29.64539909,-95.27890015,America/Chicago
BFK,Buckley Air Force Base,Buckley,United States,39.701698303200004,-104.751998901,America/Denver
ORT,Northway Airport,Northway,United States,62.9612999,-141.9290009,America/Anchorage
PAQ,"Warren ""Bud"" Woods Palmer Municipal Airport",Palmer,United States,61.594898,-149.08901,America/Anchorage
PIT,Pittsburgh International Airport,Pittsburgh,United States,40.49150085,-80.23290253,America/New_York
BRW,Wiley Post Will Rogers Memorial Airport,Barrow,United States,71.285402,-156.766008,America/Anchorage
EFD,Ellington Airport,Houston,United States,29.607299804700002,-95.1587982178,America/Chicago
NUW,Whidbey Island Naval Air Station (Ault Field),Whidbey Island,United States,48.351799,-122.655998,America/Los_Angeles
ALI,Alice International Airport,Alice,United States,27.740900039699998,-98.02690124510002,America/Chicago
VAD,Moody Air Force Base,Valdosta,United States,30.9678001404,-83.1930007935,America/New_York
MIA,Miami International Airport,Miami,United States,25.79319953918457,-80.29060363769531,America/New_York
SEA,Seattle Tacoma International Airport,Seattle,United States,47.449001,-122.308998,America/Los_Angeles
CHA,Lovell Field,Chattanooga,United States,35.035301208496094,-85.20379638671875,America/New_York
BDR,Igor I Sikorsky Memorial Airport,Stratford,United States,41.16350173950195,-73.1261978149414,America/New_York
JAN,Jackson-Medgar Wiley Evers International Airport,Jackson,United States,32.3111991882,-90.0758972168,America/Chicago
GLS,Scholes International At Galveston Airport,Galveston,United States,29.265300750732422,-94.86039733886719,America/Chicago
LGB,Long Beach /Daugherty Field/ Airport,Long Beach,United States,33.81769943,-118.1520004,America/Los_Angeles
HDH,Dillingham Airfield,Dillingham,United States,21.5795001984,-158.197006226,Pacific/Honolulu
IPT,Williamsport Regional Airport,Williamsport,United States,41.241798400878906,-76.92109680175781,America/New_York
IND,Indianapolis International Airport,Indianapolis,United States,39.7173,-86.294403,America/New_York
SZL,Whiteman Air Force Base,Knobnoster,United States,38.73030090332,-93.547897338867,America/Chicago
AKC,Akron Fulton International Airport,Akron,United States,41.0374984741,-81.4669036865,America/New_York
GWO,Greenwood–Leflore Airport,Greenwood,United States,33.4943008423,-90.0847015381,America/Chicago
HPN,Westchester County Airport,White Plains,United States,41.06700134277344,-73.70760345458984,America/New_York
FOK,Francis S Gabreski Airport,West Hampton Beach,United States,40.8437004089,-72.6317977905,America/New_York
JBR,Jonesboro Municipal Airport,Jonesboro,United States,35.83169937133789,-90.64640045166016,America/Chicago
XSD,Tonopah Test Range Airport,Tonopah,United States,37.7988014221,-116.78099823,America/Los_Angeles
LNA,Palm Beach County Park Airport,West Palm Beach,United States,26.59300041,-80.08509827,America/New_York
NZY,North Island Naval Air Station-Halsey Field,San Diego,United States,32.69919968,-117.2149963,America/Los_Angeles
BIF,Biggs Army Air Field (Fort Bliss),El Paso,United States,31.84950066,-106.3799973,America/Denver
YUM,Yuma MCAS/Yuma International Airport,Yuma,United States,32.65660095,-114.6060028,America/Phoenix
CNM,Cavern City Air Terminal,Carlsbad,United States,32.337501525878906,-104.26300048828125,America/Denver
DLH,Duluth International Airport,Duluth,United States,46.8420982361,-92.19360351559999,America/Chicago
BET,Bethel Airport,Bethel,United States,60.77980042,-161.8379974,America/Anchorage
LOU,Bowman Field,Louisville,United States,38.2280006409,-85.6636962891,America/New_York
FHU,Sierra Vista Municipal Libby Army Air Field,Fort Huachuca,United States,31.588499069213867,-110.34400177001953,America/Phoenix
LIH,Lihue Airport,Lihue,United States,21.97599983215332,-159.33900451660156,Pacific/Honolulu
HUF,"Terre Haute Regional Airport, Hulman Field",Terre Haute,United States,39.4515,-87.307602,America/New_York
HVR,Havre City County Airport,Havre,United States,48.54299927,-109.762001,America/Denver
MWH,Grant County International Airport,Grant County Airport,United States,47.20769882,-119.3199997,America/Los_Angeles
MPV,Edward F Knapp State Airport,Montpelier,United States,44.20349884,-72.56230164,America/New_York
RIC,Richmond International Airport,Richmond,United States,37.50519943237305,-77.3197021484375,America/New_York
SHV,Shreveport Regional Airport,Shreveport,United States,32.446602,-93.8256,America/Chicago
CDV,Merle K (Mudhole) Smith Airport,Cordova,United States,60.4917984,-145.4779968,America/Anchorage
ORF,Norfolk International Airport,Norfolk,United States,36.89459991455078,-76.20120239257812,America/New_York
BPT,Southeast Texas Regional Airport,Beaumont,United States,29.9507999420166,-94.02069854736328,America/Chicago
SAV,Savannah Hilton Head International Airport,Savannah,United States,32.12760162,-81.20210266,America/New_York
HIF,Hill Air Force Base,Ogden,United States,41.12403,-111.973086,America/Denver
OME,Nome Airport,Nome,United States,64.51219940185547,-165.44500732421875,America/Anchorage
PIE,St Petersburg Clearwater International Airport,St. Petersburg,United States,27.91020012,-82.68740082,America/New_York
MNM,Menominee Regional Airport,Macon,United States,45.126701,-87.638397,America/Chicago
CXO,Conroe-North Houston Regional Airport,Conroe,United States,30.351801,-95.414497,America/Chicago
SCC,Deadhorse Airport,Deadhorse,United States,70.19470215,-148.4649963,America/Anchorage
SAT,San Antonio International Airport,San Antonio,United States,29.533700942993164,-98.46980285644531,America/Chicago
ROC,Greater Rochester International Airport,Rochester,United States,43.118900299072266,-77.67240142822266,America/New_York
COF,Patrick Air Force Base,Coco Beach,United States,28.2348995209,-80.6100997925,America/New_York
TEB,Teterboro Airport,Teterboro,United States,40.85010147089999,-74.060798645,America/New_York
RCA,Ellsworth Air Force Base,Rapid City,United States,44.14500046,-103.1039963,America/Denver
RDU,Raleigh Durham International Airport,Raleigh-durham,United States,35.877601623535156,-78.7874984741211,America/New_York
DAY,James M Cox Dayton International Airport,Dayton,United States,39.902400970458984,-84.21939849853516,America/New_York
ENA,Kenai Municipal Airport,Kenai,United States,60.57310104370117,-151.2449951171875,America/Anchorage
MLC,Mc Alester Regional Airport,Mcalester,United States,34.882401,-95.783501,America/Chicago
IAG,Niagara Falls International Airport,Niagara Falls,United States,43.1072998046875,-78.94619750976562,America/New_York
CFD,Coulter Field,Bryan,United States,30.715700149499998,-96.3313980103,America/Chicago
LIY,Wright AAF (Fort Stewart)/Midcoast Regional Airport,Wright,United States,31.889099,-81.562303,America/New_York
PHF,Newport News Williamsburg International Airport,Newport News,United States,37.13190079,-76.49299622,America/New_York
ESF,Esler Regional Airport,Alexandria,United States,31.3948993683,-92.2957992554,America/Chicago
LTS,Altus Air Force Base,Altus,United States,34.667098999,-99.2667007446,America/Chicago
TUS,Tucson International Airport,Tucson,United States,32.1161003112793,-110.94100189208984,America/Phoenix
MIB,Minot Air Force Base,Minot,United States,48.4156,-101.358002,America/Chicago
BAB,Beale Air Force Base,Marysville,United States,39.136100769,-121.43699646,America/Los_Angeles
IKK,Greater Kankakee Airport,Kankakee,United States,41.07139968869999,-87.8462982178,America/Chicago
GSB,Seymour Johnson Air Force Base,Goldsboro,United States,35.33940125,-77.96060181,America/New_York
PVD,Theodore Francis Green State Airport,Providence,United States,41.732601,-71.420403,America/New_York
SBY,Salisbury Ocean City Wicomico Regional Airport,Salisbury,United States,38.34049987792969,-75.51029968261719,America/New_York
BUR,Bob Hope Airport,Burbank,United States,34.20069885253906,-118.35900115966797,America/Los_Angeles
DTW,Detroit Metropolitan Wayne County Airport,Detroit,United States,42.212398529052734,-83.35340118408203,America/New_York
TPA,Tampa International Airport,Tampa,United States,27.975500106811523,-82.533203125,America/New_York
PMB,Pembina Municipal Airport,Pembina,United States,48.9425010681,-97.2407989502,America/Chicago
POE,Polk Army Air Field,Fort Polk,United States,31.0447998,-93.1917038,America/Chicago
EIL,Eielson Air Force Base,Fairbanks,United States,64.66570282,-147.102005,America/Anchorage
HIB,Range Regional Airport,Hibbing,United States,47.38660049,-92.83899689,America/Chicago
LFK,Angelina County Airport,Lufkin,United States,31.2339992523,-94.75,America/Chicago
MAF,Midland International Airport,Midland,United States,31.9424991607666,-102.2020034790039,America/Chicago
GRB,Austin Straubel International Airport,Green Bay,United States,44.48509979248047,-88.12960052490234,America/Chicago
ADM,Ardmore Municipal Airport,Ardmore,United States,34.30301,-97.0196342,America/Chicago
WRI,Mc Guire Air Force Base,Wrightstown,United States,40.0155983,-74.59169769,America/New_York
AGS,Augusta Regional At Bush Field,Bush Field,United States,33.36989974975586,-81.9645004272461,America/New_York
ISN,Sloulin Field International Airport,Williston,United States,48.177898407,-103.641998291,America/Chicago
LIT,Bill & Hillary Clinton National Airport/Adams Field,Little Rock,United States,34.729400634799994,-92.2242965698,America/Chicago
SWF,Stewart International Airport,Newburgh,United States,41.50410079956055,-74.10479736328125,America/New_York
BDE,Baudette International Airport,Baudette,United States,48.7284011841,-94.612197876,America/Chicago
SAC,Sacramento Executive Airport,Sacramento,United States,38.5125007629,-121.492996216,America/Los_Angeles
HOM,Homer Airport,Homer,United States,59.645599365234375,-151.4770050048828,America/Anchorage
TBN,Waynesville-St. Robert Regional Forney field,Fort Leonardwood,United States,37.74160004,-92.14070129,America/Chicago
MGE,Dobbins Air Reserve Base,Marietta,United States,33.91540146,-84.51629639,America/New_York
SKA,Fairchild Air Force Base,Spokane,United States,47.6151008606,-117.65599823,America/Los_Angeles
HTL,Roscommon County - Blodgett Memorial Airport,Houghton Lake,United States,44.359798,-84.671095,America/New_York
PAM,Tyndall Air Force Base,Panama City,United States,30.0695991516,-85.57540130619999,America/Chicago
DFW,Dallas Fort Worth International Airport,Dallas-Fort Worth,United States,32.896801,-97.038002,America/Chicago
MLB,Melbourne International Airport,Melbourne,United States,28.102800369262695,-80.64530181884766,America/New_York
TCM,McChord Air Force Base,Tacoma,United States,47.1376991272,-122.475997925,America/Los_Angeles
AUS,Austin Bergstrom International Airport,Austin,United States,30.194499969482422,-97.6698989868164,America/Chicago
LCK,Rickenbacker International Airport,Columbus,United States,39.813801,-82.927803,America/New_York
MQT,Sawyer International Airport,Gwinn,United States,46.353599548300004,-87.395401001,America/New_York
TYS,McGhee Tyson Airport,Knoxville,United States,35.81100082,-83.9940033,America/New_York
HLR,Hood Army Air Field,Fort Hood,United States,31.138700485199998,-97.71450042720001,America/Chicago
STL,St Louis Lambert International Airport,St. Louis,United States,38.748697,-90.370003,America/Chicago
MIV,Millville Municipal Airport,Millville,United States,39.367802,-75.072197,America/New_York
SPS,Sheppard Air Force Base-Wichita Falls Municipal Airport,Wichita Falls,United States,33.9888,-98.491898,America/Chicago
LUK,Cincinnati Municipal Airport Lunken Field,Cincinnati,United States,39.10329819,-84.41860199,America/New_York
ATL,Hartsfield Jackson Atlanta International Airport,Atlanta,United States,33.6367,-84.428101,America/New_York
MER,Castle Airport,Merced,United States,37.38050079,-120.5680008,America/Los_Angeles
MCC,Mc Clellan Airfield,Sacramento,United States,38.66759872,-121.401001,America/Los_Angeles
GRR,Gerald R. Ford International Airport,Grand Rapids,United States,42.88079834,-85.52279663,America/New_York
INK,Winkler County Airport,Wink,United States,31.779600143399996,-103.200996399,America/Chicago
FAT,Fresno Yosemite International Airport,Fresno,United States,36.77619934082031,-119.71800231933594,America/Los_Angeles
VRB,Vero Beach Regional Airport,Vero Beach,United States,27.6556,-80.417901,America/New_York
IPL,Imperial County Airport,Imperial,United States,32.834201812699995,-115.57900238,America/Los_Angeles
BNA,Nashville International Airport,Nashville,United States,36.1245002746582,-86.6781997680664,America/Chicago
LRD,Laredo International Airport,Laredo,United States,27.543800354003906,-99.46160125732422,America/Chicago
EDF,Elmendorf Air Force Base,Anchorage,United States,61.250999450683594,-149.8070068359375,America/Anchorage
OTZ,Ralph Wien Memorial Airport,Kotzebue,United States,66.88469696,-162.598999,America/Anchorage
AOO,Altoona Blair County Airport,Altoona,United States,40.29639816,-78.31999969,America/New_York
DYS,Dyess Air Force Base,Abilene,United States,32.4207992554,-99.854598999,America/Chicago
ELD,South Arkansas Regional At Goodwin Field,El Dorado,United States,33.22100067138672,-92.81330108642578,America/Chicago
LGA,La Guardia Airport,New York,United States,40.77719879,-73.87259674,America/New_York
TLH,Tallahassee Regional Airport,Tallahassee,United States,30.396499633789062,-84.35030364990234,America/New_York
DPA,Dupage Airport,West Chicago,United States,41.90779877,-88.24859619,America/Chicago
ACT,Waco Regional Airport,Waco,United States,31.611299514770508,-97.23049926757812,America/Chicago
AUG,Augusta State Airport,Augusta,United States,44.320598602299995,-69.7973022461,America/New_York
NIP,Jacksonville Naval Air Station (Towers Field),Jacksonville,United States,30.2358,-81.680603,America/New_York
MKL,McKellar-Sipes Regional Airport,Jackson,United States,35.599899,-88.915604,America/Chicago
MKK,Molokai Airport,Molokai,United States,21.15290069580078,-157.0959930419922,Pacific/Honolulu
FTK,Godman Army Air Field,Fort Knox,United States,37.907100677500004,-85.9720993042,America/New_York
SJT,San Angelo Regional Mathis Field,San Angelo,United States,31.35770034790039,-100.49600219726562,America/Chicago
CXL,Calexico International Airport,Calexico,United States,32.6694984436,-115.513000488,America/Los_Angeles
CIC,Chico Municipal Airport,Chico,United States,39.79539871,-121.8580017,America/Los_Angeles
BTV,Burlington International Airport,Burlington,United States,44.471900939899996,-73.15329742429999,America/New_York
JAX,Jacksonville International Airport,Jacksonville,United States,30.49410057067871,-81.68789672851562,America/New_York
DRO,Durango La Plata County Airport,Durango,United States,37.1515007019,-107.753997803,America/Denver
IAD,Washington Dulles International Airport,Washington,United States,38.94449997,-77.45580292,America/New_York
CLL,Easterwood Field,College Station,United States,30.58860016,-96.36380005,America/Chicago
SFF,Felts Field,Spokane,United States,47.682800292969,-117.32299804688,America/Los_Angeles
MKE,General Mitchell International Airport,Milwaukee,United States,42.947200775146484,-87.89659881591797,America/Chicago
ABI,Abilene Regional Airport,Abilene,United States,32.4113006592,-99.68190002440001,America/Chicago
COU,Columbia Regional Airport,Columbia,United States,38.81809997558594,-92.21959686279297,America/Chicago
PDX,Portland International Airport,Portland,United States,45.58869934,-122.5979996,America/Los_Angeles
TNT,Dade Collier Training and Transition Airport,Miami,United States,25.861799240112,-80.897003173828,America/New_York
PBI,Palm Beach International Airport,West Palm Beach,United States,26.68320083618164,-80.09559631347656,America/New_York
FTW,Fort Worth Meacham International Airport,Fort Worth,United States,32.819801,-97.362396,America/Chicago
OGS,Ogdensburg International Airport,Ogdensburg,United States,44.6819000244,-75.46549987790002,America/New_York
FMH,Cape Cod Coast Guard Air Station,Falmouth,United States,41.6584014893,-70.5214004517,America/New_York
BFI,Boeing Field King County International Airport,Seattle,United States,47.529998779296875,-122.302001953125,America/Los_Angeles
SKF,Lackland Air Force Base,San Antonio,United States,29.38419914,-98.58110046,America/Chicago
HNL,Daniel K Inouye International Airport,Honolulu,United States,21.32062,-157.924228,Pacific/Honolulu
DSM,Des Moines International Airport,Des Moines,United States,41.534000396728516,-93.66310119628906,America/Chicago
EWN,Coastal Carolina Regional Airport,New Bern,United States,35.0730018616,-77.04290008539999,America/New_York
SAN,San Diego International Airport,San Diego,United States,32.7336006165,-117.190002441,America/Los_Angeles
MLU,Monroe Regional Airport,Monroe,United States,32.51089859008789,-92.0376968383789,America/Chicago
SSC,Shaw Air Force Base,Sumter,United States,33.97269821,-80.47059631,America/New_York
ONT,Ontario International Airport,Ontario,United States,34.055999755859375,-117.60099792480469,America/Los_Angeles
GVT,Majors Airport,Greenvile,United States,33.0677986145,-96.0652999878,America/Chicago
ROW,Roswell International Air Center Airport,Roswell,United States,33.30160140991211,-104.53099822998047,America/Denver
DET,Coleman A. Young Municipal Airport,Detroit,United States,42.40919876,-83.00990295,America/New_York
BRO,Brownsville South Padre Island International Airport,Brownsville,United States,25.90679931640625,-97.4259033203125,America/Chicago
DHN,Dothan Regional Airport,Dothan,United States,31.321300506591797,-85.44960021972656,America/Chicago
WWD,Cape May County Airport,Wildwood,United States,39.008499145500004,-74.9083023071,America/New_York
NFL,Fallon Naval Air Station,Fallon,United States,39.41659927,-118.7009964,America/Los_Angeles
MTC,Selfridge Air National Guard Base Airport,Mount Clemens,United States,42.613463,-82.836919,America/New_York
FMN,Four Corners Regional Airport,Farmington,United States,36.741199493399996,-108.230003357,America/Denver
CRP,Corpus Christi International Airport,Corpus Christi,United States,27.77039909362793,-97.5011978149414,America/Chicago
SYR,Syracuse Hancock International Airport,Syracuse,United States,43.11119842529297,-76.1063003540039,America/New_York
NQX,Naval Air Station Key West/Boca Chica Field,Key West,United States,24.57579994,-81.68890381,America/New_York
MDW,Chicago Midway International Airport,Chicago,United States,41.785999,-87.752403,America/Chicago
SJC,Norman Y. Mineta San Jose International Airport,San Jose,United States,37.362598,-121.929001,America/Los_Angeles
HOB,Lea County Regional Airport,Hobbs,United States,32.6875,-103.2170029,America/Denver
PNE,Northeast Philadelphia Airport,Philadelphia,United States,40.081902,-75.010597,America/New_York
DEN,Denver International Airport,Denver,United States,39.861698150635,-104.672996521,America/Denver
PHL,Philadelphia International Airport,Philadelphia,United States,39.87189865112305,-75.24109649658203,America/New_York
SUX,Sioux Gateway Col. Bud Day Field,Sioux City,United States,42.40259933,-96.38439941,America/Chicago
MCN,Middle Georgia Regional Airport,Macon,United States,32.69279861450195,-83.64920043945312,America/New_York
TCS,Truth Or Consequences Municipal Airport,Truth Or Consequences,United States,33.2369003296,-107.272003174,America/Denver
PMD,Palmdale Regional/USAF Plant 42 Airport,Palmdale,United States,34.62939835,-118.0849991,America/Los_Angeles
RND,Randolph Air Force Base,San Antonio,United States,29.52969933,-98.27890015,America/Chicago
NJK,El Centro NAF Airport (Vraciu Field),El Centro,United States,32.829201,-115.671996,America/Los_Angeles
CMH,John Glenn Columbus International Airport,Columbus,United States,39.998001,-82.891899,America/New_York
FYV,Drake Field,Fayetteville,United States,36.00510025024414,-94.17009735107422,America/Chicago
FSI,Henry Post Army Air Field (Fort Sill),Fort Sill,United States,34.64979935,-98.40219879,America/Chicago
FFO,Wright-Patterson Air Force Base,Dayton,United States,39.8260993958,-84.0483016968,America/New_York
GAL,Edward G. Pitka Sr Airport,Galena,United States,64.73619843,-156.9369965,America/Anchorage
MWL,Mineral Wells Airport,Mineral Wells,United States,32.7816009521,-98.0602035522,America/Chicago
IAB,Mc Connell Air Force Base,Wichita,United States,37.62189865,-97.26820374,America/Chicago
NBG,New Orleans NAS JRB/Alvin Callender Field,New Orleans,United States,29.82530022,-90.03500366,America/Chicago
BFT,Beaufort County Airport,Beaufort,United States,32.4122009277,-80.6343994141,America/New_York
TXK,Texarkana Regional Webb Field,Texarkana,United States,33.45370101928711,-93.99099731445312,America/Chicago
PBG,Plattsburgh International Airport,Plattsburgh,United States,44.650901794433594,-73.46810150146484,America/New_York
APG,Phillips Army Air Field,Aberdeen,United States,39.466202,-76.1688,America/New_York
TCC,Tucumcari Municipal Airport,Tucumcari,United States,35.182800293,-103.602996826,America/Denver
ANC,Ted Stevens Anchorage International Airport,Anchorage,United States,61.174400329589844,-149.99600219726562,America/Anchorage
GRK,Robert Gray  Army Air Field Airport,Killeen,United States,31.067199707,-97.82890319820001,America/Chicago
BLI,Bellingham International Airport,Bellingham,United States,48.79280090332031,-122.53800201416016,America/Los_Angeles
NQA,Millington-Memphis Airport,Millington,United States,35.356701,-89.8703,America/Chicago
EKN,Elkins-Randolph Co-Jennings Randolph Field,Elkins,United States,38.88940048,-79.85710144,America/New_York
HFD,Hartford Brainard Airport,Hartford,United States,41.736698150635,-72.649398803711,America/New_York
SFZ,North Central State Airport,Smithfield,United States,41.9207992554,-71.49140167239999,America/New_York
MOB,Mobile Regional Airport,Mobile,United States,30.691200256348,-88.242797851562,America/Chicago
NUQ,Moffett Federal Airfield,Mountain View,United States,37.4161,-122.049004,America/Los_Angeles
SAF,Santa Fe Municipal Airport,Santa Fe,United States,35.617099762,-106.088996887,America/Denver
BKH,Barking Sands Airport,Barking Sands,United States,22.022800445599998,-159.785003662,Pacific/Honolulu
DRI,Beauregard Regional Airport,Deridder,United States,30.8316993713,-93.33989715579999,America/Chicago
BSF,Bradshaw Army Airfield,Bradshaw Field,United States,19.760099411,-155.554000854,Pacific/Honolulu
OLS,Nogales International Airport,Nogales,United States,31.4177,-110.848,America/Phoenix
MCF,Mac Dill Air Force Base,Tampa,United States,27.84930038,-82.52120209,America/New_York
BLV,Scott AFB/Midamerica Airport,Belleville,United States,38.5452,-89.835197,America/Chicago
OPF,Opa-locka Executive Airport,Miami,United States,25.907,-80.278397,America/New_York
DRT,Del Rio International Airport,Del Rio,United States,29.3742008209,-100.927001953,America/Chicago
RSW,Southwest Florida International Airport,Fort Myers,United States,26.53619956970215,-81.75520324707031,America/New_York
AKN,King Salmon Airport,King Salmon,United States,58.67679977,-156.6490021,America/Anchorage
MUI,Muir Army Air Field (Fort Indiantown Gap) Airport,Muir,United States,40.434799,-76.569397,America/New_York
JHM,Kapalua Airport,Lahania-kapalua,United States,20.962900161743164,-156.67300415039062,Pacific/Honolulu
JFK,John F Kennedy International Airport,New York,United States,40.63980103,-73.77890015,America/New_York
HST,Homestead ARB Airport,Homestead,United States,25.48859978,-80.38359833,America/New_York
RAL,Riverside Municipal Airport,Riverside,United States,33.95190048,-117.4449997,America/Los_Angeles
FLV,Sherman Army Air Field,Fort Leavenworth,United States,39.3683013916,-94.9147033691,America/Chicago
WAL,Wallops Flight Facility Airport,Wallops Island,United States,37.9402008057,-75.4664001465,America/New_York
HMN,Holloman Air Force Base,Alamogordo,United States,32.8525009155,-106.107002258,America/Denver
NXX,Willow Grove Naval Air Station/Joint Reserve Base,Willow Grove,United States,40.19979858,-75.14820099,America/New_York
CYS,Cheyenne Regional Jerry Olson Field,Cheyenne,United States,41.15570068,-104.8119965,America/Denver
SCK,Stockton Metropolitan Airport,Stockton,United States,37.894199371338,-121.2379989624,America/Los_Angeles
CHS,Charleston Air Force Base-International Airport,Charleston,United States,32.89860153,-80.04049683,America/New_York
RNO,Reno Tahoe International Airport,Reno,United States,39.49909973144531,-119.76799774169922,America/Los_Angeles
KTN,Ketchikan International Airport,Ketchikan,United States,55.35559845,-131.7140045,America/Anchorage
YIP,Willow Run Airport,Detroit,United States,42.23789978,-83.53040314,America/New_York
VBG,Vandenberg Air Force Base,Lompoc,United States,34.7373008728,-120.583999634,America/Los_Angeles
BHM,Birmingham-Shuttlesworth International Airport,Birmingham,United States,33.56290054,-86.75350189,America/Chicago
NEL,Lakehurst Maxfield Field Airport,Lakehurst,United States,40.03329849,-74.353302,America/New_York
SYA,Eareckson Air Station,Shemya,United States,52.71229935,174.1139984,America/Adak
LSV,Nellis Air Force Base,Las Vegas,United States,36.2361984253,-115.033996582,America/Los_Angeles
RIV,March ARB Airport,Riverside,United States,33.880699,-117.259003,America/Los_Angeles
MOD,Modesto City Co-Harry Sham Field,Modesto,United States,37.62580109,-120.9540024,America/Los_Angeles
SMF,Sacramento International Airport,Sacramento,United States,38.69540023803711,-121.59100341796875,America/Los_Angeles
UGN,Waukegan National Airport,Chicago,United States,42.422199249268,-87.867897033691,America/Chicago
COS,City of Colorado Springs Municipal Airport,Colorado Springs,United States,38.805801,-104.700996,America/Denver
BUF,Buffalo Niagara International Airport,Buffalo,United States,42.94049835,-78.73220062,America/New_York
SKY,Griffing Sandusky Airport,Sandusky,United States,41.4333992004,-82.6522979736,America/New_York
PAE,Snohomish County (Paine Field) Airport,Everett,United States,47.90629959,-122.2819977,America/Los_Angeles
MUO,Mountain Home Air Force Base,Mountain Home,United States,43.043598,-115.872002,America/Denver
CDC,Cedar City Regional Airport,Cedar City,United States,37.70100021362305,-113.0989990234375,America/Denver
BDL,Bradley International Airport,Windsor Locks,United States,41.9388999939,-72.68319702149999,America/New_York
MFE,Mc Allen Miller International Airport,Mcallen,United States,26.17580032,-98.23860168,America/Chicago
NGU,Norfolk Naval Station (Chambers Field),Norfolk,United States,36.937599,-76.289299,America/New_York
CEF,Westover ARB/Metropolitan Airport,Chicopee Falls,United States,42.19400024,-72.53479767,America/New_York
LBB,Lubbock Preston Smith International Airport,Lubbock,United States,33.663601,-101.822998,America/Chicago
ORD,Chicago O'Hare International Airport,Chicago,United States,41.9786,-87.9048,America/Chicago
BCT,Boca Raton Airport,Boca Raton,United States,26.3784999847,-80.1076965332,America/New_York
FAI,Fairbanks International Airport,Fairbanks,United States,64.81510162,-147.8560028,America/Anchorage
CVS,Cannon Air Force Base,Clovis,United States,34.3828010559,-103.321998596,America/Denver
NGF,Kaneohe Bay MCAS (Marion E. Carl Field) Airport,Kaneohe Bay,United States,21.4505004883,-157.768005371,Pacific/Honolulu
OFF,Offutt Air Force Base,Omaha,United States,41.118301391602,-95.912498474121,America/Chicago
GKN,Gulkana Airport,Gulkana,United States,62.1548996,-145.4570007,America/Anchorage
ART,Watertown International Airport,Watertown,United States,43.99190139770508,-76.02169799804688,America/New_York
PSP,Palm Springs International Airport,Palm Springs,United States,33.8297004699707,-116.50700378417969,America/Los_Angeles
AMA,Rick Husband Amarillo International Airport,Amarillo,United States,35.219398,-101.706001,America/Chicago
FOD,Fort Dodge Regional Airport,Fort Dodge,United States,42.55149841,-94.19259644,America/Chicago
BAD,Barksdale Air Force Base,Shreveport,United States,32.5018005371,-93.6626968384,America/Chicago
FOE,Topeka Regional Airport - Forbes Field,Topeka,United States,38.950901031499995,-95.66359710690001,America/Chicago
COT,Cotulla-La Salle County Airport,Cotulla,United States,28.45669937,-99.22029877,America/Chicago
ILM,Wilmington International Airport,Wilmington,United States,34.270599365234375,-77.90260314941406,America/New_York
BTR,Baton Rouge Metropolitan Airport,Baton Rouge,United States,30.533199,-91.149597,America/Chicago
TYR,Tyler Pounds Regional Airport,Tyler,United States,32.35409927368164,-95.40239715576172,America/Chicago
BWI,Baltimore/Washington International Thurgood Marshall Airport,Baltimore,United States,39.1754,-76.668297,America/New_York
HBR,Hobart Regional Airport,Hobart,United States,34.991317,-99.051313,America/Chicago
LNY,Lanai Airport,Lanai,United States,20.785600662231445,-156.9510040283203,Pacific/Honolulu
AEX,Alexandria International Airport,Alexandria,United States,31.32740020751953,-92.54979705810547,America/Chicago
WSD,Condron Army Air Field,White Sands,United States,32.34149933,-106.4029999,America/Denver
CDB,Cold Bay Airport,Cold Bay,United States,55.20610046386719,-162.72500610351562,America/Anchorage
TUL,Tulsa International Airport,Tulsa,United States,36.19839859008789,-95.88809967041016,America/Chicago
SIT,Sitka Rocky Gutierrez Airport,Sitka,United States,57.04710006713867,-135.36199951171875,America/Anchorage
ISP,Long Island Mac Arthur Airport,Islip,United States,40.79520035,-73.10019684,America/New_York
MSP,Minneapolis-St Paul International/Wold-Chamberlain Airport,Minneapolis,United States,44.882,-93.221802,America/Chicago
ILG,New Castle Airport,Wilmington,United States,39.67869949,-75.60649872,America/New_York
DUT,Unalaska Airport,Unalaska,United States,53.900100708,-166.544006348,America/Anchorage
MSY,Louis Armstrong New Orleans International Airport,New Orleans,United States,29.99340057373047,-90.25800323486328,America/Chicago
PWM,Portland International Jetport Airport,Portland,United States,43.64619827,-70.30930328,America/New_York
OKC,Will Rogers World Airport,Oklahoma City,United States,35.39310073852539,-97.60070037841797,America/Chicago
ALB,Albany International Airport,Albany,United States,42.74829864501953,-73.80169677734375,America/New_York
VDZ,Valdez Pioneer Field,Valdez,United States,61.13389969,-146.2480011,America/Anchorage
LFI,Langley Air Force Base,Hampton,United States,37.082901001,-76.360496521,America/New_York
SNA,John Wayne Airport-Orange County Airport,Santa Ana,United States,33.67570114,-117.8679962,America/Los_Angeles
CBM,Columbus Air Force Base,Colombus,United States,33.6437988281,-88.44380187990001,America/Chicago
TMB,Kendall-Tamiami Executive Airport,Kendall-tamiami,United States,25.6478996277,-80.432800293,America/New_York
NTU,Oceana Naval Air Station,Oceana,United States,36.820702,-76.033501,America/New_York
GUS,Grissom Air Reserve Base,Peru,United States,40.648101806599996,-86.1520996094,America/New_York
CPR,Casper-Natrona County International Airport,Casper,United States,42.908001,-106.463997,America/Denver
VPS,Destin-Ft Walton Beach Airport,Valparaiso,United States,30.4832,-86.525398,America/Chicago
SEM,Craig Field,Selma,United States,32.343898773193,-86.987800598145,America/Chicago
EYW,Key West International Airport,Key West,United States,24.556100845336914,-81.75959777832031,America/New_York
CLT,Charlotte Douglas International Airport,Charlotte,United States,35.2140007019043,-80.94309997558594,America/New_York
LAS,McCarran International Airport,Las Vegas,United States,36.08010101,-115.1520004,America/Los_Angeles
MCO,Orlando International Airport,Orlando,United States,28.429399490356445,-81.30899810791016,America/New_York
FLO,Florence Regional Airport,Florence,United States,34.18539810180664,-79.7238998413086,America/New_York
GTF,Great Falls International Airport,Great Falls,United States,47.48199844,-111.3710022,America/Denver
YNG,Youngstown Warren Regional Airport,Youngstown,United States,41.26070023,-80.67910004,America/New_York
FBK,Ladd AAF Airfield,Fort Wainwright,United States,64.83750153,-147.6139984,America/Anchorage
WRB,Robins Air Force Base,Macon,United States,32.6400985718,-83.5919036865,America/New_York
BKK,Suvarnabhumi Airport,Bangkok,Thailand,13.681099891662598,100.74700164794922,Asia/Bangkok
NAH,Naha Airport,Naha,Indonesia,3.6832098960876465,125.52799987792969,Asia/Makassar
MXB,Andi Jemma Airport,Masamba,Indonesia,-2.55803,120.323997,Asia/Makassar
SQR,Soroako Airport,Soroako,Indonesia,-2.5311999320983887,121.35800170898438,Asia/Makassar
TTR,Pongtiku Airport,Makale,Indonesia,-3.0447399616241,119.82199859619,Asia/Makassar
KDI,Wolter Monginsidi Airport,Kendari,Indonesia,-4.081610202789307,122.41799926757812,Asia/Makassar
SBG,Maimun Saleh Airport,Sabang,Indonesia,5.87412977219,95.33969879150001,Asia/Jakarta
TSY,Cibeureum Airport,Tasikmalaya,Indonesia,-7.346600055690001,108.246002197,Asia/Jakarta
MLG,Abdul Rachman Saleh Airport,Malang,Indonesia,-7.926559925079999,112.714996338,Asia/Jakarta
BDO,Husein Sastranegara International Airport,Bandung,Indonesia,-6.900629997253418,107.57599639892578,Asia/Jakarta
CBN,Penggung Airport,Cirebon,Indonesia,-6.756140232090001,108.540000916,Asia/Jakarta
JOG,Adi Sutjipto International Airport,Yogyakarta,Indonesia,-7.788179874420166,110.43199920654297,Asia/Jakarta
CXP,Tunggul Wulung Airport,Cilacap,Indonesia,-7.645060062410001,109.033996582,Asia/Jakarta
PCB,Pondok Cabe Air Base,Jakarta,Indonesia,-6.3369598388671875,106.76499938964844,Asia/Jakarta
SRG,Achmad Yani Airport,Semarang,Indonesia,-6.97273,110.375,Asia/Jakarta
BTH,Hang Nadim International Airport,Batam,Indonesia,1.12102997303,104.119003296,Asia/Jakarta
TJQ,Buluh Tumbang (H A S Hanandjoeddin) Airport,Tanjung Pandan,Indonesia,-2.74571990967,107.754997253,Asia/Jakarta
PGK,Pangkal Pinang (Depati Amir) Airport,Pangkal Pinang,Indonesia,-2.16219997406,106.138999939,Asia/Jakarta
TNJ,Raja Haji Fisabilillah International Airport,Tanjung Pinang,Indonesia,0.922683000565,104.531997681,Asia/Jakarta
SIQ,Dabo Airport,Singkep,Indonesia,-0.47918900847435,104.5790023803711,Asia/Jakarta
BDJ,Syamsudin Noor Airport,Banjarmasin,Indonesia,-3.4423599243164062,114.76300048828125,Asia/Makassar
BTW,Batu Licin Airport,Batu Licin,Indonesia,-3.4124100208300003,115.995002747,Asia/Makassar
PKN,Iskandar Airport,Pangkalan Bun,Indonesia,-2.70519995689,111.672996521,Asia/Jakarta
PKY,Tjilik Riwut Airport,Palangkaraya,Indonesia,-2.22513008118,113.943000793,Asia/Jakarta
MOF,Maumere(Wai Oti) Airport,Maumere,Indonesia,-8.64064979553,122.236999512,Asia/Makassar
ENE,Ende (H Hasan Aroeboesman) Airport,Ende,Indonesia,-8.8492898941,121.661003113,Asia/Makassar
RTG,Frans Sales Lega Airport,Ruteng,Indonesia,-8.5970096588135,120.47699737549,Asia/Makassar
KOE,El Tari Airport,Kupang,Indonesia,-10.171600341796875,123.6709976196289,Asia/Makassar
LBJ,Komodo Airport,Labuhan Bajo,Indonesia,-8.48666,119.889,Asia/Makassar
BPN,Sultan Aji Muhamad Sulaiman Airport,Balikpapan,Indonesia,-1.26827001572,116.893997192,Asia/Makassar
TRK,Juwata Airport,Taraken,Indonesia,3.326667,117.569444,Asia/Makassar
SRI,Temindung Airport,Samarinda,Indonesia,-0.484530985355,117.156997681,Asia/Makassar
TSX,Tanjung Santan Airport,Tanjung Santan,Indonesia,-0.0929730013013,117.45300293,Asia/Makassar
AMI,Selaparang Airport,Mataram,Indonesia,-8.560709953309999,116.095001221,Asia/Makassar
BMU,Muhammad Salahuddin Airport,Bima,Indonesia,-8.5396499633789,118.68699645996,Asia/Makassar
WGP,Umbu Mehang Kunda Airport,Waingapu,Indonesia,-9.66922,120.302002,Asia/Makassar
SUB,Juanda International Airport,Surabaya,Indonesia,-7.3798298835754395,112.78700256347656,Asia/Jakarta
SOC,Adi Sumarmo Wiryokusumo Airport,Solo City,Indonesia,-7.516089916229248,110.75700378417969,Asia/Jakarta
ICN,Incheon International Airport,Seoul,South Korea,37.46910095214844,126.45099639892578,Asia/Seoul
CNX,Chiang Mai International Airport,Chiang Mai,Thailand,18.766799926799997,98.962600708,Asia/Bangkok
CEI,Chiang Rai International Airport,Chiang Rai,Thailand,19.952299118,99.88289642330001,Asia/Bangkok
NST,Nakhon Si Thammarat Airport,Nakhon Si Thammarat,Thailand,8.539620399475098,99.9447021484375,Asia/Bangkok
NAK,Nakhon Ratchasima Airport,Nakhon Ratchasima,Thailand,14.94950008392334,102.31300354003906,Asia/Bangkok
KOP,Nakhon Phanom Airport,Nakhon Phanom,Thailand,17.383800506591797,104.64299774169922,Asia/Bangkok
UBP,Ubon Ratchathani Airport,Ubon Ratchathani,Thailand,15.2512998581,104.870002747,Asia/Bangkok
KKC,Khon Kaen Airport,Khon Kaen,Thailand,16.466600418099997,102.783996582,Asia/Bangkok
THS,Sukhothai Airport,Sukhothai,Thailand,17.238000869750977,99.81819915771484,Asia/Bangkok
DPS,Ngurah Rai (Bali) International Airport,Denpasar,Indonesia,-8.7481698989868,115.16699981689,Asia/Makassar
ATH,Eleftherios Venizelos International Airport,Athens,Greece,37.9364013672,23.9444999695,Europe/Athens
NGO,Chubu Centrair International Airport,Nagoya,Japan,34.8583984375,136.80499267578125,Asia/Tokyo
UKB,Kobe Airport,Kobe,Japan,34.6328010559082,135.2239990234375,Asia/Tokyo
PUW,Pullman Moscow Regional Airport,Pullman,United States,46.7439,-117.110001,America/Los_Angeles
LWS,Lewiston Nez Perce County Airport,Lewiston,United States,46.3745002746582,-117.01499938964844,America/Los_Angeles
ELM,Elmira Corning Regional Airport,Elmira,United States,42.1599006652832,-76.8916015625,America/New_York
ITH,Ithaca Tompkins Regional Airport,Ithaca,United States,42.49100112915039,-76.4583969116211,America/New_York
MRY,Monterey Peninsula Airport,Monterey,United States,36.58700180053711,-121.84300231933594,America/Los_Angeles
SBA,Santa Barbara Municipal Airport,Santa Barbara,United States,34.42620087,-119.8399963,America/Los_Angeles
DAB,Daytona Beach International Airport,Daytona Beach,United States,29.179899,-81.058098,America/New_York
LPX,Liepāja International Airport,Liepaja,Latvia,56.51750183105469,21.096900939941406,Europe/Riga
RIX,Riga International Airport,Riga,Latvia,56.92359924316406,23.971099853515625,Europe/Riga
SQQ,Šiauliai International Airport,Siauliai,Lithuania,55.89390182495117,23.395000457763672,Europe/Vilnius
HLJ,Barysiai Airport,Barysiai,Lithuania,56.07059860229492,23.5580997467041,Europe/Vilnius
KUN,Kaunas International Airport,Kaunas,Lithuania,54.96390151977539,24.084800720214844,Europe/Vilnius
PLQ,Palanga International Airport,Palanga,Lithuania,55.973201751708984,21.093900680541992,Europe/Vilnius
VNO,Vilnius International Airport,Vilnius,Lithuania,54.634102,25.285801,Europe/Vilnius
PNV,Panevėžys Air Base,Panevezys,Lithuania,55.729400634765625,24.460800170898438,Europe/Vilnius
EVN,Zvartnots International Airport,Yerevan,Armenia,40.1473007202,44.3959007263,Asia/Yerevan
LWN,Gyumri Shirak Airport,Gyumri,Armenia,40.7504005432,43.859298706100006,Asia/Yerevan
ASA,Assab International Airport,Assab,Eritrea,13.071800231933594,42.64500045776367,Africa/Asmera
ASM,Asmara International Airport,Asmara,Eritrea,15.291899681091309,38.910701751708984,Africa/Asmera
MSW,Massawa International Airport,Massawa,Eritrea,15.670000076293945,39.37009811401367,Africa/Asmera
GZA,Yasser Arafat International Airport,Gaza,Palestine,31.24640083313,34.276100158691,Asia/Gaza
BUS,Batumi International Airport,Batumi,Georgia,41.6102981567,41.5997009277,Asia/Tbilisi
KUT,Kopitnari Airport,Kutaisi,Georgia,42.176700592,42.4826011658,Asia/Tbilisi
TBS,Tbilisi International Airport,Tbilisi,Georgia,41.6692008972,44.95470047,Asia/Tbilisi
RIY,Mukalla International Airport,Mukalla,Yemen,14.662599563598633,49.375,Asia/Aden
TAI,Ta'izz International Airport,Taiz,Yemen,13.6859998703,44.139099121099996,Asia/Aden
HOD,Hodeidah International Airport,Hodeidah,Yemen,14.753000259399414,42.97629928588867,Asia/Aden
ADE,Aden International Airport,Aden,Yemen,12.829500198364258,45.02880096435547,Asia/Aden
AXK,Ataq Airport,Ataq,Yemen,14.551300048828125,46.82619857788086,Asia/Aden
AAY,Al Ghaidah International Airport,Al Ghaidah Intl,Yemen,16.191699981689453,52.17499923706055,Asia/Aden
SAH,Sana'a International Airport,Sanaa,Yemen,15.476300239562988,44.21969985961914,Asia/Aden
BHN,Beihan Airport,Beihan,Yemen,14.781999588012695,45.72010040283203,Asia/Aden
SCT,Socotra International Airport,Socotra,Yemen,12.63070011138916,53.905799865722656,Asia/Aden
FMM,Memmingen Allgau Airport,Memmingen,Germany,47.988800048799995,10.2395000458,Europe/Berlin
NAV,Nevşehir Kapadokya Airport,Nevsehir,Turkey,38.7719,34.5345,Europe/Istanbul
EZE,Ministro Pistarini International Airport,Buenos Aires,Argentina,-34.8222,-58.5358,America/Buenos_Aires
EBL,Erbil International Airport,Erbil,Iraq,36.23759841918945,43.963199615478516,Asia/Baghdad
EMD,Emerald Airport,Emerald,Australia,-23.5674991608,148.179000854,Australia/Brisbane
HEW,Athen Helenikon Airport,Athens,Greece,37.893299,23.726101,Europe/Athens
KIX,Kansai International Airport,Osaka,Japan,34.42729949951172,135.24400329589844,Asia/Tokyo
JRB,Downtown-Manhattan/Wall St Heliport,New York,United States,40.70119858,-74.00900269,America/New_York
TAG,Tagbilaran Airport,Tagbilaran,Philippines,9.665442,123.853533,Asia/Manila
JAV,Ilulissat Airport,Ilulissat,Greenland,69.2432022095,-51.0570983887,America/Godthab
JCH,Qasigiannguit Heliport,Qasigiannguit,Greenland,68.822815547,-51.1734473705,America/Godthab
JEG,Aasiaat Airport,Aasiaat,Greenland,68.7218017578,-52.7846984863,America/Godthab
PMI,Palma De Mallorca Airport,Palma de Mallorca,Spain,39.551700592,2.73881006241,Europe/Madrid
DRW,Darwin International Airport,Darwin,Australia,-12.41469955444336,130.8769989013672,Australia/Darwin
URT,Surat Thani Airport,Surat Thani,Thailand,9.13259983063,99.135597229,Asia/Bangkok
TKA,Talkeetna Airport,Talkeetna,United States,62.320499420166,-150.09399414062,America/Anchorage
GZM,Xewkija Heliport,Gozo,Malta,36.027199,14.2728,Europe/Malta
HVN,Tweed New Haven Airport,New Haven,United States,41.26369858,-72.88680267,America/New_York
AVL,Asheville Regional Airport,Asheville,United States,35.43619918823242,-82.54180145263672,America/New_York
GSO,Piedmont Triad International Airport,Greensboro,United States,36.097801208496094,-79.93730163574219,America/New_York
FSD,Joe Foss Field Airport,Sioux Falls,United States,43.582000732400004,-96.741897583,America/Chicago
AYQ,Ayers Rock Connellan Airport,Uluru,Australia,-25.1861,130.975998,Australia/Darwin
MHT,Manchester-Boston Regional Airport,Manchester NH,United States,42.932598,-71.435699,America/New_York
APF,Naples Municipal Airport,Naples,United States,26.1525993347,-81.7752990723,America/New_York
RDN,LTS Pulau Redang Airport,Redang,Malaysia,5.765279769897461,103.00700378417969,Asia/Kuala_Lumpur
SDF,Louisville International Standiford Field,Louisville,United States,38.1744,-85.736,America/New_York
CHO,Charlottesville Albemarle Airport,Charlottesville VA,United States,38.13859939575195,-78.4529037475586,America/New_York
ROA,Roanoke–Blacksburg Regional Airport,Roanoke VA,United States,37.3255,-79.975403,America/New_York
LEX,Blue Grass Airport,Lexington KY,United States,38.0364990234375,-84.60590362548828,America/New_York
EVV,Evansville Regional Airport,Evansville,United States,38.0369987488,-87.5324020386,America/Chicago
ABQ,Albuquerque International Sunport,Albuquerque,United States,35.040199,-106.609001,America/Denver
BZN,Gallatin Field,Bozeman,United States,45.77750015,-111.1529999,America/Denver
BIL,Billings Logan International Airport,Billings,United States,45.807701110839844,-108.54299926757812,America/Denver
BTM,Bert Mooney Airport,Butte,United States,45.95479965209961,-112.49700164794922,America/Denver
TVC,Cherry Capital Airport,Traverse City,United States,44.74140167236328,-85.58219909667969,America/New_York
FRS,Mundo Maya International Airport,Flores,Guatemala,16.913799285899998,-89.86640167239999,America/Guatemala
BHB,Hancock County-Bar Harbor Airport,Bar Harbor,United States,44.45000076,-68.3615036,America/New_York
RKD,Knox County Regional Airport,Rockland,United States,44.06010056,-69.09919739,America/New_York
JAC,Jackson Hole Airport,Jacksn Hole,United States,43.6072998046875,-110.73799896240234,America/Denver
RFD,Chicago Rockford International Airport,Rockford,United States,42.19540023803711,-89.09719848632812,America/Chicago
DME,Domodedovo International Airport,Moscow,Russia,55.40879821777344,37.90629959106445,Europe/Moscow
SYX,Sanya Phoenix International Airport,Sanya,China,18.302900314331055,109.41200256347656,Asia/Shanghai
MFN,Milford Sound Airport,Milford Sound,New Zealand,-44.673301696777344,167.92300415039062,Pacific/Auckland
LJG,Lijiang Airport,Lijiang,China,26.6800003052,100.246002197,Asia/Shanghai
GSP,Greenville Spartanburg International Airport,Greenville,United States,34.8956985474,-82.2189025879,America/New_York
BMI,Central Illinois Regional Airport at Bloomington-Normal,Bloomington,United States,40.47710037,-88.91590118,America/Chicago
GPT,Gulfport Biloxi International Airport,Gulfport,United States,30.40730094909668,-89.07009887695312,America/Chicago
AZO,Kalamazoo Battle Creek International Airport,Kalamazoo,United States,42.234901428222656,-85.5521011352539,America/New_York
TOL,Toledo Express Airport,Toledo,United States,41.58679962,-83.80780029,America/New_York
FWA,Fort Wayne International Airport,Fort Wayne,United States,40.97850037,-85.19509888,America/New_York
DEC,Decatur Airport,Decatur,United States,39.834598541259766,-88.8656997680664,America/Chicago
CID,The Eastern Iowa Airport,Cedar Rapids,United States,41.884700775146484,-91.71080017089844,America/Chicago
LSE,La Crosse Municipal Airport,La Crosse,United States,43.879002,-91.256699,America/Chicago
CWA,Central Wisconsin Airport,Wassau,United States,44.7775993347,-89.6668014526,America/Chicago
PIA,General Wayne A. Downing Peoria International Airport,Peoria,United States,40.664199829100006,-89.6932983398,America/Chicago
ATW,Appleton International Airport,Appleton,United States,44.258098602299995,-88.5190963745,America/Chicago
RST,Rochester International Airport,Rochester,United States,43.90829849243164,-92.5,America/Chicago
CMI,University of Illinois Willard Airport,Champaign,United States,40.03919983,-88.27809906,America/Chicago
MHK,Manhattan Regional Airport,Manhattan,United States,39.14099884033203,-96.6707992553711,America/Chicago
KGC,Kingscote Airport,Kingscote,Australia,-35.71390151977539,137.52099609375,Australia/Adelaide
HVB,Hervey Bay Airport,Hervey Bay,Australia,-25.3188991547,152.880004883,Australia/Brisbane
DLU,Dali Airport,Dali,China,25.649401,100.319,Asia/Shanghai
MZV,Mulu Airport,Mulu,Malaysia,4.048329830169678,114.80500030517578,Asia/Kuala_Lumpur
SSH,Sharm El Sheikh International Airport,Sharm El Sheikh,Egypt,27.9773006439,34.3950004578,Africa/Cairo
FKL,Venango Regional Airport,Franklin,United States,41.3778991699,-79.8603973389,America/New_York
NBO,Jomo Kenyatta International Airport,Nairobi,Kenya,-1.31923997402,36.9277992249,Africa/Nairobi
SEU,Seronera Airport,Seronera,Tanzania,-2.45806,34.822498,Africa/Dar_es_Salaam
FTE,El Calafate Airport,El Calafate,Argentina,-50.2803,-72.053101,America/Argentina/Rio_Gallegos
ARM,Armidale Airport,Armidale,Australia,-30.528099060099997,151.617004395,Australia/Sydney
GJT,Grand Junction Regional Airport,Grand Junction,United States,39.1223983765,-108.527000427,America/Denver
SGU,St George Municipal Airport,Saint George,United States,37.036389,-113.510306,America/Denver
DWH,David Wayne Hooks Memorial Airport,Houston,United States,30.0618000031,-95.55280303960001,America/Chicago
SRQ,Sarasota Bradenton International Airport,Sarasota,United States,27.39539909362793,-82.55439758300781,America/New_York
BDA,L.F. Wade International International Airport,Bermuda,Bermuda,32.36399841308594,-64.67870330810547,Atlantic/Bermuda
VNY,Van Nuys Airport,Van Nuys,United States,34.209800720215,-118.48999786377,America/Los_Angeles
MLI,Quad City International Airport,Moline,United States,41.44850158691406,-90.50749969482422,America/Chicago
PFN,Panama City-Bay Co International Airport,Panama City,United States,30.212099,-85.6828,America/Chicago
HIR,Honiara International Airport,Honiara,Solomon Islands,-9.4280004501343,160.05499267578,Pacific/Guadalcanal
PPT,Faa'a International Airport,Papeete,French Polynesia,-17.553699,-149.606995,Pacific/Tahiti
INU,Nauru International Airport,Nauru,Nauru,-0.547458,166.919006,Pacific/Nauru
FUN,Funafuti International Airport,Funafuti,Tuvalu,-8.525,179.195999,Pacific/Funafuti
OVB,Tolmachevo Airport,Novosibirsk,Russia,55.012599945068,82.650703430176,Asia/Krasnoyarsk
XKH,Xieng Khouang Airport,Phon Savan,Laos,19.450001,103.157997,Asia/Vientiane
BIS,Bismarck Municipal Airport,Bismarck,United States,46.772701263427734,-100.74600219726562,America/Chicago
TEX,Telluride Regional Airport,Telluride,United States,37.9538002,-107.9079971,America/Denver
HGN,Mae Hong Son Airport,Mae Hong Son,Thailand,19.301300048828125,97.97579956054688,Asia/Bangkok
RAP,Rapid City Regional Airport,Rapid City,United States,44.0452995300293,-103.05699920654297,America/Denver
CLD,Mc Clellan-Palomar Airport,Carlsbad,United States,33.12829971,-117.2799988,America/Los_Angeles
FNT,Bishop International Airport,Flint,United States,42.96540069580078,-83.74359893798828,America/New_York
DVO,Francisco Bangoy International Airport,Davao,Philippines,7.1255202293396,125.64600372314453,Asia/Manila
FNC,Madeira Airport,Funchal,Portugal,32.697899,-16.7745,Europe/Lisbon
STM,Maestro Wilson Fonseca Airport,Santarem,Brazil,-2.4247219562530518,-54.785831451416016,America/Belem
KOS,Sihanoukville International Airport,Sihanoukville,Cambodia,10.57970047,103.637001038,Asia/Phnom_Penh
YOA,Ekati Airport,Ekati,Canada,64.6988983154,-110.614997864,America/Edmonton
NPE,Hawke's Bay Airport,NAPIER,New Zealand,-39.465801,176.869995,Pacific/Auckland
LEV,Levuka Airfield,Levuka,Fiji,-17.7110996246,178.759002686,Pacific/Fiji
LXA,Lhasa Gonggar Airport,Lhasa,China,29.2978000641,90.91190338130001,Asia/Shanghai
RDD,Redding Municipal Airport,Redding,United States,40.50899887,-122.2929993,America/Los_Angeles
EUG,Mahlon Sweet Field,Eugene,United States,44.12459945678711,-123.21199798583984,America/Los_Angeles
IDA,Idaho Falls Regional Airport,Idaho Falls,United States,43.514599,-112.070999,America/Denver
MFR,Rogue Valley International Medford Airport,Medford,United States,42.37419891357422,-122.87300109863281,America/Los_Angeles
KBZ,Kaikoura Airport,Kaikoura,New Zealand,-42.42499923706055,173.60499572753906,Pacific/Auckland
RDM,Roberts Field,Redmond-Bend,United States,44.2541008,-121.1500015,America/Los_Angeles
PCN,Picton Aerodrome,Picton,New Zealand,-41.346099853516,173.95599365234,Pacific/Auckland
WDH,Hosea Kutako International Airport,Windhoek,Namibia,-22.4799,17.4709,Africa/Windhoek
YWH,Victoria Harbour Seaplane Base,Victoria,Canada,48.4249858939,-123.388867378,America/Vancouver
TNA,Yaoqiang Airport,Jinan,China,36.857200622558594,117.21600341796875,Asia/Shanghai
CZX,Changzhou Benniu Airport,Changzhou,China,31.919701,119.778999,Asia/Shanghai
YBP,Yibin Caiba Airport,Yibin,China,28.8005555556,104.545,Asia/Shanghai
TJM,Roshchino International Airport,Tyumen,Russia,57.189601898199996,65.3243026733,Asia/Yekaterinburg
CAK,Akron Canton Regional Airport,Akron,United States,40.916099548339844,-81.44219970703125,America/New_York
HSV,Huntsville International Carl T Jones Field,Huntsville,United States,34.637199401855,-86.775100708008,America/Chicago
PKB,Mid Ohio Valley Regional Airport,PARKERSBURG,United States,39.34510040283203,-81.43920135498047,America/New_York
MGM,Montgomery Regional (Dannelly Field) Airport,MONTGOMERY,United States,32.30059814,-86.39399719,America/Chicago
TRI,Tri-Cities Regional TN/VA Airport,BRISTOL,United States,36.475201,-82.407401,America/New_York
PAH,Barkley Regional Airport,PADUCAH,United States,37.06079864501953,-88.7738037109375,America/Chicago
JIB,Djibouti-Ambouli Airport,Djibouti,Djibouti,11.547300338745117,43.15950012207031,Africa/Djibouti
HAK,Haikou Meilan International Airport,Haikou,China,19.934900283813477,110.45899963378906,Asia/Shanghai
MFA,Mafia Island Airport,Mafia Island,Tanzania,-7.917478,39.668502,Africa/Dar_es_Salaam
PGA,Page Municipal Airport,Page,United States,36.92610168,-111.447998,America/Phoenix
UII,Utila Airport,Utila,Honduras,16.1131,-86.880302,America/Tegucigalpa
FCA,Glacier Park International Airport,Kalispell,United States,48.31050109863281,-114.25599670410156,America/Denver
MBS,MBS International Airport,Saginaw,United States,43.532901763916016,-84.07959747314453,America/New_York
BGM,Greater Binghamton/Edwin A Link field,Binghamton,United States,42.20869827,-75.97979736,America/New_York
BGW,Baghdad International Airport,Baghdad,Iraq,33.262500762900004,44.2346000671,Asia/Baghdad
NNT,Nan Airport,Nan,Thailand,18.807899475097656,100.78299713134766,Asia/Bangkok
ROI,Roi Et Airport,Roi Et,Thailand,16.11680030822754,103.77400207519531,Asia/Bangkok
BFV,Buri Ram Airport,Buri Ram,Thailand,15.229499816894531,103.25299835205078,Asia/Bangkok
TDX,Trat Airport,Trat,Thailand,12.274600029,102.319000244,Asia/Bangkok
BLH,Blythe Airport,Blythe,United States,33.6192016602,-114.717002869,America/Los_Angeles
IQA,Al Asad Air Base,Al Asad,Iraq,33.7855987549,42.4412002563,Asia/Baghdad
TQD,Al Taqaddum Air Base,Al Taqaddum,Iraq,33.33810043335,43.597099304199,Asia/Baghdad
XQC,Joint Base Balad,Al Bakr,Iraq,33.940200805699995,44.361598968500005,Asia/Baghdad
CRK,Diosdado Macapagal International Airport,Angeles City,Philippines,15.186,120.559998,Asia/Manila
SDK,Sandakan Airport,Sandakan,Malaysia,5.900899887084961,118.05899810791016,Asia/Kuala_Lumpur
LXG,Luang Namtha Airport,Luang Namtha,Laos,20.966999,101.400002,Asia/Vientiane
ODY,Oudomsay Airport,Muang Xay,Laos,20.68269920349121,101.99400329589844,Asia/Vientiane
SHE,Taoxian Airport,Shenyang,China,41.639801025390625,123.48300170898438,Asia/Shanghai
DOY,Dongying Shengli Airport,Dongying,China,37.5085983276,118.788002014,Asia/Shanghai
MNI,John A. Osborne Airport,Geralds,Montserrat,16.791400909423828,-62.19329833984375,America/Montserrat
PSG,Petersburg James A Johnson Airport,Petersburg,United States,56.80170059,-132.9450073,America/Anchorage
LYA,Luoyang Airport,Luoyang,China,34.741100311299995,112.388000488,Asia/Shanghai
XUZ,Xuzhou Guanyin Airport,Xuzhou,China,34.059056,117.555278,Asia/Shanghai
MWQ,Magway Airport,Magwe,Burma,20.1656,94.941399,Asia/Rangoon
KHM,Kanti Airport,Khamti,Burma,25.988300323486328,95.67440032958984,Asia/Rangoon
DLI,Lien Khuong Airport,Dalat,Vietnam,11.75,108.366997,Asia/Saigon
VDH,Dong Hoi Airport,Dong Hoi,Vietnam,17.515,106.590556,Asia/Saigon
VKG,Rach Gia Airport,Rach Gia,Vietnam,9.95802997234,105.132379532,Asia/Saigon
CAH,Cà Mau Airport,Ca Mau,Vietnam,9.177667,105.177778,Asia/Saigon
VCL,Chu Lai International Airport,Chu Lai,Vietnam,15.403300285299999,108.706001282,Asia/Saigon
TBB,Dong Tac Airport,Tuy Hoa,Vietnam,13.049599647500001,109.333999634,Asia/Saigon
PYY,Mae Hong Son Airport,Pai,Thailand,19.3719997406,98.43699646,Asia/Bangkok
BWK,Bol Airport,Brac,Croatia,43.285701751708984,16.67970085144043,Europe/Zagreb
NSI,Yaoundé Nsimalen International Airport,Yaounde,Cameroon,3.722559928894043,11.553299903869629,Africa/Douala
CKY,Conakry International Airport,Conakry,Guinea,9.57689,-13.612,Africa/Conakry
AAH,Aachen-Merzbrück Airport,Aachen,Germany,50.823055267333984,6.186388969421387,Europe/Berlin
FKB,Karlsruhe Baden-Baden Airport,Karlsruhe/Baden-Baden,Germany,48.7793998718,8.08049964905,Europe/Berlin
SFB,Orlando Sanford International Airport,Sanford,United States,28.777599334716797,-81.23750305175781,America/New_York
JST,John Murtha Johnstown Cambria County Airport,Johnstown,United States,40.31610107421875,-78.83390045166016,America/New_York
LUA,Lukla Airport,Lukla,Nepal,27.686899185180664,86.72969818115234,Asia/Katmandu
BHP,Bhojpur Airport,Bhojpur,Nepal,27.14739990234375,87.05079650878906,Asia/Katmandu
LDN,Lamidanda Airport,Lamidanda,Nepal,27.25309944152832,86.66999816894531,Asia/Katmandu
JMO,Jomsom Airport,Jomsom,Nepal,28.780426,83.723,Asia/Katmandu
NGX,Manang Airport,Manang,Nepal,28.641399,84.089203,Asia/Katmandu
PPL,Phaplu Airport,Phaplu,Nepal,27.517787,86.584454,Asia/Katmandu
RUM,Rumjatar Airport,Rumjatar,Nepal,27.303499221801758,86.55039978027344,Asia/Katmandu
DNP,Tulsipur Airport,Dang,Nepal,28.111099243164062,82.29419708251953,Asia/Katmandu
RUK,Rukum Chaurjahari Airport,Rukumkot,Nepal,28.627001,82.195,Asia/Katmandu
JUM,Jumla Airport,Jumla,Nepal,29.2742,82.193298,Asia/Katmandu
TPJ,Taplejung Airport,Taplejung,Nepal,27.3509,87.69525,Asia/Katmandu
TMI,Tumling Tar Airport,Tumling Tar,Nepal,27.315001,87.193298,Asia/Katmandu
SKH,Surkhet Airport,Surkhet,Nepal,28.586,81.636002,Asia/Katmandu
IMK,Simikot Airport,Simikot,Nepal,29.971099853515625,81.81890106201172,Asia/Katmandu
DOP,Dolpa Airport,Dolpa,Nepal,28.985700607299805,82.81909942626953,Asia/Katmandu
BJH,Bajhang Airport,Bajhang,Nepal,29.538999557495117,81.1854019165039,Asia/Katmandu
DHI,Dhangarhi Airport,Dhangarhi,Nepal,28.753299713134766,80.58190155029297,Asia/Katmandu
MWX,Muan International Airport,Muan,South Korea,34.991406,126.382814,Asia/Seoul
JTY,Astypalaia Airport,Astypalaia,Greece,36.5798988342,26.3757991791,Europe/Athens
JIK,Ikaria Airport,Ikaria,Greece,37.6827011108,26.3470993042,Europe/Athens
JKL,Kalymnos Airport,Kalymnos,Greece,36.9632987976,26.9405994415,Europe/Athens
MLO,Milos Airport,Milos,Greece,36.696899,24.4769,Europe/Athens
JNX,Naxos Airport,Cyclades Islands,Greece,37.0811004639,25.3680992126,Europe/Athens
PAS,Paros National Airport,Paros,Greece,37.020495,25.113195,Europe/Athens
KZS,Kastelorizo Airport,Kastelorizo,Greece,36.1417007446,29.576400756799995,Europe/Athens
RMF,Marsa Alam International Airport,Marsa Alam,Egypt,25.557100296,34.5836982727,Africa/Cairo
NRN,Weeze Airport,Weeze,Germany,51.6024017334,6.14216995239,Europe/Berlin
USU,Francisco B. Reyes Airport,Busuanga,Philippines,12.1215000153,120.099998474,Asia/Manila
BXU,Bancasi Airport,Butuan,Philippines,8.9515,125.4788,Asia/Manila
DPL,Dipolog Airport,Dipolog,Philippines,8.60198349877,123.341875076,Asia/Manila
LAO,Laoag International Airport,Laoag,Philippines,18.1781005859375,120.53199768066406,Asia/Manila
LGP,Legazpi City International Airport,Legazpi,Philippines,13.1575,123.735,Asia/Manila
OZC,Labo Airport,Ozamis,Philippines,8.178509712219238,123.84200286865234,Asia/Manila
CEB,Mactan Cebu International Airport,Cebu,Philippines,10.307499885559,123.97899627686,Asia/Manila
NOD,Norden-Norddeich Airport,Norden,Germany,53.633056640599996,7.19027805328,Europe/Berlin
JUI,Juist Airport,Juist,Germany,53.68111038208008,7.055832862854004,Europe/Berlin
BPS,Porto Seguro Airport,Porto Seguro,Brazil,-16.438601,-39.080898,America/Fortaleza
QIG,Iguatu Airport,Iguatu,Brazil,-6.346640110015869,-39.293800354003906,America/Fortaleza
PMW,Brigadeiro Lysias Rodrigues Airport,Palmas,Brazil,-10.291500091600001,-48.35699844359999,America/Fortaleza
CLV,Nelson Ribeiro Guimarães Airport,Caldas Novas,Brazil,-17.725299835205,-48.607498168945,America/Sao_Paulo
MSO,Missoula International Airport,Missoula,United States,46.91630173,-114.0910034,America/Denver
BKQ,Blackall Airport,Blackall,Australia,-24.427799224900003,145.429000854,Australia/Brisbane
BDB,Bundaberg Airport,Bundaberg,Australia,-24.903900146499996,152.319000244,Australia/Brisbane
GCN,Grand Canyon National Park Airport,Grand Canyon,United States,35.95240020751953,-112.14700317382812,America/Phoenix
SGR,Sugar Land Regional Airport,Sugar Land,United States,29.622299194336,-95.65650177002,America/Chicago
APA,Centennial Airport,Denver,United States,39.57009888,-104.848999,America/Denver
CVN,Clovis Municipal Airport,Clovis,United States,34.4250984192,-103.07900238,America/Denver
FST,Fort Stockton Pecos County Airport,Fort Stockton,United States,30.9157009125,-102.916000366,America/Chicago
LVS,Las Vegas Municipal Airport,Las Vegas,United States,35.6542015076,-105.141998291,America/Denver
IWS,West Houston Airport,Houston,United States,29.818199157699997,-95.67259979250001,America/Chicago
LRU,Las Cruces International Airport,Las Cruces,United States,32.289398193359375,-106.9219970703125,America/Denver
BKD,Stephens County Airport,Breckenridge,United States,32.71900177,-98.89099884030001,America/Chicago
TPL,Draughon Miller Central Texas Regional Airport,Temple,United States,31.15250015258789,-97.40779876708984,America/Chicago
OZA,Ozona Municipal Airport,Ozona,United States,30.735300064087,-101.20300292969,America/Chicago
KDM,Kaadedhdhoo Airport,Kaadedhdhoo,Maldives,0.48813098669052124,72.99690246582031,Indian/Maldives
LAK,Aklavik/Freddie Carmichael Airport,Aklavik,Canada,68.223297,-135.00599,America/Edmonton
YWJ,Déline Airport,Deline,Canada,65.21109771728516,-123.43599700927734,America/Edmonton
ZFN,Tulita Airport,Tulita,Canada,64.909697,-125.572998,America/Edmonton
YGH,Fort Good Hope Airport,Fort Good Hope,Canada,66.24079895019531,-128.6510009765625,America/Edmonton
TAH,Tanna Airport,Tanna,Vanuatu,-19.45509910583496,169.2239990234375,Pacific/Efate
YPC,Paulatuk (Nora Aliqatchialuk Ruben) Airport,Paulatuk,Canada,69.3608381154,-124.075469971,America/Edmonton
SRZ,El Trompillo Airport,Santa Cruz,Bolivia,-17.8115997314,-63.1715011597,America/La_Paz
SAB,Juancho E. Yrausquin Airport,Saba,Netherlands Antilles,17.645000457763672,-63.220001220703125,America/Curacao
EGE,Eagle County Regional Airport,Vail,United States,39.64260101,-106.9179993,America/Denver
SKN,Stokmarknes Skagen Airport,Stokmarknes,Norway,68.578826904297,15.033416748047,Europe/Oslo
CGF,Cuyahoga County Airport,Richmond Heights,United States,41.5651016235,-81.4863967896,America/New_York
MFD,Mansfield Lahm Regional Airport,Mansfield,United States,40.82139968869999,-82.5166015625,America/New_York
CSG,Columbus Metropolitan Airport,Columbus,United States,32.516300201416016,-84.93890380859375,America/New_York
LAW,Lawton Fort Sill Regional Airport,Lawton,United States,34.5676994324,-98.4166030884,America/Chicago
FNL,Northern Colorado Regional Airport,Fort Collins,United States,40.451804,-105.011,America/Denver
FLG,Flagstaff Pulliam Airport,Flagstaff,United States,35.13850021,-111.6709976,America/Phoenix
TVL,Lake Tahoe Airport,South Lake Tahoe,United States,38.89390182495117,-119.99500274658203,America/Los_Angeles
TWF,Joslin Field Magic Valley Regional Airport,Twin Falls,United States,42.4818,-114.487999,America/Denver
MVY,Martha's Vineyard Airport,Vineyard Haven MA,United States,41.3931007385,-70.6143035889,America/New_York
CON,Concord Municipal Airport,Concord NH,United States,43.20270157,-71.50229645,America/New_York
GON,Groton New London Airport,Groton CT,United States,41.330101013183594,-72.04509735107422,America/New_York
STC,St Cloud Regional Airport,Saint Cloud,United States,45.546600341796875,-94.05989837646484,America/Chicago
BPE,Qinhuangdao Beidaihe Airport,Bagan,Burma,39.666389,119.058889,Asia/Shanghai
GTR,Golden Triangle Regional Airport,Columbus Mississippi,United States,33.450298309299995,-88.5914001465,America/Chicago
GOJ,Nizhny Novgorod Strigino International Airport,Nizhniy Novgorod,Russia,56.230098724365,43.784000396729,Europe/Moscow
HQM,Bowerman Airport,Hoquiam,United States,46.971199035599994,-123.93699646,America/Los_Angeles
ERI,Erie International Tom Ridge Field,Erie,United States,42.0831270134,-80.1738667488,America/New_York
HYA,Barnstable Municipal Boardman Polando Field,Barnstable,United States,41.66930008,-70.28040314,America/New_York
SPR,San Pedro Airport,San Pedro,Belize,17.9139,-87.9711,America/Belize
SDX,Sedona Airport,Sedona,United States,34.848598480225,-111.78800201416,America/Phoenix
MGW,Morgantown Municipal Walter L. Bill Hart Field,Morgantown,United States,39.64289856,-79.91629791,America/New_York
CRW,Yeager Airport,Charleston,United States,38.37310028076172,-81.59320068359375,America/New_York
AVP,Wilkes Barre Scranton International Airport,Scranton,United States,41.338500976599995,-75.72339630130001,America/New_York
BJI,Bemidji Regional Airport,Bemidji,United States,47.50939941,-94.93370056,America/Chicago
THG,Thangool Airport,Biloela,Australia,-24.493900299072266,150.5760040283203,Australia/Brisbane
FGI,Fagali'i Airport,Apia,Samoa,-13.848699569699999,-171.740005493,Pacific/Apia
BNK,Ballina Byron Gateway Airport,Ballina Byron Bay,Australia,-28.8339004517,153.56199646,Australia/Sydney
FAR,Hector International Airport,Fargo,United States,46.92070007324219,-96.81580352783203,America/Chicago
MKC,Charles B. Wheeler Downtown Airport,Kansas City,United States,39.123199462890625,-94.5927963256836,America/Chicago
RBE,Ratanakiri Airport,Ratanakiri,Cambodia,13.729999542236328,106.98699951171875,Asia/Phnom_Penh
GCC,Gillette Campbell County Airport,Gillette,United States,44.348899841299996,-105.539001465,America/Denver
TOF,Bogashevo Airport,Tomsk,Russia,56.380298614502,85.208297729492,Asia/Krasnoyarsk
NZJ,El Toro Marine Corps Air Station,Santa Ana,United States,33.67610168457031,-117.73100280761719,America/Los_Angeles
PHY,Phetchabun Airport,Phetchabun,Thailand,16.6760005951,101.194999695,Asia/Bangkok
CJM,Chumphon Airport,Chumphon,Thailand,10.711199760437012,99.36170196533203,Asia/Bangkok
JZH,Jiuzhai Huanglong Airport,Jiuzhaigou,China,32.8533333333,103.682222222,Asia/Shanghai
SWA,Jieyang Chaoshan International Airport,Shantou,China,23.552,116.5033,Asia/Shanghai
GEO,Cheddi Jagan International Airport,Georgetown,Guyana,6.498549938201904,-58.25410079956055,America/Guyana
AGT,Guarani International Airport,Ciudad del Este,Paraguay,-25.454516,-54.842682,America/Asuncion
OGL,Eugene F. Correira International Airport,Georgetown,Guyana,6.80628,-58.1059,America/Guyana
KAI,Kaieteur International Airport,Kaieteur,Guyana,5.17275476456,-59.491481781,America/Guyana
DNH,Dunhuang Airport,Dunhuang,China,40.16109848022461,94.80919647216797,Asia/Shanghai
AOI,Ancona Falconara Airport,Ancona,Italy,43.616299,13.3623,Europe/Rome
TCP,Taba International Airport,Taba,Egypt,29.587799072299998,34.7780990601,Africa/Cairo
LYB,Edward Bodden Airfield,Little Cayman,Cayman Islands,19.660161,-80.088826,America/Cayman
BJV,Milas Bodrum International Airport,Bodrum,Turkey,37.25059890749999,27.6643009186,Europe/Istanbul
TBJ,Tabarka 7 Novembre Airport,Tabarka,Tunisia,36.97999954223633,8.87693977355957,Africa/Tunis
SAW,Sabiha Gökçen International Airport,Istanbul,Turkey,40.898601532,29.3092002869,Europe/Istanbul
SCE,University Park Airport,State College Pennsylvania,United States,40.8493003845,-77.84870147710001,America/New_York
BME,Broome International Airport,Broome,Australia,-17.944700241088867,122.23200225830078,Australia/Perth
NTL,Newcastle Airport,Newcastle,Australia,-32.79499816894531,151.83399963378906,Australia/Sydney
KLU,Klagenfurt Airport,Klagenfurt,Austria,46.642502,14.3377,Europe/Vienna
HFT,Hammerfest Airport,Hammerfest,Norway,70.679702758789,23.668600082397,Europe/Oslo
HVG,Valan Airport,Honningsvag,Norway,71.009696960449,25.983600616455,Europe/Oslo
MEH,Mehamn Airport,Mehamn,Norway,71.02970123291,27.826700210571,Europe/Oslo
VDS,Vadsø Airport,Vadsø,Norway,70.065299987793,29.844699859619,Europe/Oslo
IKA,Imam Khomeini International Airport,Tehran,Iran,35.416099548339844,51.152198791503906,Asia/Tehran
MHD,Mashhad International Airport,Mashhad,Iran,36.235198974609375,59.64099884033203,Asia/Tehran
UIK,Ust-Ilimsk Airport,Ust Ilimsk,Russia,58.13610076904297,102.56500244140625,Asia/Irkutsk
MEI,Key Field,Meridian,United States,32.33259963989258,-88.75189971923828,America/Chicago
SPI,Abraham Lincoln Capital Airport,Springfield,United States,39.84410095,-89.67790222,America/Chicago
CEZ,Cortez Municipal Airport,Cortez,United States,37.3030014038,-108.627998352,America/Denver
HDN,Yampa Valley Airport,Hayden,United States,40.48120117,-107.2180023,America/Denver
GUP,Gallup Municipal Airport,Gallup,United States,35.511100769,-108.789001465,America/Denver
LBL,Liberal Mid-America Regional Airport,Liberal,United States,37.0442009,-100.9599991,America/Chicago
LAA,Lamar Municipal Airport,Lamar,United States,38.069698333699996,-102.68800354,America/Denver
GLD,Renner Field-Goodland Municipal Airport,Goodland,United States,39.37060165,-101.6989975,America/Denver
COD,Yellowstone Regional Airport,Cody,United States,44.520198822,-109.024002075,America/Denver
HOV,"Ørsta-Volda Airport, Hovden",Orsta-Volda,Norway,62.180000305176,6.0741000175476,Europe/Oslo
ISC,St. Mary's Airport,ST MARY\'S,United Kingdom,49.913299560546875,-6.291669845581055,Europe/London
SGF,Springfield Branson National Airport,Springfield,United States,37.24570084,-93.38860321,America/Chicago
NVK,Narvik Framnes Airport,Narvik,Norway,68.436897277832,17.386699676514,Europe/Oslo
BVG,Berlevåg Airport,Berlevag,Norway,70.871399,29.034201,Europe/Oslo
FBU,"Oslo, Fornebu Airport",Oslo,Norway,59.89580154418945,10.617199897766113,Europe/Oslo
NSK,Norilsk-Alykel Airport,Norilsk,Russia,69.31109619140625,87.33219909667969,Asia/Krasnoyarsk
AAQ,Anapa Vityazevo Airport,Anapa,Russia,45.002101898193,37.347301483154,Europe/Moscow
JLN,Joplin Regional Airport,Joplin,United States,37.151798248291016,-94.49829864501953,America/Chicago
ABE,Lehigh Valley International Airport,Allentown,United States,40.652099609375,-75.44080352783203,America/New_York
XNA,Northwest Arkansas Regional Airport,Bentonville,United States,36.281898,-94.306801,America/Chicago
GUW,Atyrau Airport,Atyrau,Kazakhstan,47.12189865112305,51.8213996887207,Asia/Oral
KZO,Kzyl-Orda Southwest Airport,Kzyl-Orda,Kazakhstan,44.706902,65.592499,Asia/Qyzylorda
SBN,South Bend Regional Airport,South Bend,United States,41.70869827270508,-86.31729888916016,America/New_York
BKA,Bykovo Airport,Moscow,Russia,55.6171989441,38.0600013733,Europe/Moscow
ARH,Talagi Airport,Arkhangelsk,Russia,64.60030364990234,40.71670150756836,Europe/Moscow
RTW,Saratov Central Airport,Saratov,Russia,51.564998626708984,46.04669952392578,Europe/Moscow
NUX,Novy Urengoy Airport,Novy Urengoy,Russia,66.06939697265625,76.52030181884766,Asia/Yekaterinburg
NOJ,Noyabrsk Airport,Noyabrsk,Russia,63.18330001831055,75.2699966430664,Asia/Yekaterinburg
SCO,Aktau Airport,Aktau,Kazakhstan,43.8601,51.091999,Asia/Oral
UCT,Ukhta Airport,Ukhta,Russia,63.566898345947266,53.8046989440918,Europe/Moscow
USK,Usinsk Airport,Usinsk,Russia,66.00469970703125,57.3671989440918,Europe/Moscow
PEX,Pechora Airport,Pechora,Russia,65.12110137939453,57.13079833984375,Europe/Moscow
NNM,Naryan Mar Airport,Naryan-Mar,Russia,67.63999938964844,53.12189865112305,Europe/Moscow
PKV,Pskov Airport,Pskov,Russia,57.78390121459961,28.395599365234375,Europe/Moscow
KGP,Kogalym International Airport,Kogalym,Russia,62.190399169921875,74.53379821777344,Asia/Yekaterinburg
KJA,Yemelyanovo Airport,Krasnoyarsk,Russia,56.172901,92.493301,Asia/Krasnoyarsk
KGF,Sary-Arka Airport,Karaganda,Kazakhstan,49.670799255371094,73.33439636230469,Asia/Qyzylorda
URJ,Uray Airport,Uraj,Russia,60.10329818725586,64.82669830322266,Asia/Yekaterinburg
IWA,Ivanovo South Airport,Ivanovo,Russia,56.93939971923828,40.940799713134766,Europe/Moscow
CGQ,Longjia Airport,Changchun,China,43.9962005615,125.684997559,Asia/Shanghai
KIJ,Niigata Airport,Niigata,Japan,37.9558982849,139.121002197,Asia/Tokyo
JON,Johnston Atoll Airport,Johnston Island,Johnston Atoll,16.7285995483,-169.533996582,Pacific/Johnston
SMD,Smith Field,Fort Wayne IN,United States,41.14339828,-85.15280151,America/New_York
ACV,California Redwood Coast-Humboldt County Airport,Arcata CA,United States,40.978101,-124.109,America/Los_Angeles
OAJ,Albert J Ellis Airport,Jacksonville NC,United States,34.8292007446,-77.61209869380001,America/New_York
TCL,Tuscaloosa Regional Airport,Tuscaloosa AL,United States,33.220600128174,-87.611396789551,America/Chicago
DBQ,Dubuque Regional Airport,Dubuque IA,United States,42.40200043,-90.70950317,America/Chicago
HHP,Shun Tak Heliport,Hong Kong,Hong Kong,22.2893714905,114.152153015,Asia/Hong_Kong
ATD,Uru Harbour Airport,Atoifi,Solomon Islands,-8.87333,161.011002,Pacific/Guadalcanal
AKS,Gwaunaru'u Airport,Auki,Solomon Islands,-8.70257,160.682007,Pacific/Guadalcanal
BAS,Ballalae Airport,Ballalae,Solomon Islands,-6.990745,155.886656,Pacific/Guadalcanal
FRE,Fera/Maringe Airport,Fera Island,Solomon Islands,-8.1075,159.576996,Pacific/Guadalcanal
MBU,Babanakira Airport,Mbambanakira,Solomon Islands,-9.7475004196167,159.83900451660156,Pacific/Guadalcanal
IRA,Ngorangora Airport,Kirakira,Solomon Islands,-10.449700355500001,161.897994995,Pacific/Guadalcanal
SCZ,Santa Cruz/Graciosa Bay/Luova Airport,Santa Cruz/Graciosa Bay/Luova,Solomon Islands,-10.72029972076416,165.7949981689453,Pacific/Guadalcanal
MUA,Munda Airport,Munda,Solomon Islands,-8.327969551086426,157.26300048828125,Pacific/Guadalcanal
GZO,Nusatupe Airport,Gizo,Solomon Islands,-8.09778022766,156.863998413,Pacific/Guadalcanal
MNY,Mono Airport,Stirling Island,Solomon Islands,-7.416940212249756,155.56500244140625,Pacific/Guadalcanal
RNL,Rennell/Tingoa Airport,Rennell Island,Solomon Islands,-11.533900260925293,160.06300354003906,Pacific/Guadalcanal
RUS,Marau Airport,Marau,Solomon Islands,-9.861669540409999,160.824996948,Pacific/Guadalcanal
VAO,Suavanao Airport,Suavanao,Solomon Islands,-7.585559844970703,158.7310028076172,Pacific/Guadalcanal
KGE,Kaghau Airport,Kagau Island,Solomon Islands,-7.3305,157.585,Pacific/Guadalcanal
RBV,Ramata Airport,Ramata,Solomon Islands,-8.168060302734375,157.64300537109375,Pacific/Guadalcanal
BUA,Buka Airport,Buka Island,Papua New Guinea,-5.4223198890686035,154.67300415039062,Pacific/Port_Moresby
CMU,Chimbu Airport,Kundiawa,Papua New Guinea,-6.024290084838867,144.9709930419922,Pacific/Port_Moresby
DAU,Daru Airport,Daru,Papua New Guinea,-9.08675956726,143.207992554,Pacific/Port_Moresby
GUR,Gurney Airport,Gurney,Papua New Guinea,-10.3114995956,150.333999634,Pacific/Port_Moresby
PNP,Girua Airport,Girua,Papua New Guinea,-8.80453968048,148.309005737,Pacific/Port_Moresby
HKN,Kimbe Airport,Hoskins,Papua New Guinea,-5.462170124053955,150.40499877929688,Pacific/Port_Moresby
UNG,Kiunga Airport,Kiunga,Papua New Guinea,-6.1257100105285645,141.28199768066406,Pacific/Port_Moresby
KRI,Kikori Airport,Kikori,Papua New Guinea,-7.424379825592041,144.2500762939453,Pacific/Port_Moresby
KMA,Kerema Airport,Kerema,Papua New Guinea,-7.96361017227,145.770996094,Pacific/Port_Moresby
KVG,Kavieng Airport,Kavieng,Papua New Guinea,-2.57940006256,150.807998657,Pacific/Port_Moresby
MDU,Mendi Airport,Mendi,Papua New Guinea,-6.14774,143.656998,Pacific/Port_Moresby
MAS,Momote Airport,Momote,Papua New Guinea,-2.06189,147.423996,Pacific/Port_Moresby
MXH,Moro Airport,Moro,Papua New Guinea,-6.36332988739,143.238006592,Pacific/Port_Moresby
MIS,Misima Island Airport,Misima Island,Papua New Guinea,-10.689200401299999,152.837997437,Pacific/Port_Moresby
TIZ,Tari Airport,Tari,Papua New Guinea,-5.84499979019,142.947998047,Pacific/Port_Moresby
TBG,Tabubil Airport,Tabubil,Papua New Guinea,-5.27861,141.225998,Pacific/Port_Moresby
RAB,Tokua Airport,Tokua,Papua New Guinea,-4.34045982361,152.380004883,Pacific/Port_Moresby
VAI,Vanimo Airport,Vanimo,Papua New Guinea,-2.6926,141.3028,Pacific/Port_Moresby
WBM,Wapenamanda Airport,Wapenamanda,Papua New Guinea,-5.6433000564575195,143.89500427246094,Pacific/Port_Moresby
LLU,Alluitsup Paa Heliport,Alluitsup Paa,Greenland,60.46445,-45.56917,America/Godthab
CNP,Neerlerit Inaat Airport,Neerlerit Inaat,Greenland,70.7431030273,-22.6504993439,America/Scoresbysund
JFR,Paamiut Heliport,Paamiut,Greenland,61.9921989441,-49.6624984741,America/Godthab
JGO,Qeqertarsuaq Heliport,Qeqertarsuaq Airport,Greenland,69.251181993,-53.5148763657,America/Godthab
JJU,Qaqortoq Heliport,Qaqortoq,Greenland,60.715684155299996,-46.0299186409,America/Godthab
JSU,Maniitsoq Airport,Maniitsoq,Greenland,65.4124984741,-52.9393997192,America/Godthab
JNN,Nanortalik Heliport,Nanortalik,Greenland,60.141883975899994,-45.232976675,America/Godthab
JNS,Narsaq Heliport,Narsaq,Greenland,60.9172827256,-46.059923172,America/Godthab
NAQ,Qaanaaq Airport,Qaanaaq,Greenland,77.4886016846,-69.3887023926,America/Thule
JHS,Sisimiut Airport,Sisimiut,Greenland,66.9513015747,-53.7293014526,America/Godthab
JUV,Upernavik Airport,Upernavik,Greenland,72.7901992798,-56.1305999756,America/Godthab
JQA,Qaarsut Airport,Uummannaq,Greenland,70.7341995239,-52.6962013245,America/Godthab
GRY,Grímsey Airport,Grímsey,Iceland,66.5458,-18.0173,Atlantic/Reykjavik
THO,Thorshofn Airport,Thorshofn,Iceland,66.21849822998047,-15.335599899291992,Atlantic/Reykjavik
VPN,Vopnafjörður Airport,Vopnafjörður,Iceland,65.72059631347656,-14.850600242614746,Atlantic/Reykjavik
YWS,Whistler/Green Lake Water Aerodrome,Whistler,Canada,50.1436004639,-122.948997498,America/Vancouver
YAA,Anahim Lake Airport,Anahim Lake,Canada,52.45249938964844,-125.3030014038086,America/Vancouver
YWM,Williams Harbour Airport,Williams Harbour,Canada,52.566898345947266,-55.784698486328125,America/St_Johns
YFX,St. Lewis (Fox Harbour) Airport,St. Lewis,Canada,52.372798919677734,-55.67390060424805,America/St_Johns
YHA,Port Hope Simpson Airport,Port Hope Simpson,Canada,52.528099060058594,-56.28609848022461,America/St_Johns
YRG,Rigolet Airport,Rigolet,Canada,54.1796989440918,-58.45750045776367,America/Halifax
YCK,Colville Lake Airport,Colville Lake,Canada,67.0392,-126.08,America/Edmonton
YLE,Whatì Airport,Whatì,Canada,63.13169860839844,-117.24600219726562,America/Edmonton
SUR,Summer Beaver Airport,Summer Beaver,Canada,52.70859909057617,-88.54190063476562,America/Toronto
YAX,Wapekeka Airport,Angling Lake,Canada,53.84920120239258,-89.57939910888672,America/Winnipeg
WNN,Wunnumin Lake Airport,Wunnumin Lake,Canada,52.89390182495117,-89.28919982910156,America/Toronto
YNO,North Spirit Lake Airport,North Spirit Lake,Canada,52.4900016784668,-92.97109985351562,America/Winnipeg
XBE,Bearskin Lake Airport,Bearskin Lake,Canada,53.965599060058594,-91.0271987915039,America/Winnipeg
KIF,Kingfisher Lake Airport,Kingfisher Lake,Canada,53.01250076293945,-89.85530090332031,America/Toronto
YOG,Ogoki Post Airport,Ogoki Post,Canada,51.6585998535,-85.9017028809,America/Toronto
YHP,Poplar Hill Airport,Poplar Hill,Canada,52.1133,-94.2556,America/Winnipeg
YKU,Chisasibi Airport,Chisasibi,Canada,53.805599212646484,-78.91690063476562,America/Toronto
ZTB,Tête-à-la-Baleine Airport,Tête-à-la-Baleine,Canada,50.674400329589844,-59.38359832763672,America/Blanc-Sablon
ZLT,La Tabatière Airport,La Tabatière,Canada,50.8307991027832,-58.97560119628906,America/Blanc-Sablon
YAC,Cat Lake Airport,Cat Lake,Canada,51.72719955444336,-91.82440185546875,America/Winnipeg
YAG,Fort Frances Municipal Airport,Fort Frances,Canada,48.65420150756836,-93.439697265625,America/Winnipeg
XKS,Kasabonika Airport,Kasabonika,Canada,53.52470016479492,-88.6427993774414,America/Toronto
YKG,Kangirsuk Airport,Kangirsuk,Canada,60.027198791503906,-69.99919891357422,America/Toronto
YAT,Attawapiskat Airport,Attawapiskat,Canada,52.9275016784668,-82.43190002441406,America/Toronto
YBE,Uranium City Airport,Uranium City,Canada,59.5614013671875,-108.48100280761719,America/Regina
YBX,Lourdes de Blanc Sablon Airport,Lourdes-De-Blanc-Sablon,Canada,51.443599700899995,-57.185298919699996,America/Blanc-Sablon
YRF,Cartwright Airport,Cartwright,Canada,53.68280029296875,-57.041900634765625,America/Halifax
YCS,Chesterfield Inlet Airport,Chesterfield Inlet,Canada,63.346900939899996,-90.73110198970001,America/Winnipeg
YDP,Nain Airport,Nain,Canada,56.549198150634766,-61.680301666259766,America/Halifax
YER,Fort Severn Airport,Fort Severn,Canada,56.01890182495117,-87.67610168457031,America/Toronto
YFA,Fort Albany Airport,Fort Albany,Canada,52.20140075683594,-81.6968994140625,America/Toronto
YFH,Fort Hope Airport,Fort Hope,Canada,51.5619010925293,-87.90779876708984,America/Toronto
YMN,Makkovik Airport,Makkovik,Canada,55.076900482177734,-59.1864013671875,America/Halifax
YGB,Texada Gillies Bay Airport,Texada,Canada,49.69419860839844,-124.51799774169922,America/Vancouver
YGO,Gods Lake Narrows Airport,Gods Lake Narrows,Canada,54.55889892578125,-94.49140167236328,America/Winnipeg
YGT,Igloolik Airport,Igloolik,Canada,69.3647003174,-81.8161010742,America/Toronto
YGW,Kuujjuarapik Airport,Kuujjuarapik,Canada,55.281898498535156,-77.76529693603516,America/Toronto
YGX,Gillam Airport,Gillam,Canada,56.35749816894531,-94.71060180664062,America/Winnipeg
YGZ,Grise Fiord Airport,Grise Fiord,Canada,76.4261016846,-82.90920257570001,America/Toronto
YQC,Quaqtaq Airport,Quaqtaq,Canada,61.0463981628418,-69.6177978515625,America/Toronto
CXH,Vancouver Harbour Water Aerodrome,Vancouver,Canada,49.2943992615,-123.111000061,America/Vancouver
YNS,Nemiscau Airport,Nemiscau,Canada,51.69110107421875,-76.1355972290039,America/Toronto
YHO,Hopedale Airport,Hopedale,Canada,55.448299407958984,-60.228599548339844,America/Halifax
YHR,Chevery Airport,Chevery,Canada,50.46889877319336,-59.63669967651367,America/Blanc-Sablon
YIK,Ivujivik Airport,Ivujivik,Canada,62.417301177978516,-77.92530059814453,America/Toronto
YIV,Island Lake Airport,Island Lake,Canada,53.857200622558594,-94.65360260009766,America/Winnipeg
AKV,Akulivik Airport,Akulivik,Canada,60.818599700927734,-78.14859771728516,America/Toronto
YKQ,Waskaganish Airport,Waskaganish,Canada,51.47330093383789,-78.75830078125,America/Toronto
YPJ,Aupaluk Airport,Aupaluk,Canada,59.29669952392578,-69.59970092773438,America/Toronto
YLC,Kimmirut Airport,Kimmirut,Canada,62.8499984741,-69.88330078119999,America/Toronto
YLH,Lansdowne House Airport,Lansdowne House,Canada,52.19559860229492,-87.93419647216797,America/Toronto
XGR,Kangiqsualujjuaq (Georges River) Airport,Kangiqsualujjuaq,Canada,58.71139907836914,-65.9927978515625,America/Toronto
YMH,Mary's Harbour Airport,Mary's Harbour,Canada,52.302799224853516,-55.847198486328125,America/St_Johns
YMT,Chapais Airport,Chibougamau,Canada,49.77190017700195,-74.5280990600586,America/Toronto
YUD,Umiujaq Airport,Umiujaq,Canada,56.53609848022461,-76.51830291748047,America/Toronto
YNC,Wemindji Airport,Wemindji,Canada,53.01060104370117,-78.83110046386719,America/Toronto
YNE,Norway House Airport,Norway House,Canada,53.95830154418945,-97.84420013427734,America/Winnipeg
YNL,Points North Landing Airport,Points North Landing,Canada,58.27669906616211,-104.08200073242188,America/Regina
YOH,Oxford House Airport,Oxford House,Canada,54.93330001831055,-95.27890014648438,America/Winnipeg
YPH,Inukjuak Airport,Inukjuak,Canada,58.471900939941406,-78.07689666748047,America/Toronto
YPM,Pikangikum Airport,Pikangikum,Canada,51.819698333740234,-93.97329711914062,America/Winnipeg
YPO,Peawanuck Airport,Peawanuck,Canada,54.98809814453125,-85.44329833984375,America/Toronto
YPW,Powell River Airport,Powell River,Canada,49.83420181274414,-124.5,America/Vancouver
YQD,The Pas Airport,The Pas,Canada,53.97140121459961,-101.09100341796875,America/Winnipeg
YQN,Nakina Airport,Nakina,Canada,50.18280029296875,-86.69640350341797,America/Toronto
YRA,Rae Lakes Airport,Gamètì,Canada,64.11609649658203,-117.30999755859375,America/Edmonton
YRL,Red Lake Airport,Red Lake,Canada,51.066898345947266,-93.79309844970703,America/Winnipeg
YSF,Stony Rapids Airport,Stony Rapids,Canada,59.250301361083984,-105.84100341796875,America/Regina
YSK,Sanikiluaq Airport,Sanikiluaq,Canada,56.5377998352,-79.2466964722,
YST,St. Theresa Point Airport,St. Theresa Point,Canada,53.84560012817383,-94.85189819335938,America/Winnipeg
YTL,Big Trout Lake Airport,Big Trout Lake,Canada,53.81779861450195,-89.89689636230469,America/Winnipeg
YVZ,Deer Lake Airport,Deer Lake,Canada,52.655799865722656,-94.0614013671875,America/Winnipeg
YWP,Webequie Airport,Webequie,Canada,52.9593933975,-87.3748683929,America/Toronto
YXN,Whale Cove Airport,Whale Cove,Canada,62.24000167849999,-92.59809875490001,America/Winnipeg
YZG,Salluit Airport,Salluit,Canada,62.17940139770508,-75.66719818115234,America/Toronto
ZAC,York Landing Airport,York Landing,Canada,56.08940124511719,-96.08920288085938,America/Winnipeg
ILF,Ilford Airport,Ilford,Canada,56.0614013672,-95.613899231,America/Winnipeg
ZBF,Bathurst Airport,Bathurst,Canada,47.629699707,-65.738899231,America/Halifax
ZEM,Eastmain River Airport,Eastmain River,Canada,52.22639846801758,-78.52249908447266,America/Toronto
ZFD,Fond-Du-Lac Airport,Fond-Du-Lac,Canada,59.33440017700195,-107.18199920654297,America/Regina
ZGI,Gods River Airport,Gods River,Canada,54.839698791503906,-94.07859802246094,America/Winnipeg
ZJN,Swan River Airport,Swan River,Canada,52.120601654052734,-101.23600006103516,America/Winnipeg
ZKE,Kashechewan Airport,Kashechewan,Canada,52.282501220703125,-81.67780303955078,America/Toronto
MSA,Muskrat Dam Airport,Muskrat Dam,Canada,53.44139862060547,-91.76280212402344,America/Winnipeg
ZMT,Masset Airport,Masset,Canada,54.02750015258789,-132.125,America/Vancouver
ZPB,Sachigo Lake Airport,Sachigo Lake,Canada,53.8911018371582,-92.19640350341797,America/Winnipeg
ZRJ,Round Lake (Weagamow Lake) Airport,Round Lake,Canada,52.943599700927734,-91.31279754638672,America/Winnipeg
ZSJ,Sandy Lake Airport,Sandy Lake,Canada,53.06420135498047,-93.34439849853516,America/Winnipeg
ZTM,Shamattawa Airport,Shamattawa,Canada,55.8656005859375,-92.0813980102539,America/Winnipeg
ZUM,Churchill Falls Airport,Churchill Falls,Canada,53.5619010925293,-64.10639953613281,America/Halifax
ZWL,Wollaston Lake Airport,Wollaston Lake,Canada,58.10689926147461,-103.1719970703125,America/Regina
BLJ,Batna Airport,Batna,Algeria,35.752101898199996,6.308589935300001,Africa/Algiers
CBH,Béchar Boudghene Ben Ali Lotfi Airport,Béchar,Algeria,31.645700454711914,-2.269860029220581,Africa/Algiers
BMW,Bordj Badji Mokhtar Airport,Bordj Badji Mokhtar,Algeria,21.375,0.923888981342,Africa/Algiers
ELU,Guemar Airport,Guemar,Algeria,33.5113983154,6.77679014206,Africa/Algiers
KMS,Kumasi Airport,Kumasi,Ghana,6.714560031890869,-1.5908199548721313,Africa/Accra
HDF,Heringsdorf Airport,Heringsdorf,Germany,53.8787002563,14.152299881,Europe/Berlin
HEI,Heide-Büsum Airport,Büsum,Germany,54.153331756600004,8.90166664124,Europe/Berlin
HGL,Helgoland-Düne Airport,Helgoland,Germany,54.185279846200004,7.91583299637,Europe/Berlin
SJY,Seinäjoki Airport,Seinäjoki / Ilmajoki,Finland,62.692101,22.8323,Europe/Helsinki
NQT,Nottingham Airport,Nottingham,United Kingdom,52.91999816894531,-1.0791699886322021,Europe/London
DSA,Robin Hood Doncaster Sheffield Airport,"Doncaster, Sheffield",United Kingdom,53.4805378105,-1.01065635681,Europe/London
CAL,Campbeltown Airport,Campbeltown,United Kingdom,55.437198638916016,-5.686389923095703,Europe/London
EOI,Eday Airport,Eday,United Kingdom,59.19060134887695,-2.7722198963165283,Europe/London
FIE,Fair Isle Airport,Fair Isle,United Kingdom,59.53580093383789,-1.628059983253479,Europe/London
NRL,North Ronaldsay Airport,North Ronaldsay,United Kingdom,59.3675003052,-2.43443989754,Europe/London
PPW,Papa Westray Airport,Papa Westray,United Kingdom,59.351699829100006,-2.9002799987800003,Europe/London
SOY,Stronsay Airport,Stronsay,United Kingdom,59.1553001404,-2.64139008522,Europe/London
NDY,Sanday Airport,Sanday,United Kingdom,59.250301361083984,-2.576669931411743,Europe/London
LWK,Lerwick / Tingwall Airport,Lerwick,United Kingdom,60.192199707,-1.24361002445,Europe/London
WRY,Westray Airport,Westray,United Kingdom,59.3502998352,-2.95000004768,Europe/London
LEQ,Land's End Airport,Land's End,United Kingdom,50.102798,-5.67056,Europe/London
PZE,Penzance Heliport,Penzance,United Kingdom,50.128101,-5.51845,Europe/London
VLY,Anglesey Airport,Angelsey,United Kingdom,53.2481002808,-4.53533983231,Europe/London
BRR,Barra Airport,Barra,United Kingdom,57.0228,-7.44306,Europe/London
CFN,Donegal Airport,Dongloe,Ireland,55.0442008972168,-8.340999603271484,Europe/Dublin
CNL,Sindal Airport,Sindal,Denmark,57.503502,10.2294,Europe/Copenhagen
LKN,Leknes Airport,Leknes,Norway,68.152496337891,13.609399795532,Europe/Oslo
OSY,Namsos Høknesøra Airport,Namsos,Norway,64.472198486328,11.57859992981,Europe/Oslo
MQN,"Mo i Rana Airport, Røssvoll",Mo i Rana,Norway,66.363899230957,14.301400184631,Europe/Oslo
RVK,"Rørvik Airport, Ryum",Rørvik,Norway,64.838302612305,11.14610004425,Europe/Oslo
RET,Røst Airport,Røst,Norway,67.527801513672,12.103300094604,Europe/Oslo
SDN,Sandane Airport (Anda),Sandane,Norway,61.830001831055,6.1058301925659,Europe/Oslo
SOG,Sogndal Airport,Sogndal,Norway,61.156101,7.13778,Europe/Oslo
SVJ,Svolvær Helle Airport,Svolvær,Norway,68.243301391602,14.669199943542,Europe/Oslo
SOJ,Sørkjosen Airport,Sorkjosen,Norway,69.786796569824,20.959400177002,Europe/Oslo
VAW,"Vardø Airport, Svartnes",Vardø,Norway,70.355400085449,31.044900894165,Europe/Oslo
VRY,Værøy Heliport,Værøy,Norway,67.654555,12.727257,Europe/Oslo
BZG,Bydgoszcz Ignacy Jan Paderewski Airport,Bydgoszcz,Poland,53.096801757799994,17.9776992798,Europe/Warsaw
LCJ,Łódź Władysław Reymont Airport,Lodz,Poland,51.721900939899996,19.3980998993,Europe/Warsaw
OSD,Åre Östersund Airport,Östersund,Sweden,63.194400787354,14.50030040741,Europe/Stockholm
HFS,Hagfors Airport,Hagfors,Sweden,60.02009963989258,13.578900337219238,Europe/Stockholm
KSD,Karlstad Airport,Karlstad,Sweden,59.444698333699996,13.337400436400001,Europe/Stockholm
TYF,Torsby Airport,Torsby,Sweden,60.1576004028,12.991299629199998,Europe/Stockholm
AGH,Ängelholm-Helsingborg Airport,Ängelholm,Sweden,56.29610061645508,12.847100257873535,Europe/Stockholm
SQO,Storuman Airport,Mohed,Sweden,64.96089935302734,17.69659996032715,Europe/Stockholm
HMV,Hemavan Airport,Hemavan,Sweden,65.80609893798828,15.082799911499023,Europe/Stockholm
VNT,Ventspils International Airport,Ventspils,Latvia,57.35779953,21.5442008972,Europe/Riga
QRA,Rand Airport,Johannesburg,South Africa,-26.2425003052,28.1511993408,Africa/Johannesburg
MQP,Kruger Mpumalanga International Airport,Mpumalanga,South Africa,-25.3831996918,31.1056003571,Africa/Johannesburg
AAM,Malamala Airport,Malamala,South Africa,-24.818099975585938,31.544599533081055,Africa/Johannesburg
MBD,Mmabatho International Airport,Mafeking,South Africa,-25.798400878900004,25.548000335699996,Africa/Johannesburg
GNZ,Ghanzi Airport,Ghanzi,Botswana,-21.6924991607666,21.658100128173828,Africa/Gaborone
ORP,Orapa Airport,Orapa,Botswana,-21.266701,25.3167,Africa/Gaborone
SWX,Shakawe Airport,Shakawe,Botswana,-18.373899459838867,21.832599639892578,Africa/Gaborone
TLD,Limpopo Valley Airport,Tuli Lodge,Botswana,-22.189199447599997,29.126899719199997,Africa/Gaborone
DIS,Ngot Nzoungou Airport,Loubomo,Congo (Brazzaville),-4.20635,12.6599,Africa/Brazzaville
CIP,Chipata Airport,Chipata,Zambia,-13.558300018310547,32.58720016479492,Africa/Lusaka
YVA,Iconi Airport,Moroni,Comoros,-11.710800170899999,43.2439002991,Indian/Comoro
WAQ,Antsalova Airport,Antsalova,Madagascar,-18.701273,44.614921,Indian/Antananarivo
JVA,Ankavandra Airport,Ankavandra,Madagascar,-18.80501,45.273467,Indian/Antananarivo
BMD,Belo sur Tsiribihina Airport,Belo sur Tsiribihina,Madagascar,-19.6867008209,44.541900634799994,Indian/Antananarivo
MXT,Maintirano Airport,Maintirano,Madagascar,-18.049999,44.033001,Indian/Antananarivo
TVA,Morafenobe Airport,Morafenobe,Madagascar,-17.850083,44.920467,Indian/Antananarivo
WTA,Tambohorano Airport,Tambohorano,Madagascar,-17.47610092163086,43.972801208496094,Indian/Antananarivo
WTS,Tsiroanomandidy Airport,Tsiroanomandidy,Madagascar,-18.759677,46.054065,Indian/Antananarivo
WAM,Ambatondrazaka Airport,Ambatondrazaka,Madagascar,-17.795378,48.442583,Indian/Antananarivo
WPB,Port Bergé Airport,Port Bergé,Madagascar,-15.584286,47.623587,Indian/Antananarivo
DWB,Soalala Airport,Soalala,Madagascar,-16.10169,45.358837,Indian/Antananarivo
WMP,Mampikony Airport,Mampikony,Madagascar,-16.0722693402,47.644164562200004,Indian/Antananarivo
WMA,Mandritsara Airport,Mandritsara,Madagascar,-15.833049,48.833284,Indian/Antananarivo
MJA,Manja Airport,Manja,Madagascar,-21.426105,44.316509,Indian/Antananarivo
CBT,Catumbela Airport,Catumbela,Angola,-12.4792,13.4869,Africa/Luanda
DUE,Dundo Airport,Dundo,Angola,-7.400889873504639,20.818500518798828,Africa/Luanda
VPE,Ngjiva Pereira Airport,Ondjiva,Angola,-17.0435009003,15.683799743700002,Africa/Luanda
MSZ,Namibe Airport,Mocamedes,Angola,-15.261199951171875,12.14680004119873,Africa/Luanda
KOU,Koulamoutou Mabimbi Airport,Koulamoutou,Gabon,-1.1846100091934,12.441300392151,Africa/Libreville
MJL,Mouilla Ville Airport,Mouila,Gabon,-1.845139980316162,11.056699752807617,Africa/Libreville
TCH,Tchibanga Airport,Tchibanga,Gabon,-2.8499999046325684,11.017000198364258,Africa/Libreville
VPY,Chimoio Airport,Chimoio,Mozambique,-19.15130043029785,33.42900085449219,Africa/Maputo
SRH,Sarh Airport,Sarh,Chad,9.14444,18.374399,Africa/Ndjamena
CMK,Club Makokola Airport,Club Makokola,Malawi,-14.306900024414062,35.13249969482422,Africa/Blantyre
LUD,Luderitz Airport,Luderitz,Namibia,-26.687400817871094,15.242899894714355,Africa/Windhoek
OND,Ondangwa Airport,Ondangwa,Namibia,-17.878201,15.9526,Africa/Windhoek
OMD,Oranjemund Airport,Oranjemund,Namibia,-28.5847,16.446699,Africa/Windhoek
SWP,Swakopmund Airport,Swakopmund,Namibia,-22.66189956665,14.568099975586,Africa/Windhoek
ERS,Eros Airport,Windhoek,Namibia,-22.612199783325195,17.080400466918945,Africa/Windhoek
BOA,Boma Airport,Boma,Congo (Kinshasa),-5.854000091552734,13.064000129699707,Africa/Kinshasa
MAT,Tshimpi Airport,Matadi,Congo (Kinshasa),-5.799610137939453,13.440400123596191,Africa/Kinshasa
INO,Inongo Airport,Inongo,Congo (Kinshasa),-1.947219967842102,18.28580093383789,Africa/Kinshasa
NIO,Nioki Airport,Nioki,Congo (Kinshasa),-2.7174999713897705,17.68470001220703,Africa/Kinshasa
KRZ,Basango Mboliasa Airport,Kiri,Congo (Kinshasa),-1.434999942779541,19.02400016784668,Africa/Kinshasa
BSU,Basankusu Airport,Basankusu,Congo (Kinshasa),1.2247200012207031,19.78890037536621,Africa/Kinshasa
TSH,Tshikapa Airport,Tshikapa,Congo (Kinshasa),-6.43833,20.794701,Africa/Lubumbashi
LJA,Lodja Airport,Lodja,Congo (Kinshasa),-3.4170000553131104,23.450000762939453,Africa/Lubumbashi
PFR,Ilebo Airport,Ilebo,Congo (Kinshasa),-4.329919,20.590124,Africa/Lubumbashi
OUK,Outer Skerries Airport,Outer Skerries,United Kingdom,60.4252,-0.75,Europe/London
GMZ,La Gomera Airport,La Gomera,Spain,28.029600143432617,-17.214599609375,Atlantic/Canary
BTE,Sherbro International Airport,Bonthe,Sierra Leone,7.5324201583862305,-12.518899917602539,Africa/Freetown
KBS,Bo Airport,Bo,Sierra Leone,7.944399833679199,-11.76099967956543,Africa/Freetown
KEN,Kenema Airport,Kenema,Sierra Leone,7.891290187835693,-11.176600456237793,Africa/Freetown
OXB,Osvaldo Vieira International Airport,Bissau,Guinea-Bissau,11.894800186157227,-15.65369987487793,Africa/Bissau
SMW,Smara Airport,Smara,Western Sahara,26.7318,-11.6847,Africa/El_Aaiun
VIL,Dakhla Airport,Dakhla,Western Sahara,23.7183,-15.932,Africa/El_Aaiun
ESU,Mogador Airport,Essadouira,Morocco,31.3974990845,-9.6816701889,Africa/Casablanca
EUN,Hassan I Airport,El Aaiún,Western Sahara,27.151699,-13.2192,Africa/El_Aaiun
NDR,Nador International Airport,El Aroui,Morocco,34.988800048799995,-3.0282099247,Africa/Casablanca
RAI,Praia International Airport,"Praia, Santiago Island",Cape Verde,14.924500465393066,-23.493499755859375,Atlantic/Cape_Verde
SFL,São Filipe Airport,"Sao Filipe, Fogo Island",Cape Verde,14.8850002289,-24.4799995422,Atlantic/Cape_Verde
BCO,Baco Airport,Baco,Ethiopia,5.78287,36.562,Africa/Addis_Ababa
BEI,Beica Airport,Beica,Ethiopia,9.38638973236084,34.52190017700195,Africa/Addis_Ababa
DSE,Combolcha Airport,Dessie,Ethiopia,11.082500457763672,39.71139907836914,Africa/Addis_Ababa
DEM,Dembidollo Airport,Dembidollo,Ethiopia,8.553999900817871,34.858001708984375,Africa/Addis_Ababa
GDE,Gode Airport,Gode,Ethiopia,5.93513011932,43.5786018372,Africa/Addis_Ababa
GOR,Gore Airport,Gore,Ethiopia,8.1614,35.5529,Africa/Addis_Ababa
ABK,Kabri Dehar Airport,Kabri Dehar,Ethiopia,6.734,44.252998,Africa/Addis_Ababa
MTF,Mizan Teferi Airport,Mizan Teferi,Ethiopia,6.9571,35.5547,Africa/Addis_Ababa
TIE,Tippi Airport,Tippi,Ethiopia,7.2024,35.415,Africa/Addis_Ababa
ALU,Alula Airport,Alula,Somalia,11.9582,50.748,Africa/Mogadishu
BSA,Bosaso Airport,Bosaso,Somalia,11.275300025939941,49.14939880371094,Africa/Mogadishu
MGQ,Aden Adde International Airport,Mogadishu,Somalia,2.0144400596618652,45.3046989440918,Africa/Mogadishu
GLK,Galcaio Airport,Galcaio,Somalia,6.78082990646,47.45470047,Africa/Mogadishu
BUO,Burao Airport,Burao,Somalia,9.5275,45.5549,Africa/Mogadishu
AAC,El Arish International Airport,El Arish,Egypt,31.073299408,33.8358001709,Africa/Cairo
ATZ,Assiut International Airport,Asyut,Egypt,27.0464992523,31.0119991302,Africa/Cairo
ASV,Amboseli Airport,Amboseli National Park,Kenya,-2.645050048828125,37.25310134887695,Africa/Nairobi
LKG,Lokichoggio Airport,Lokichoggio,Kenya,4.20412015914917,34.348201751708984,Africa/Nairobi
MYD,Malindi Airport,Malindi,Kenya,-3.2293100357055664,40.10169982910156,Africa/Nairobi
NYK,Nanyuki Airport,Nanyuki,Kenya,-0.06239889934659004,37.04100799560547,Africa/Nairobi
SRX,Gardabya Airport,Sirt,Libya,31.063499450699997,16.5949993134,Africa/Tripoli
TOB,Gamal Abdel Nasser Airport,Tobruk,Libya,31.861,23.907,Africa/Tripoli
MJI,Mitiga Airport,Tripoli,Libya,32.894100189208984,13.276000022888184,Africa/Tripoli
LAQ,La Abraq Airport,Al Bayda',Libya,32.788700103759766,21.96430015563965,Africa/Tripoli
ATB,Atbara Airport,Atbara,Sudan,17.710344314575195,34.0570182800293,Africa/Khartoum
UYL,Nyala Airport,Nyala,Sudan,12.053500175476074,24.956199645996094,Africa/Khartoum
PZU,Port Sudan New International Airport,Port Sudan,Sudan,19.4335994720459,37.234100341796875,Africa/Khartoum
BKZ,Bukoba Airport,Bukoba,Tanzania,-1.332,31.8212,Africa/Dar_es_Salaam
TKQ,Kigoma Airport,Kigoma,Tanzania,-4.8862,29.6709,Africa/Dar_es_Salaam
LDI,Lindi Airport,Lindi,Tanzania,-9.85111,39.757801,Africa/Dar_es_Salaam
MUZ,Musoma Airport,Musoma,Tanzania,-1.503,33.8021,Africa/Dar_es_Salaam
SHY,Shinyanga Airport,Shinyanga,Tanzania,-3.6093,33.5035,Africa/Dar_es_Salaam
TBO,Tabora Airport,Tabora,Tanzania,-5.076389789581299,32.83330154418945,Africa/Dar_es_Salaam
RUA,Arua Airport,Arua,Uganda,3.049999952316284,30.91699981689453,Africa/Kampala
ULU,Gulu Airport,Gulu,Uganda,2.8055601119995117,32.27180099487305,Africa/Kampala
DIU,Diu Airport,Diu,India,20.71310043334961,70.92109680175781,Asia/Calcutta
ABR,Aberdeen Regional Airport,Aberdeen,United States,45.449100494384766,-98.42179870605469,America/Chicago
ABY,Southwest Georgia Regional Airport,Albany,United States,31.535499572753906,-84.19450378417969,America/New_York
AHN,Athens Ben Epps Airport,Athens,United States,33.94860076904297,-83.32630157470703,America/New_York
ALM,Alamogordo White Sands Regional Airport,Alamogordo,United States,32.8399009705,-105.990997314,America/Denver
ALO,Waterloo Regional Airport,Waterloo,United States,42.557098388671875,-92.40029907226562,America/Chicago
ALW,Walla Walla Regional Airport,Walla Walla,United States,46.09489822,-118.288002,America/Los_Angeles
APN,Alpena County Regional Airport,Alpena,United States,45.0780983,-83.56030273,America/New_York
ATY,Watertown Regional Airport,Watertown,United States,44.91400146,-97.15470123,America/Chicago
BFD,Bradford Regional Airport,Bradford,United States,41.8031005859375,-78.64009857177734,America/New_York
BFF,Western Neb. Rgnl/William B. Heilig Airport,Scottsbluff,United States,41.87400055,-103.5960007,America/Denver
BKW,Raleigh County Memorial Airport,Beckley,United States,37.787300109899995,-81.1241989136,America/New_York
BQK,Brunswick Golden Isles Airport,Brunswick,United States,31.258800506591797,-81.46649932861328,America/New_York
BRL,Southeast Iowa Regional Airport,Burlington,United States,40.783199310302734,-91.12550354003906,America/Chicago
CEC,Jack Mc Namara Field Airport,Crescent City,United States,41.78020096,-124.2369995,America/Los_Angeles
CGI,Cape Girardeau Regional Airport,Cape Girardeau,United States,37.22529983520508,-89.57080078125,America/Chicago
CIU,Chippewa County International Airport,Sault Ste Marie,United States,46.25080108642578,-84.47239685058594,America/New_York
CKB,North Central West Virginia Airport,Clarksburg,United States,39.2966003418,-80.2281036377,America/New_York
CLM,William R Fairchild International Airport,Port Angeles,United States,48.120201110839844,-123.5,America/Los_Angeles
CMX,Houghton County Memorial Airport,Hancock,United States,47.168399810791016,-88.48909759521484,America/New_York
DDC,Dodge City Regional Airport,Dodge City,United States,37.76340103149414,-99.9655990600586,America/Chicago
DUJ,DuBois Regional Airport,Du Bois,United States,41.17829895,-78.8986969,America/New_York
EAU,Chippewa Valley Regional Airport,Eau Claire,United States,44.86579895019531,-91.48429870605469,America/Chicago
EKO,Elko Regional Airport,Elko,United States,40.82490158081055,-115.79199981689453,America/Los_Angeles
EWB,New Bedford Regional Airport,New Bedford,United States,41.67610168457031,-70.95690155029297,America/New_York
FAY,Fayetteville Regional Grannis Field,Fayetteville,United States,34.9911994934082,-78.88030242919922,America/New_York
GGW,Wokal Field Glasgow International Airport,Glasgow,United States,48.212502,-106.614998,America/Denver
GRI,Central Nebraska Regional Airport,Grand Island,United States,40.967498779296875,-98.30960083007812,America/Chicago
HOT,Memorial Field,Hot Springs,United States,34.47800064086914,-93.09619903564453,America/Chicago
HTS,Tri-State/Milton J. Ferguson Field,Huntington,United States,38.36669922,-82.55799866,America/New_York
KIO,Kili Airport,Kili Island,Marshall Islands,5.644515,169.119507,Pacific/Majuro
IRK,Kirksville Regional Airport,Kirksville,United States,40.09349822998047,-92.5448989868164,America/Chicago
JMS,Jamestown Regional Airport,Jamestown,United States,46.92969894,-98.67819977,America/Chicago
LAR,Laramie Regional Airport,Laramie,United States,41.31209945678711,-105.67500305175781,America/Denver
LBE,Arnold Palmer Regional Airport,Latrobe,United States,40.27590179,-79.40480042,America/New_York
LBF,North Platte Regional Airport Lee Bird Field,North Platte,United States,41.12620163,-100.6839981,America/Chicago
LEB,Lebanon Municipal Airport,Lebanon,United States,43.626098632799994,-72.30419921880001,America/New_York
LMT,Crater Lake-Klamath Regional Airport,Klamath Falls,United States,42.156101,-121.733002,America/Los_Angeles
LNS,Lancaster Airport,Lancaster,United States,40.121700286865234,-76.29609680175781,America/New_York
LWT,Lewistown Municipal Airport,Lewistown,United States,47.04930114746094,-109.46700286865234,America/Denver
LYH,Lynchburg Regional Preston Glenn Field,Lynchburg,United States,37.326698303222656,-79.20040130615234,America/New_York
MKG,Muskegon County Airport,Muskegon,United States,43.16949844,-86.23819733,America/New_York
MLS,Frank Wiley Field,Miles City,United States,46.428001403808594,-105.88600158691406,America/Denver
MSL,Northwest Alabama Regional Airport,Muscle Shoals,United States,34.74530029,-87.61019897,America/Chicago
OTH,Southwest Oregon Regional Airport,North Bend,United States,43.41709899902344,-124.24600219726562,America/Los_Angeles
OWB,Owensboro Daviess County Airport,Owensboro,United States,37.74010086,-87.16680145,America/Chicago
PIB,Hattiesburg Laurel Regional Airport,Hattiesburg/Laurel,United States,31.467100143432617,-89.33709716796875,America/Chicago
PIH,Pocatello Regional Airport,Pocatello,United States,42.9098014831543,-112.59600067138672,America/Denver
PIR,Pierre Regional Airport,Pierre,United States,44.38270187,-100.2860031,America/Chicago
PLN,Pellston Regional Airport of Emmet County Airport,Pellston,United States,45.57089996,-84.79669952,America/New_York
PSM,Portsmouth International at Pease Airport,Portsmouth,United States,43.0778999329,-70.8233032227,America/New_York
RDG,Reading Regional Carl A Spaatz Field,Reading,United States,40.378501892089844,-75.96520233154297,America/New_York
RHI,Rhinelander Oneida County Airport,Rhinelander,United States,45.63119888305664,-89.46749877929688,America/Chicago
RKS,Southwest Wyoming Regional Airport,Rock Springs,United States,41.5942,-109.065001,America/Denver
RUT,Rutland - Southern Vermont Regional Airport,Rutland,United States,43.52939987,-72.94960022,America/New_York
SBP,San Luis County Regional Airport,San Luis Obispo,United States,35.236801147499996,-120.641998291,America/Los_Angeles
SHR,Sheridan County Airport,Sheridan,United States,44.76919937133789,-106.9800033569336,America/Denver
SLK,Adirondack Regional Airport,Saranac Lake,United States,44.38529968261719,-74.2061996459961,America/New_York
SLN,Salina Municipal Airport,Salina,United States,38.79100036621094,-97.6521987915039,America/Chicago
SMX,Santa Maria Pub/Capt G Allan Hancock Field,Santa Maria,United States,34.89889908,-120.4570007,America/Los_Angeles
TUP,Tupelo Regional Airport,Tupelo,United States,34.26810073852539,-88.7698974609375,America/Chicago
UIN,Quincy Regional Baldwin Field,Quincy,United States,39.94269943,-91.19460297,America/Chicago
VCT,Victoria Regional Airport,Victoria,United States,28.85260009765625,-96.91850280761719,America/Chicago
VLD,Valdosta Regional Airport,Valdosta,United States,30.782499313354492,-83.27670288085938,America/New_York
WRL,Worland Municipal Airport,Worland,United States,43.9656982421875,-107.95099639892578,America/Denver
YKM,Yakima Air Terminal McAllister Field,Yakima,United States,46.56819916,-120.5439987,America/Los_Angeles
ECN,Ercan International Airport,Nicosia,Cyprus,35.154701232910156,33.49610137939453,Asia/Nicosia
RJL,Logroño-Agoncillo Airport,Logroño-Agoncillo,Spain,42.4609534888,-2.32223510742,Europe/Madrid
IDY,Île d'Yeu Airport,Île d'Yeu,France,46.71860122680664,-2.3911099433898926,Europe/Paris
ANE,Angers-Loire Airport,Angers/Marcé,France,47.560299,-0.312222,Europe/Paris
LTT,La Môle Airport,La Môle,France,43.205399,6.482,Europe/Paris
JSY,Syros Airport,Syros Island,Greece,37.4227981567,24.950899124099998,Europe/Athens
PEV,Pécs-Pogány Airport,Pécs-Pogány,Hungary,45.990898,18.240996,Europe/Budapest
SOB,Sármellék International Airport,Sármellék,Hungary,46.686391,17.159084,Europe/Budapest
AOT,Aosta Airport,Aosta,Italy,45.738499,7.36872,Europe/Rome
QSR,Salerno Costa d'Amalfi Airport,Salerno,Italy,40.620399,14.9113,Europe/Rome
CVU,Corvo Airport,Corvo,Portugal,39.671501,-31.1136,Atlantic/Azores
BNX,Banja Luka International Airport,Banja Luka,Bosnia and Herzegovina,44.94139862060547,17.297500610351562,Europe/Sarajevo
USQ,Uşak Airport,Usak,Turkey,38.68149948120117,29.47170066833496,Europe/Istanbul
KSY,Kars Airport,Kars,Turkey,40.562198638916016,43.1150016784668,Europe/Istanbul
SFQ,Şanlıurfa Airport,Sanliurfa,Turkey,37.09429931640625,38.84709930419922,Europe/Istanbul
KCM,Kahramanmaraş Airport,Kahramanmaras,Turkey,37.5388259888,36.9535217285,Europe/Istanbul
AJI,Ağrı Airport,Agri,Turkey,39.654541015625,43.025978088378906,Europe/Istanbul
ADF,Adıyaman Airport,Adiyaman,Turkey,37.7313995361,38.4688987732,Europe/Istanbul
ISE,Süleyman Demirel International Airport,Isparta,Turkey,37.8554000854,30.368400573699997,Europe/Istanbul
EDO,Balıkesir Körfez Airport,Balikesir Korfez,Turkey,39.554599762,27.0137996674,Europe/Istanbul
SZF,Samsun Çarşamba Airport,Samsun,Turkey,41.254501,36.567101,Europe/Istanbul
ILZ,Žilina Airport,Žilina,Slovakia,49.231498718299996,18.6135005951,Europe/Bratislava
GDT,JAGS McCartney International Airport,Cockburn Town,Turks and Caicos Islands,21.444499969482422,-71.14230346679688,America/Grand_Turk
MDS,Middle Caicos Airport,Middle Caicos,Turks and Caicos Islands,21.82602,-71.8025,America/Grand_Turk
SLX,Salt Cay Airport,Salt Cay,Turks and Caicos Islands,21.333000183099998,-71.1999969482,America/Grand_Turk
AZS,Samaná El Catey International Airport,Samana,Dominican Republic,19.2670001984,-69.7419967651,America/Santo_Domingo
JBQ,La Isabela International Airport,La Isabela,Dominican Republic,18.572500228881836,-69.98560333251953,America/Santo_Domingo
PBR,Puerto Barrios Airport,Puerto Barrios,Guatemala,15.7309,-88.583801,America/Guatemala
AAZ,Quezaltenango Airport,Quezaltenango,Guatemala,14.8656,-91.501999,America/Guatemala
UTK,Utirik Airport,Utirik Island,Marshall Islands,11.222,169.852005,Pacific/Majuro
AHS,Ahuas Airport,Ahuas,Honduras,15.4722,-84.352203,America/Tegucigalpa
PEU,Puerto Lempira Airport,Puerto Lempira,Honduras,15.2622,-83.781197,America/Tegucigalpa
MIJ,Mili Island Airport,Mili Island,Marshall Islands,6.08333,171.733002,Pacific/Majuro
CYW,Captain Rogelio Castillo National Airport,Celaya,Mexico,20.546,-100.887001,America/Mexico_City
CUA,Ciudad Constitución Airport,Ciudad Constitución,Mexico,25.053800582886,-111.61499786377,America/Mazatlan
GUB,Guerrero Negro Airport,Guerrero Negro,Mexico,28.0261,-114.024002,America/Tijuana
JAL,El Lencero Airport,Jalapa,Mexico,19.4750995636,-96.7975006104,America/Mexico_City
CTD,Alonso Valderrama Airport,Chitré,Panama,7.987840175628662,-80.40969848632812,America/Panama
ONX,Enrique Adolfo Jimenez Airport,Colón,Panama,9.356639862060547,-79.86740112304688,America/Panama
JQE,Jaqué Airport,Jaqué,Panama,7.51777982711792,-78.1572036743164,America/Panama
PLP,Captain Ramon Xatruch Airport,La Palma,Panama,8.406669616699219,-78.1417007446289,America/Panama
TTQ,Aerotortuguero Airport,Roxana,Costa Rica,10.42,-83.6095,America/Costa_Rica
BCL,Barra del Colorado Airport,Pococi,Costa Rica,10.768699645996094,-83.58560180664062,America/Costa_Rica
PBP,Islita Airport,Nandayure,Costa Rica,9.856109619140625,-85.37079620361328,America/Costa_Rica
PJM,Puerto Jimenez Airport,Puerto Jimenez,Costa Rica,8.533329963684082,-83.30000305175781,America/Costa_Rica
SYQ,Tobias Bolanos International Airport,San Jose,Costa Rica,9.957050323486328,-84.13980102539062,America/Costa_Rica
JEE,Jérémie Airport,Jeremie,Haiti,18.66309928894043,-74.17030334472656,America/Port-au-Prince
PAX,Port-de-Paix Airport,Port-de-Paix,Haiti,19.9335994720459,-72.84860229492188,America/Port-au-Prince
TND,Alberto Delgado Airport,Trinidad,Cuba,21.788299560546875,-79.99720001220703,America/Havana
COX,Congo Town Airport,Andros,Bahamas,24.158701,-77.589798,America/Nassau
ATC,Arthur's Town Airport,Arthur's Town,Bahamas,24.6294,-75.673797,America/Nassau
TBI,New Bight Airport,Cat Island,Bahamas,24.3153,-75.452301,America/Nassau
CRI,Colonel Hill Airport,Colonel Hill,Bahamas,22.745599746699998,-74.1824035645,America/Nassau
PID,Nassau Paradise Island Airport,Nassau,Bahamas,25.08300018310547,-77.30000305175781,America/Nassau
AIU,Enua Airport,Atiu Island,Cook Islands,-19.96780014038086,-158.11900329589844,Pacific/Rarotonga
MGS,Mangaia Island Airport,Mangaia Island,Cook Islands,-21.895986557006836,-157.9066619873047,Pacific/Rarotonga
MHX,Manihiki Island Airport,Manihiki Island,Cook Islands,-10.376700401306152,-161.0019989013672,Pacific/Rarotonga
MUK,Mauke Airport,Mauke Island,Cook Islands,-20.13610076904297,-157.34500122070312,Pacific/Rarotonga
MOI,Mitiaro Island Airport,Mitiaro Island,Cook Islands,-19.842500686645508,-157.7030029296875,Pacific/Rarotonga
PYE,Tongareva Airport,Penrhyn Island,Cook Islands,-9.01436996459961,-158.03240966796875,Pacific/Rarotonga
ICI,Cicia Airport,Cicia,Fiji,-17.7432994843,-179.341995239,Pacific/Fiji
PTF,Malolo Lailai Island Airport,Malolo Lailai Island,Fiji,-17.7779006958,177.197006226,Pacific/Fiji
KDV,Vunisea Airport,Vunisea,Fiji,-19.058099746699998,178.156997681,Pacific/Fiji
MNF,Mana Island Airport,Mana Island,Fiji,-17.6730995178,177.098007202,Pacific/Fiji
MFJ,Moala Airport,Moala,Fiji,-18.566699981699998,179.951004028,Pacific/Fiji
NGI,Ngau Airport,Ngau,Fiji,-18.115600585899998,179.339996338,Pacific/Fiji
LKB,Lakeba Island Airport,Lakeba Island,Fiji,-18.1991996765,-178.817001343,Pacific/Fiji
LBS,Labasa Airport,Lambasa,Fiji,-16.466699600219727,179.33999633789062,Pacific/Fiji
TVU,Matei Airport,Matei,Fiji,-16.6905994415,-179.876998901,Pacific/Fiji
KXF,Koro Island Airport,Koro Island,Fiji,-17.3458003998,179.42199707,Pacific/Fiji
RTA,Rotuma Airport,Rotuma,Fiji,-12.482500076293945,177.0709991455078,Pacific/Fiji
SVU,Savusavu Airport,Savusavu,Fiji,-16.8027992249,179.341003418,Pacific/Fiji
EUA,Kaufana Airport,Eua Island,Tonga,-21.378299713100002,-174.957992554,Pacific/Tongatapu
HPA,Lifuka Island Airport,Lifuka,Tonga,-19.777000427246094,-174.34100341796875,Pacific/Tongatapu
NFO,Mata'aho Airport,"Angaha, Niuafo'ou Island",Tonga,-15.5707998276,-175.632995605,Pacific/Tongatapu
NTT,Kuini Lavenia Airport,Niuatoputapu,Tonga,-15.977297,-173.791089,Pacific/Tongatapu
VBV,Vanua Balavu Airport,Vanua Balavu,Fiji,-17.268999099731445,-178.9759979248047,Pacific/Fiji
IUE,Niue International Airport,Alofi,Niue,-19.079030990600586,-169.92559814453125,Pacific/Niue
FUT,Pointe Vele Airport,Futuna Island,Wallis and Futuna,-14.3114004135,-178.065994263,Pacific/Wallis
MXS,Maota Airport,Savaii Island,Samoa,-13.742300033569336,-172.25799560546875,Pacific/Apia
APK,Apataki Airport,Apataki,French Polynesia,-15.5736,-146.414993,Pacific/Tahiti
AHE,Ahe Airport,Ahe,French Polynesia,-14.428099632263184,-146.2570037841797,Pacific/Tahiti
AUQ,Hiva Oa-Atuona Airport,Hiva-oa,French Polynesia,-9.76879024506,-139.011001587,Pacific/Marquesas
UAP,Ua Pou Airport,Ua Pou,French Polynesia,-9.35167,-140.078003,Pacific/Marquesas
UAH,Ua Huka Airport,Ua Huka,French Polynesia,-8.93611,-139.552002,Pacific/Marquesas
MTV,Mota Lava Airport,Ablow,Vanuatu,-13.6660003662,167.712005615,Pacific/Efate
SLH,Sola Airport,Sola,Vanuatu,-13.8516998291,167.537002563,Pacific/Efate
TOH,Torres Airstrip,Loh/Linua,Vanuatu,-13.3280000687,166.638000488,Pacific/Efate
EAE,Siwo Airport,Sangafa,Vanuatu,-17.0902996063,168.343002319,Pacific/Efate
CCV,Craig Cove Airport,Craig Cove,Vanuatu,-16.264999,167.923996,Pacific/Efate
LOD,Longana Airport,Longana,Vanuatu,-15.3066997528,167.966995239,Pacific/Efate
SSR,Sara Airport,Pentecost Island,Vanuatu,-15.4708003998,168.151992798,Pacific/Efate
PBJ,Tavie Airport,Paama Island,Vanuatu,-16.438999176,168.257003784,Pacific/Efate
LPM,Lamap Airport,Lamap,Vanuatu,-16.4611228,167.829253,Pacific/Efate
LNB,Lamen Bay Airport,Lamen Bay,Vanuatu,-16.584199905400002,168.158996582,Pacific/Efate
MWF,Maewo-Naone Airport,Maewo Island,Vanuatu,-15,168.082992554,Pacific/Efate
LNE,Lonorore Airport,Lonorore,Vanuatu,-15.865599632299999,168.17199707,Pacific/Efate
NUS,Norsup Airport,Norsup,Vanuatu,-16.0797,167.401001,Pacific/Efate
ZGU,Gaua Island Airport,Gaua Island,Vanuatu,-14.218099594099998,167.587005615,Pacific/Efate
RCL,Redcliffe Airport,Redcliffe,Vanuatu,-15.472000122099999,167.835006714,Pacific/Efate
SON,Santo Pekoa International Airport,Santo,Vanuatu,-15.505000114399998,167.220001221,Pacific/Efate
TGH,Tongoa Airport,Tongoa Island,Vanuatu,-16.8910999298,168.550994873,Pacific/Efate
ULB,Uléi Airport,Ambryn Island,Vanuatu,-16.3297,168.3011,Pacific/Efate
VLS,Valesdir Airport,Valesdir,Vanuatu,-16.796100616500002,168.177001953,Pacific/Efate
SWJ,Southwest Bay Airport,Malekula Island,Vanuatu,-16.4864,167.4472,Pacific/Efate
OLJ,North West Santo Airport,Olpoi,Vanuatu,-14.881699562099998,166.557998657,Pacific/Efate
AUY,Aneityum Airport,Anelghowhat,Vanuatu,-20.2492008209,169.770996094,Pacific/Efate
AWD,Aniwa Airport,Aniwa,Vanuatu,-19.2346,169.6009,Pacific/Efate
DLY,Dillon's Bay Airport,Dillon's Bay,Vanuatu,-18.7693996429,169.00100708,Pacific/Efate
FTA,Futuna Airport,Futuna Island,Vanuatu,-19.516399383499998,170.231994629,Pacific/Efate
IPA,Ipota Airport,Ipota,Vanuatu,-18.856389,169.283333,Pacific/Efate
TGJ,Tiga Airport,Tiga,New Caledonia,-21.096099853515625,167.8040008544922,Pacific/Noumea
BMY,Île Art - Waala Airport,Waala,New Caledonia,-19.720600128173828,163.66099548339844,Pacific/Noumea
ILP,Île des Pins Airport,Île des Pins,New Caledonia,-22.588899612426758,167.45599365234375,Pacific/Noumea
FBD,Fayzabad Airport,Faizabad,Afghanistan,37.121101,70.518097,Asia/Kabul
AJF,Al-Jawf Domestic Airport,Al-Jawf,Saudi Arabia,29.78510093688965,40.099998474121094,Asia/Riyadh
WAE,Wadi Al Dawasir Airport,Wadi-al-dawasir,Saudi Arabia,20.504299163800003,45.199600219699995,Asia/Riyadh
KHD,Khoram Abad Airport,Khorram Abad,Iran,33.43539810180664,48.282901763916016,Asia/Tehran
BXR,Bam Airport,Bam,Iran,29.084199905395508,58.45000076293945,Asia/Tehran
RJN,Rafsanjan Airport,Rafsanjan,Iran,30.297700881958008,56.05110168457031,Asia/Tehran
BJB,Bojnord Airport,Bojnourd,Iran,37.49300003051758,57.30820083618164,Asia/Tehran
AFZ,Sabzevar National Airport,Sabzevar,Iran,36.16809844970703,57.59519958496094,Asia/Tehran
NSH,Noshahr Airport,Noshahr,Iran,36.663299560546875,51.464698791503906,Asia/Tehran
SRY,Dasht-e Naz Airport,Dasht-e-naz,Iran,36.635799408,53.193599700899995,Asia/Tehran
LRR,Lar Airport,Lar,Iran,27.6746997833,54.3833007812,Asia/Tehran
ADU,Ardabil Airport,Ardabil,Iran,38.3256988525,48.4244003296,Asia/Tehran
OMH,Urmia Airport,Uromiyeh,Iran,37.6680984497,45.0686988831,Asia/Tehran
AAN,Al Ain International Airport,Al Ain,United Arab Emirates,24.261699676513672,55.60919952392578,Asia/Dubai
BNP,Bannu Airport,Bannu,Pakistan,32.9729,70.527901,Asia/Karachi
BHV,Bahawalpur Airport,Bahawalpur,Pakistan,29.348100662231445,71.71800231933594,Asia/Karachi
CJL,Chitral Airport,Chitral,Pakistan,35.886600494384766,71.80059814453125,Asia/Karachi
DBA,Dalbandin Airport,Dalbandin,Pakistan,28.878299713100002,64.3998031616,Asia/Karachi
DEA,Dera Ghazi Khan Airport,Dera Ghazi Khan,Pakistan,29.961000442504883,70.48590087890625,Asia/Karachi
DSK,Dera Ismael Khan Airport,Dera Ismael Khan,Pakistan,31.909400939941406,70.89659881591797,Asia/Karachi
JIW,Jiwani Airport,Jiwani,Pakistan,25.067800521900004,61.8054008484,Asia/Karachi
HDD,Hyderabad Airport,Hyderabad,Pakistan,25.3181,68.366096,Asia/Karachi
KDD,Khuzdar Airport,Khuzdar,Pakistan,27.790599823,66.6473007202,Asia/Karachi
ORW,Ormara Airport,Ormara Raik,Pakistan,25.274700164799995,64.58599853519999,Asia/Karachi
PAJ,Parachinar Airport,Parachinar,Pakistan,33.902099609400004,70.0716018677,Asia/Karachi
KDU,Skardu Airport,Skardu,Pakistan,35.33549880981445,75.53600311279297,Asia/Karachi
SYW,Sehwan Sharif Airport,Sehwan Sharif,Pakistan,26.473100662231445,67.71720123291016,Asia/Karachi
TUK,Turbat International Airport,Turbat,Pakistan,25.986400604248047,63.03020095825195,Asia/Karachi
ISU,Sulaymaniyah International Airport,Sulaymaniyah,Iraq,35.5617485046,45.316738128699996,Asia/Baghdad
KAC,Kamishly Airport,Kamishly,Syria,37.020599365234375,41.19139862060547,Asia/Damascus
GXF,Sayun International Airport,Sayun Intl,Yemen,15.9660997391,48.78829956049999,Asia/Aden
ADK,Adak Airport,Adak Island,United States,51.87799835205078,-176.64599609375,America/Adak
GST,Gustavus Airport,Gustavus,United States,58.4253006,-135.7070007,America/Anchorage
SGY,Skagway Airport,Skagway,United States,59.46009826660156,-135.3159942626953,America/Anchorage
HCR,Holy Cross Airport,Holy Cross,United States,62.18830108642578,-159.77499389648438,America/Anchorage
HNS,Haines Airport,Haines,United States,59.24380111694336,-135.5240020751953,America/Anchorage
KLG,Kalskag Airport,Kalskag,United States,61.53630065917969,-160.34100341796875,America/Anchorage
MCG,McGrath Airport,Mcgrath,United States,62.95289993,-155.6060028,America/Anchorage
MOU,Mountain Village Airport,Mountain Village,United States,62.095401763916016,-163.6820068359375,America/Anchorage
ANI,Aniak Airport,Aniak,United States,61.581600189208984,-159.54299926757812,America/Anchorage
VAK,Chevak Airport,Chevak,United States,61.5409,-165.6005,America/Anchorage
WRG,Wrangell Airport,Wrangell,United States,56.48429871,-132.3699951,America/Anchorage
OPU,Balimo Airport,Balimo,Papua New Guinea,-8.05000019073,142.932998657,Pacific/Port_Moresby
VMU,Baimuru Airport,Baimuru,Papua New Guinea,-7.49686002731,144.819900513,Pacific/Port_Moresby
LUP,Kalaupapa Airport,Molokai,United States,21.21100044,-156.973999,Pacific/Honolulu
ENT,Eniwetok Airport,Eniwetok Atoll,Marshall Islands,11.340700149536133,162.3280029296875,Pacific/Majuro
LZN,Matsu Nangan Airport,Matsu Islands,Taiwan,26.1598,119.958,Asia/Taipei
HCN,Hengchun Airport,Hengchun,Taiwan,22.041099548339844,120.7300033569336,Asia/Taipei
MFK,Matsu Beigan Airport,Matsu Islands,Taiwan,26.224199,120.002998,Asia/Taipei
KUH,Kushiro Airport,Kushiro,Japan,43.041000366199995,144.192993164,Asia/Tokyo
OKD,Okadama Airport,Sapporo,Japan,43.117447,141.38134,Asia/Tokyo
HSG,Saga Airport,Saga,Japan,33.149700164799995,130.302001953,Asia/Tokyo
NKM,Nagoya Airport,Nagoya,Japan,35.255001068115234,136.9239959716797,Asia/Tokyo
IWJ,Iwami Airport,Iwami,Japan,34.676399231,131.789993286,Asia/Tokyo
FKS,Fukushima Airport,Fukushima,Japan,37.22740173339844,140.43099975585938,Asia/Tokyo
ONJ,Odate Noshiro Airport,Odate Noshiro,Japan,40.1918983459,140.371002197,Asia/Tokyo
SYO,Shonai Airport,Shonai,Japan,38.81219863889999,139.787002563,Asia/Tokyo
MYE,Miyakejima Airport,Miyakejima,Japan,34.073600769,139.559997559,Asia/Tokyo
KUV,Kunsan Air Base,Kunsan,South Korea,35.90380096435547,126.61599731445312,Asia/Seoul
MPK,Mokpo Heliport,Mokpo,South Korea,34.7588996887,126.379997253,Asia/Seoul
WJU,Wonju/Hoengseong Air Base (K-38/K-46),Wonju,South Korea,37.441201,127.963858,Asia/Seoul
YNY,Yangyang International Airport,Sokcho / Gangneung,South Korea,38.061298,128.669006,Asia/Seoul
HIN,Sacheon Air Base/Airport,Sacheon,South Korea,35.088591,128.071747,Asia/Seoul
CJJ,Cheongju International Airport/Cheongju Air Base (K-59/G-513),Chongju,South Korea,36.717008,127.498741,Asia/Seoul
SFS,Subic Bay International Airport,Olongapo City,Philippines,14.794400215148926,120.27100372314453,Asia/Manila
CYU,Cuyo Airport,Cuyo,Philippines,10.858099937438965,121.06900024414062,Asia/Manila
CGM,Camiguin Airport,Camiguin,Philippines,9.253520011901855,124.70700073242188,Asia/Manila
JOL,Jolo Airport,Jolo,Philippines,6.0536699295043945,121.01100158691406,Asia/Manila
TWT,Sanga Sanga Airport,Sanga Sanga,Philippines,5.046991,119.742996,Asia/Manila
SUG,Surigao Airport,Sangley Point,Philippines,9.755838325629998,125.480947495,Asia/Manila
TDG,Tandag Airport,Tandag,Philippines,9.072110176086426,126.1709976196289,Asia/Manila
WNP,Naga Airport,Naga,Philippines,13.58489990234375,123.2699966430664,Asia/Manila
BSO,Basco Airport,Basco,Philippines,20.4513,121.980003,
SFE,San Fernando Airport,San Fernando,Philippines,16.595600128173828,120.3030014038086,Asia/Manila
TUG,Tuguegarao Airport,Tuguegarao,Philippines,17.6433676823,121.733150482,Asia/Manila
VRC,Virac Airport,Virac,Philippines,13.576399803161621,124.20600128173828,Asia/Manila
CYP,Calbayog Airport,Calbayog City,Philippines,12.072699546813965,124.54499816894531,Asia/Manila
CRM,Catarman National Airport,Catarman,Philippines,12.502400398254395,124.63600158691406,Asia/Manila
MBT,Moises R. Espinosa Airport,Masbate,Philippines,12.369682,123.630095,Asia/Manila
RXS,Roxas Airport,Roxas City,Philippines,11.597700119018555,122.75199890136719,Asia/Manila
TTG,General Enrique Mosconi Airport,Tartagal,Argentina,-22.619600296,-63.7937011719,America/Argentina/Salta
LHS,Las Heras Airport,Las Heras,Argentina,-46.53829956049999,-68.9653015137,America/Argentina/Rio_Gallegos
OES,Antoine de Saint Exupéry Airport,San Antonio Oeste,Argentina,-40.7512,-65.0343,America/Argentina/Salta
ING,Lago Argentino Airport,El Calafate,Argentina,-50.336102,-72.248596,America/Argentina/Rio_Gallegos
GGS,Gobernador Gregores Airport,Gobernador Gregores,Argentina,-48.7831,-70.150002,America/Argentina/Rio_Gallegos
SST,Santa Teresita Airport,Santa Teresita,Argentina,-36.5423,-56.7218,America/Buenos_Aires
NEC,Necochea Airport,Necochea,Argentina,-38.4831,-58.8172,America/Buenos_Aires
JDO,Orlando Bezerra de Menezes Airport,Juazeiro Do Norte,Brazil,-7.21895980835,-39.270099639899996,America/Fortaleza
LEC,Coronel Horácio de Mattos Airport,Lençóis,Brazil,-12.4822998047,-41.2770004272,America/Fortaleza
MEA,Macaé Airport,Macaé,Brazil,-22.343000412,-41.7659988403,America/Sao_Paulo
MII,Frank Miloye Milenkowichi–Marília State Airport,Marília,Brazil,-22.1968994141,-49.926399231,America/Sao_Paulo
VDC,Vitória da Conquista Airport,Vitória Da Conquista,Brazil,-14.8627996445,-40.8630981445,America/Fortaleza
RIA,Santa Maria Airport,Santa Maria,Brazil,-29.711399,-53.688202,America/Sao_Paulo
TOW,Toledo Airport,Toledo,Brazil,-24.6863,-53.697498,America/Sao_Paulo
ESR,Ricardo García Posada Airport,El Salvador,Chile,-26.311100006103516,-69.76519775390625,America/Santiago
ZPC,Pucón Airport,Pucon,Chile,-39.29280090332031,-71.91590118408203,America/Santiago
SOD,Sorocaba Airport,Sorocaba,Brazil,-23.478001,-47.490002,America/Sao_Paulo
SCY,San Cristóbal Airport,San Cristóbal,Ecuador,-0.910206,-89.617401,Pacific/Galapagos
LOH,Camilo Ponce Enriquez Airport,La Toma (Catamayo),Ecuador,-3.99589,-79.371902,America/Guayaquil
ESM,General Rivadeneira Airport,Esmeraldas,Ecuador,0.9785190224647522,-79.62660217285156,America/Guayaquil
PSY,Port Stanley Airport,Stanley,Falkland Islands,-51.685699462891,-57.777599334717,Atlantic/Stanley
CRC,Santa Ana Airport,Cartago,Colombia,4.75818,-75.9557,America/Bogota
LQM,Caucaya Airport,Puerto Leguízamo,Colombia,-0.182278,-74.7708,America/Bogota
LPD,La Pedrera Airport,La Pedrera,Colombia,-1.32861,-69.5797,America/Bogota
NQU,Reyes Murillo Airport,Nuquí,Colombia,5.6964,-77.2806,America/Bogota
PDA,Obando Airport,Puerto Inírida,Colombia,3.85353,-67.9062,America/Bogota
EYP,El Yopal Airport,Yopal,Colombia,5.31911,-72.384,America/Bogota
GYA,Capitán de Av. Emilio Beltrán Airport,Guayaramerín,Bolivia,-10.820599556,-65.3455963135,America/La_Paz
PUR,Puerto Rico Airport,Puerto Rico/Manuripi,Bolivia,-11.107663,-67.551155,America/La_Paz
RIB,Capitán Av. Selin Zeitun Lopez Airport,Riberalta,Bolivia,-11,-66,America/La_Paz
REY,Reyes Airport,Reyes,Bolivia,-14.3044,-67.353401,America/La_Paz
SRJ,Capitán Av. German Quiroga G. Airport,San Borja,Bolivia,-14.859199523925781,-66.73750305175781,America/La_Paz
ORG,Zorg en Hoop Airport,Paramaribo,Suriname,5.81108,-55.190701,America/Paramaribo
MVS,Mucuri Airport,Mucuri,Brazil,-18.048900604248047,-39.864200592041016,America/Fortaleza
CJA,Mayor General FAP Armando Revoredo Iglesias Airport,Cajamarca,Peru,-7.1391801834106445,-78.4894027709961,America/Lima
HUU,Alferez Fap David Figueroa Fernandini Airport,Huánuco,Peru,-9.878809928894043,-76.20480346679688,America/Lima
NZC,Maria Reiche Neuman Airport,Nazca,Peru,-14.854000091600001,-74.9615020752,America/Lima
SRA,Santa Rosa Airport,Santa Rosa,Brazil,-27.9067,-54.520401,America/Sao_Paulo
MYC,Escuela Mariscal Sucre Airport,Maracay,Venezuela,10.249978065490723,-67.64942169189453,America/Caracas
VIG,Juan Pablo Pérez Alfonso Airport,El Vigía,Venezuela,8.624139,-71.672668,America/Caracas
JPR,Ji-Paraná Airport,Ji-Paraná,Brazil,-10.870800018299999,-61.8465003967,America/Boa_Vista
BBQ,Codrington Airport,Codrington,Antigua and Barbuda,17.635799,-61.828602,America/Antigua
DSD,La Désirade Airport,Grande Anse,Guadeloupe,16.296902,-61.0844,America/Guadeloupe
BBR,Baillif Airport,Basse Terre,Guadeloupe,16.0132999420166,-61.7421989440918,America/Guadeloupe
SFC,St-François Airport,St-François,Guadeloupe,16.25779914855957,-61.26250076293945,America/Guadeloupe
GBJ,Les Bases Airport,Grand Bourg,Guadeloupe,15.86870002746582,-61.27000045776367,America/Guadeloupe
NEV,Vance W. Amory International Airport,Charlestown,Saint Kitts and Nevis,17.205699920654297,-62.589900970458984,America/St_Kitts
VIJ,Virgin Gorda Airport,Spanish Town,British Virgin Islands,18.446399688720703,-64.42749786376953,America/Tortola
BQU,J F Mitchell Airport,Bequia,Saint Vincent and the Grenadines,12.9884004593,-61.2620010376,America/St_Vincent
UNI,Union Island International Airport,Union Island,Saint Vincent and the Grenadines,12.60013484954834,-61.41194534301758,America/St_Vincent
KOV,Kokshetau Airport,Kokshetau,Kazakhstan,53.329102,69.594597,Asia/Qyzylorda
PPK,Petropavlosk South Airport,Petropavlosk,Kazakhstan,54.77470016479492,69.18389892578125,Asia/Qyzylorda
DZN,Zhezkazgan Airport,Zhezkazgan,Kazakhstan,47.708302,67.733299,Asia/Qyzylorda
UKK,Ust-Kamennogorsk Airport,Ust Kamenogorsk,Kazakhstan,50.036598205566406,82.49420166015625,Asia/Qyzylorda
KSN,Kostanay West Airport,Kostanay,Kazakhstan,53.20690155029297,63.55030059814453,Asia/Qyzylorda
KVD,Ganja Airport,Ganja,Azerbaijan,40.737701416015625,46.31760025024414,Asia/Baku
NAJ,Nakhchivan Airport,Nakhchivan,Azerbaijan,39.18880081176758,45.45840072631836,Asia/Baku
NER,Chulman Airport,Neryungri,Russia,56.913898468018,124.91400146484,Asia/Yakutsk
PYJ,Polyarny Airport,Yakutia,Russia,66.4003982544,112.029998779,Asia/Yakutsk
CKH,Chokurdakh Airport,Chokurdah,Russia,70.62310028076172,147.90199279785156,Asia/Srednekolymsk
CYX,Cherskiy Airport,Cherskiy,Russia,68.7406005859375,161.33799743652344,Asia/Srednekolymsk
IKS,Tiksi Airport,Tiksi,Russia,71.697700500488,128.90299987793,Asia/Yakutsk
KXK,Komsomolsk-on-Amur Airport,Komsomolsk-on-Amur,Russia,50.409000396728516,136.9340057373047,Asia/Vladivostok
DYR,Ugolny Airport,Anadyr,Russia,64.734902,177.740997,Asia/Anadyr
OHO,Okhotsk Airport,Okhotsk,Russia,59.410064697265625,143.05650329589844,Asia/Vladivostok
UJE,Ujae Atoll Airport,Ujae Atoll,Marshall Islands,8.92805957794,165.761993408,Pacific/Majuro
MPW,Mariupol International Airport,Mariupol International,Ukraine,47.07609939575195,37.44960021972656,Europe/Kiev
VSG,Luhansk International Airport,Lugansk,Ukraine,48.4174003601,39.3740997314,Europe/Kiev
OZH,Zaporizhzhia International Airport,Zaporozhye,Ukraine,47.867000579833984,35.31570053100586,Europe/Kiev
KWG,Kryvyi Rih International Airport,Krivoy Rog,Ukraine,48.04330062866211,33.209999084472656,Europe/Kiev
HRK,Kharkiv International Airport,Kharkov,Ukraine,49.924800872802734,36.290000915527344,Europe/Kiev
IFO,Ivano-Frankivsk International Airport,Ivano-Frankivsk,Ukraine,48.88420104980469,24.686100006103516,Europe/Kiev
CWC,Chernivtsi International Airport,Chernovtsk,Ukraine,48.259300231933594,25.98080062866211,Europe/Kiev
RWN,Rivne International Airport,Rivne,Ukraine,50.60710144042969,26.141599655151367,Europe/Kiev
UDJ,Uzhhorod International Airport,Uzhgorod,Ukraine,48.634300231933594,22.263399124145508,Europe/Kiev
CSH,Solovki Airport,Solovetsky Islands,Russia,65.0299987793,35.7333335876,Europe/Moscow
CEE,Cherepovets Airport,Cherepovets,Russia,59.273601532,38.015800476100004,Europe/Moscow
AMV,Amderma Airport,Amderma,Russia,69.76329803466797,61.556400299072266,Europe/Moscow
KSZ,Kotlas Airport,Kotlas,Russia,61.235801696777344,46.6974983215332,Europe/Moscow
PES,Petrozavodsk Airport,Petrozavodsk,Russia,61.88520050048828,34.154701232910156,Europe/Moscow
GNA,Hrodna Airport,Hrodna,Belarus,53.60200119018555,24.053800582885742,Europe/Minsk
MVQ,Mogilev Airport,Mogilev,Belarus,53.954898834228516,30.09510040283203,Europe/Minsk
EIE,Yeniseysk Airport,Yeniseysk,Russia,58.47420120239258,92.11250305175781,Asia/Krasnoyarsk
KYZ,Kyzyl Airport,Kyzyl,Russia,51.66939926147461,94.40059661865234,Asia/Krasnoyarsk
NOZ,Spichenkovo Airport,Novokuznetsk,Russia,53.811401,86.877197,Asia/Krasnoyarsk
HTG,Khatanga Airport,Khatanga,Russia,71.97810363769531,102.49099731445312,Asia/Krasnoyarsk
IAA,Igarka Airport,Igarka,Russia,67.43720245361328,86.62190246582031,Asia/Krasnoyarsk
NAL,Nalchik Airport,Nalchik,Russia,43.512901306152344,43.636600494384766,Europe/Moscow
OGZ,Beslan Airport,Beslan,Russia,43.2051010132,44.6066017151,Europe/Moscow
ESL,Elista Airport,Elista,Russia,46.3739013671875,44.33089828491211,Europe/Moscow
WKK,Aleknagik / New Airport,Aleknagik,United States,59.2826004028,-158.617996216,America/Anchorage
BLF,Mercer County Airport,Bluefield,United States,37.295799255371094,-81.20770263671875,America/New_York
GLH,Mid Delta Regional Airport,Greenville,United States,33.4828987121582,-90.98560333251953,America/Chicago
PSC,Tri Cities Airport,Pasco,United States,46.26470184326172,-119.11900329589844,America/Los_Angeles
KQA,Akutan Seaplane Base,Akutan,United States,54.1337704415,-165.778895617,America/Anchorage
LPS,Lopez Island Airport,Lopez,United States,48.4838981628418,-122.93800354003906,America/Los_Angeles
SLY,Salekhard Airport,Salekhard,Russia,66.5907974243164,66.61100006103516,Asia/Yekaterinburg
HMA,Khanty Mansiysk Airport,Khanty-Mansiysk,Russia,61.028499603271484,69.08609771728516,Asia/Yekaterinburg
NYA,Nyagan Airport,Nyagan,Russia,62.110001,65.614998,Asia/Yekaterinburg
OVS,Sovetskiy Airport,Sovetskiy,Russia,61.326622009277344,63.60191345214844,Asia/Yekaterinburg
IJK,Izhevsk Airport,Izhevsk,Russia,56.82809829711914,53.45750045776367,Europe/Samara
KVX,Pobedilovo Airport,Kirov,Russia,58.503299713135,49.348300933838,Europe/Moscow
NYM,Nadym Airport,Nadym,Russia,65.48090362548828,72.69889831542969,Asia/Yekaterinburg
RAT,Raduzhny Airport,Raduzhnyi,Russia,62.1585998535,77.32890319820001,Asia/Yekaterinburg
NFG,Nefteyugansk Airport,Nefteyugansk,Russia,61.108299255371094,72.6500015258789,Asia/Yekaterinburg
KRO,Kurgan Airport,Kurgan,Russia,55.47529983520508,65.41560363769531,Asia/Yekaterinburg
LBD,Khudzhand Airport,Khudzhand,Tajikistan,40.21540069580078,69.6947021484375,Asia/Dushanbe
AZN,Andizhan Airport,Andizhan,Uzbekistan,40.7276992798,72.2939987183,Asia/Samarkand
FEG,Fergana International Airport,Fergana,Uzbekistan,40.358798980699994,71.7450027466,Asia/Samarkand
NMA,Namangan Airport,Namangan,Uzbekistan,40.9846000671,71.5567016602,Asia/Samarkand
NCU,Nukus Airport,Nukus,Uzbekistan,42.488399505615234,59.62329864501953,Asia/Samarkand
UGC,Urgench Airport,Urgench,Uzbekistan,41.58430099487305,60.641700744628906,Asia/Samarkand
KSQ,Karshi Khanabad Airport,Khanabad,Uzbekistan,38.8335990906,65.9215011597,Asia/Samarkand
TMJ,Termez Airport,Termez,Uzbekistan,37.28670120239258,67.30999755859375,Asia/Samarkand
RYB,Staroselye Airport,Rybinsk,Russia,58.10419845581055,38.92940139770508,Europe/Moscow
EGO,Belgorod International Airport,Belgorod,Russia,50.643798828125,36.5900993347168,Europe/Moscow
URS,Kursk East Airport,Kursk,Russia,51.7505989074707,36.29560089111328,Europe/Moscow
LPK,Lipetsk Airport,Lipetsk,Russia,52.70280075073242,39.53779983520508,Europe/Moscow
VKT,Vorkuta Airport,Vorkuta,Russia,67.48860168457031,63.993099212646484,Europe/Moscow
UUA,Bugulma Airport,Bugulma,Russia,54.63999938964844,52.801700592041016,Europe/Moscow
JOK,Yoshkar-Ola Airport,Yoshkar-Ola,Russia,56.700599670410156,47.904701232910156,Europe/Moscow
CSY,Cheboksary Airport,Cheboksary,Russia,56.090301513671875,47.3473014831543,Europe/Moscow
ULY,Ulyanovsk East Airport,Ulyanovsk,Russia,54.4010009765625,48.80270004272461,Europe/Samara
OSW,Orsk Airport,Orsk,Russia,51.0724983215332,58.59560012817383,Asia/Yekaterinburg
PEZ,Penza Airport,Penza,Russia,53.110599517822266,45.02109909057617,Europe/Moscow
SKX,Saransk Airport,Saransk,Russia,54.12512969970703,45.212257385253906,Europe/Moscow
BWO,Balakovo Airport,Balakovo,Russia,51.8582992554,47.7456016541,Europe/Moscow
HBX,Hubli Airport,Hubli,India,15.361700058,75.08489990230001,Asia/Calcutta
KCT,Koggala Airport,Koggala,Sri Lanka,5.993680000305176,80.32029724121094,Asia/Colombo
WRZ,Weerawila Airport,Wirawila,Sri Lanka,6.25448989868,81.23519897460001,Asia/Colombo
BBM,Battambang Airport,Battambang,Cambodia,13.095600128173828,103.2239990234375,Asia/Phnom_Penh
SHL,Shillong Airport,Shillong,India,25.70359992980957,91.97869873046875,Asia/Calcutta
GAU,Lokpriya Gopinath Bordoloi International Airport,Guwahati,India,26.10610008239746,91.58589935302734,Asia/Calcutta
DMU,Dimapur Airport,Dimapur,India,25.883899688699998,93.77110290530001,Asia/Calcutta
TEZ,Tezpur Airport,Tezpur,India,26.7091007232666,92.78469848632812,Asia/Calcutta
BZL,Barisal Airport,Barisal,Bangladesh,22.801000595092773,90.30120086669922,Asia/Dhaka
HOE,Ban Huoeisay Airport,Huay Xai,Laos,20.2572994232,100.43699646,Asia/Vientiane
BHR,Bharatpur Airport,Bharatpur,Nepal,27.678101,84.429398,Asia/Katmandu
BDP,Bhadrapur Airport,Chandragarhi,Nepal,26.5708007812,88.07959747310001,Asia/Katmandu
MEY,Meghauli Airport,Meghauli,Nepal,27.5774,84.22875,Asia/Katmandu
KEP,Nepalgunj Airport,Nepalgunj,Nepal,28.103599548339844,81.66699981689453,Asia/Katmandu
GAN,Gan International Airport,Gan Island,Maldives,-0.693342,73.155602,Indian/Maldives
HAQ,Hanimaadhoo Airport,Haa Dhaalu Atoll,Maldives,6.744229793548584,73.17050170898438,Indian/Maldives
KDO,Kadhdhoo Airport,Laamu Atoll,Maldives,1.8591699600219727,73.52189636230469,Indian/Maldives
MAQ,Mae Sot Airport,Tak,Thailand,16.699899673461914,98.54509735107422,Asia/Bangkok
BMV,Buon Ma Thuot Airport,Buonmethuot,Vietnam,12.668299675,108.120002747,Asia/Saigon
HPH,Cat Bi International Airport,Haiphong,Vietnam,20.819400787353516,106.7249984741211,Asia/Saigon
CXR,Cam Ranh Airport,Nha Trang,Vietnam,11.998200416564941,109.21900177001953,Asia/Saigon
VCS,Co Ong Airport,Conson,Vietnam,8.73183,106.633003,Asia/Saigon
VCA,Can Tho International Airport,Can Tho,Vietnam,10.085100174,105.711997986,Asia/Saigon
DIN,Dien Bien Phu Airport,Dienbienphu,Vietnam,21.3974990845,103.008003235,Asia/Saigon
UIH,Phu Cat Airport,Phucat,Vietnam,13.955,109.042,Asia/Saigon
PXU,Pleiku Airport,Pleiku,Vietnam,14.004500389099121,108.01699829101562,Asia/Saigon
VII,Vinh Airport,Vinh,Vietnam,18.7376003265,105.67099762,Asia/Saigon
BMO,Banmaw Airport,Banmaw,Burma,24.268999099731445,97.24620056152344,Asia/Rangoon
TVY,Dawei Airport,Dawei,Burma,14.103899955749512,98.20359802246094,Asia/Rangoon
KAW,Kawthoung Airport,Kawthoung,Burma,10.049300193786621,98.53800201416016,Asia/Rangoon
LIW,Loikaw Airport,Loikaw,Burma,19.691499710083008,97.21479797363281,Asia/Rangoon
MNU,Mawlamyine Airport,Mawlamyine,Burma,16.444700241088867,97.66069793701172,Asia/Rangoon
BSX,Pathein Airport,Pathein,Burma,16.815201,94.7799,Asia/Rangoon
PKK,Pakhokku Airport,Pakhokku,Burma,21.4043,95.11125,Asia/Rangoon
SWQ,Sumbawa Besar Airport,Sumbawa Island,Indonesia,-8.48904037475586,117.41200256347656,Asia/Makassar
TMC,Tambolaka Airport,Waikabubak-Sumba Island,Indonesia,-9.40972,119.244003,Asia/Makassar
BUI,Bokondini Airport,Bokondini-Papua Island,Indonesia,-3.6822,138.6755,Asia/Jayapura
SEH,Senggeh Airport,Senggeh-Papua Island,Indonesia,-3.45,140.779,Asia/Jayapura
TJS,Tanjung Harapan Airport,Tanjung Selor-Borneo Island,Indonesia,2.83583333333,117.373611111,Asia/Makassar
DTD,Datadawai Airport,Datadawai-Borneo Island,Indonesia,0.8106,114.5306,Asia/Makassar
BEJ,Kalimarau Airport,Tanjung Redep-Borneo Island,Indonesia,2.1555,117.431999,Asia/Makassar
TJG,Warukin Airport,Tanjung-Borneo Island,Indonesia,-2.21655988693,115.435997009,Asia/Makassar
SMQ,Sampit(Hasan) Airport,Sampit-Borneo Island,Indonesia,-2.49919009209,112.974998474,Asia/Jakarta
LUV,Dumatumbun Airport,Langgur-Kei Islands,Indonesia,-5.661620140075684,132.7310028076172,Asia/Jayapura
ARD,Mali Airport,Alor Island,Indonesia,-8.132340431213379,124.59700012207031,Asia/Makassar
BLG,Belaga Airport,Belaga,Malaysia,2.65000009537,113.766998291,Asia/Kuala_Lumpur
LGL,Long Lellang Airport,Long Datih,Malaysia,3.4210000038099997,115.153999329,Asia/Kuala_Lumpur
ODN,Long Seridan Airport,Long Seridan,Malaysia,3.9670000076293945,115.05000305175781,Asia/Kuala_Lumpur
MKM,Mukah Airport,Mukah,Malaysia,2.90639,112.080002,Asia/Kuala_Lumpur
BKM,Bakalalan Airport,Bakalalan,Malaysia,3.9739999771118164,115.61799621582031,Asia/Kuala_Lumpur
LWY,Lawas Airport,Lawas,Malaysia,4.84917,115.407997,Asia/Kuala_Lumpur
BBN,Bario Airport,Bario,Malaysia,3.7338900566101074,115.47899627685547,Asia/Kuala_Lumpur
TMG,Tomanggong Airport,Tomanggong,Malaysia,5.40257,118.65763,Asia/Kuala_Lumpur
KUD,Kudat Airport,Kudat,Malaysia,6.922500133514404,116.83599853515625,Asia/Kuala_Lumpur
TKG,Radin Inten II (Branti) Airport,Bandar Lampung-Sumatra Island,Indonesia,-5.240556,105.175556,Asia/Jakarta
HLP,Halim Perdanakusuma International Airport,Jakarta,Indonesia,-6.266610145568848,106.89099884033203,Asia/Jakarta
NTX,Ranai Airport,Ranai-Natuna Besar Island,Indonesia,3.90871,108.388,Asia/Jakarta
PSU,Pangsuma Airport,Putussibau-Borneo Island,Indonesia,0.8355780243873596,112.93699645996094,Asia/Jakarta
SQG,Sintang(Susilo) Airport,Sintang-Borneo Island,Indonesia,0.06361900269985199,111.4729995727539,Asia/Jakarta
PDO,Pendopo Airport,Talang Gudang-Sumatra Island,Indonesia,-3.2860701084136963,103.87999725341797,Asia/Jakarta
LSW,Malikus Saleh Airport,Lhok Seumawe-Sumatra Island,Indonesia,5.226679801940918,96.95030212402344,Asia/Jakarta
PKG,Pulau Pangkor Airport,Pangkor Island,Malaysia,4.244719982147217,100.5530014038086,Asia/Kuala_Lumpur
LBW,Long Bawan Airport,Long Bawan-Borneo Island,Indonesia,3.9028,115.6921,Asia/Makassar
NNX,Nunukan Airport,Nunukan-Nunukan Island,Indonesia,4.13333333333,117.666666667,Asia/Makassar
LPU,Long Apung Airport,Long Apung-Borneo Island,Indonesia,1.704486,114.970297,Asia/Makassar
ALH,Albany Airport,Albany,Australia,-34.94329833984375,117.80899810791016,Australia/Perth
GYL,Argyle Airport,Argyle,Australia,-16.6369,128.451004,Australia/Perth
AUU,Aurukun Airport,Aurukun,Australia,-13.354067,141.72065,Australia/Brisbane
BCI,Barcaldine Airport,Barcaldine,Australia,-23.5652999878,145.307006836,Australia/Brisbane
BDD,Badu Island Airport,Badu Island,Australia,-10.149999618499999,142.1734,Australia/Brisbane
BVI,Birdsville Airport,Birdsville,Australia,-25.897499084472656,139.34800720214844,Australia/Brisbane
BHQ,Broken Hill Airport,Broken Hill,Australia,-32.0013999939,141.472000122,Australia/Adelaide
HTI,Hamilton Island Airport,Hamilton Island,Australia,-20.3581008911,148.95199585,Australia/Brisbane
BEU,Bedourie Airport,Bedourie,Australia,-24.346099853515625,139.4600067138672,Australia/Brisbane
BRK,Bourke Airport,Bourke,Australia,-30.039199829101562,145.95199584960938,Australia/Sydney
BUC,Burketown Airport,Burketown,Australia,-17.748600006103516,139.53399658203125,Australia/Brisbane
GIC,Boigu Airport,Boigu,Australia,-9.23278045654,142.218002319,Australia/Brisbane
OKY,Oakey Airport,Oakey,Australia,-27.411399841308594,151.73500061035156,Australia/Brisbane
BQL,Boulia Airport,Boulia,Australia,-22.913299560546875,139.89999389648438,Australia/Brisbane
BHS,Bathurst Airport,Bathurst,Australia,-33.4094009399,149.651992798,Australia/Sydney
BLT,Blackwater Airport,Blackwater,Australia,-23.603099822998047,148.8070068359375,Australia/Brisbane
CVQ,Carnarvon Airport,Carnarvon,Australia,-24.880211,113.67174,Australia/Perth
CAZ,Cobar Airport,Cobar,Australia,-31.538299560546875,145.79400634765625,Australia/Sydney
CPD,Coober Pedy Airport,Coober Pedy,Australia,-29.040000915527344,134.7209930419922,Australia/Adelaide
CNC,Coconut Island Airport,Coconut Island,Australia,-10.050000190734863,143.07000732421875,Australia/Brisbane
CNJ,Cloncurry Airport,Cloncurry,Australia,-20.668600082399998,140.503997803,Australia/Brisbane
CED,Ceduna Airport,Ceduna,Australia,-32.13059997558594,133.7100067138672,Australia/Adelaide
CTN,Cooktown Airport,Cooktown,Australia,-15.444700241088867,145.1840057373047,Australia/Brisbane
CMA,Cunnamulla Airport,Cunnamulla,Australia,-28.030000686645508,145.6219940185547,Australia/Brisbane
CNB,Coonamble Airport,Coonamble,Australia,-30.983299255371094,148.37600708007812,Australia/Sydney
CUQ,Coen Airport,Coen,Australia,-13.761133,143.113311,Australia/Brisbane
OOM,Cooma Snowy Mountains Airport,Cooma,Australia,-36.3005981445,148.973999023,Australia/Sydney
DMD,Doomadgee Airport,Doomadgee,Australia,-17.9403,138.822006,Australia/Brisbane
NLF,Darnley Island Airport,Darnley Island,Australia,-9.583330154418945,143.76699829101562,Australia/Brisbane
DPO,Devonport Airport,Devonport,Australia,-41.1697006226,146.429992676,Australia/Melbourne
ELC,Elcho Island Airport,Elcho Island,Australia,-12.019399642899998,135.570999146,Australia/Darwin
EPR,Esperance Airport,Esperance,Australia,-33.684399,121.822998,Australia/Perth
FLS,Flinders Island Airport,Flinders Island,Australia,-40.0917015076,147.992996216,Australia/Melbourne
GET,Geraldton Airport,Geraldton,Australia,-28.796101,114.707001,Australia/Perth
GLT,Gladstone Airport,Gladstone,Australia,-23.869699,151.223007,Australia/Brisbane
GTE,Groote Eylandt Airport,Groote Eylandt,Australia,-13.975000381500001,136.460006714,Australia/Darwin
GFF,Griffith Airport,Griffith,Australia,-34.2508010864,146.067001343,Australia/Sydney
HID,Horn Island Airport,Horn Island,Australia,-10.586400032,142.289993286,Australia/Brisbane
HOK,Hooker Creek Airport,Hooker Creek,Australia,-18.3367004395,130.638000488,Australia/Darwin
MHU,Mount Hotham Airport,Mount Hotham,Australia,-37.0475006104,147.333999634,Australia/Hobart
HGD,Hughenden Airport,Hughenden,Australia,-20.815000534057617,144.22500610351562,Australia/Brisbane
JCK,Julia Creek Airport,Julia Creek,Australia,-20.66830062866211,141.72300720214844,Australia/Brisbane
KAX,Kalbarri Airport,Kalbarri,Australia,-27.692813,114.259169,Australia/Perth
KNS,King Island Airport,King Island,Australia,-39.877498626708984,143.8780059814453,Australia/Melbourne
KFG,Kalkgurung Airport,Kalkgurung,Australia,-17.431900024414062,130.80799865722656,Australia/Darwin
KRB,Karumba Airport,Karumba,Australia,-17.45669937133789,140.8300018310547,Australia/Brisbane
KWM,Kowanyama Airport,Kowanyama,Australia,-15.485600471496582,141.75100708007812,Australia/Brisbane
KUG,Kubin Airport,Kubin,Australia,-10.225000381500001,142.218002319,Australia/Brisbane
LNO,Leonora Airport,Leonora,Australia,-28.87809944152832,121.31500244140625,Australia/Perth
LEL,Lake Evella Airport,Lake Evella,Australia,-12.498900413513184,135.80599975585938,Australia/Darwin
LDH,Lord Howe Island Airport,Lord Howe Island,Australia,-31.5382995605,159.07699585,Australia/Lord_Howe
IRG,Lockhart River Airport,Lockhart River,Australia,-12.7869,143.304993,Australia/Brisbane
LSY,Lismore Airport,Lismore,Australia,-28.8302993774,153.259994507,Australia/Sydney
LHG,Lightning Ridge Airport,Lightning Ridge,Australia,-29.45669937133789,147.98399353027344,Australia/Sydney
LRE,Longreach Airport,Longreach,Australia,-23.4342002869,144.279998779,Australia/Brisbane
LER,Leinster Airport,Leinster,Australia,-27.843299865722656,120.7030029296875,Australia/Perth
LVO,Laverton Airport,Laverton,Australia,-28.61359977722168,122.42400360107422,Australia/Perth
UBB,Mabuiag Island Airport,Mabuiag Island,Australia,-9.949999809265137,142.18299865722656,Australia/Brisbane
MKR,Meekatharra Airport,Meekatharra,Australia,-26.6117000579834,118.5479965209961,Australia/Perth
MIM,Merimbula Airport,Merimbula,Australia,-36.9085998535,149.901000977,Australia/Sydney
MGT,Milingimbi Airport,Milingimbi,Australia,-12.0944004059,134.893997192,Australia/Darwin
MNG,Maningrida Airport,Maningrida,Australia,-12.0560998917,134.23399353,Australia/Darwin
MCV,McArthur River Mine Airport,McArthur River Mine,Australia,-16.4424991608,136.083999634,Australia/Darwin
MQL,Mildura Airport,Mildura,Australia,-34.229198455799995,142.085998535,Australia/Hobart
MMG,Mount Magnet Airport,Mount Magnet,Australia,-28.116100311279297,117.84200286865234,Australia/Perth
MRZ,Moree Airport,Moree,Australia,-29.498899459799997,149.845001221,Australia/Sydney
MOV,Moranbah Airport,Moranbah,Australia,-22.057800293,148.07699585,Australia/Brisbane
MYA,Moruya Airport,Moruya,Australia,-35.8978004456,150.143997192,Australia/Sydney
MGB,Mount Gambier Airport,Mount Gambier,Australia,-37.745601654052734,140.78500366210938,Australia/Adelaide
ONG,Mornington Island Airport,Mornington Island,Australia,-16.662500381469727,139.17799377441406,Australia/Brisbane
MYI,Murray Island Airport,Murray Island,Australia,-9.91666984558,144.054992676,Australia/Brisbane
MBH,Maryborough Airport,Maryborough,Australia,-25.5133,152.714996,Australia/Brisbane
NRA,Narrandera Airport,Narrandera,Australia,-34.7022018433,146.511993408,Australia/Sydney
NAA,Narrabri Airport,Narrabri,Australia,-30.3192005157,149.82699585,Australia/Sydney
NTN,Normanton Airport,Normanton,Australia,-17.68409,141.069664,Australia/Brisbane
ZNE,Newman Airport,Newman,Australia,-23.417800903299998,119.803001404,Australia/Perth
OLP,Olympic Dam Airport,Olympic Dam,Australia,-30.485000610399997,136.876998901,Australia/Adelaide
PUG,Port Augusta Airport,Argyle,Australia,-32.506900787353516,137.7169952392578,Australia/Adelaide
PMK,Palm Island Airport,Palm Island,Australia,-18.755300521850586,146.58099365234375,Australia/Brisbane
PBO,Paraburdoo Airport,Paraburdoo,Australia,-23.1711006165,117.745002747,Australia/Perth
CCK,Cocos (Keeling) Islands Airport,Cocos Keeling Island,Cocos (Keeling) Islands,-12.1883001328,96.8339004517,Indian/Cocos
GOV,Gove Airport,Gove,Australia,-12.269399642899998,136.817993164,Australia/Darwin
PKE,Parkes Airport,Parkes,Australia,-33.131401062,148.238998413,Australia/Sydney
PLO,Port Lincoln Airport,Port Lincoln,Australia,-34.6053009033,135.880004883,Australia/Adelaide
EDR,Pormpuraaw Airport,Pormpuraaw,Australia,-14.896451,141.60908,Australia/Brisbane
PQQ,Port Macquarie Airport,Port Macquarie,Australia,-31.4358005524,152.863006592,Australia/Sydney
PTJ,Portland Airport,Portland,Australia,-38.31809997558594,141.4709930419922,Australia/Hobart
ULP,Quilpie Airport,Quilpie,Australia,-26.612199783325195,144.2530059814453,Australia/Brisbane
RAM,Ramingining Airport,Ramingining,Australia,-12.356399536132812,134.8979949951172,Australia/Darwin
RMA,Roma Airport,Roma,Australia,-26.545000076300003,148.774993896,Australia/Brisbane
SGO,St George Airport,St George,Australia,-28.049699783325195,148.59500122070312,Australia/Brisbane
MJK,Shark Bay Airport,Shark Bay,Australia,-25.8938999176,113.577003479,Australia/Perth
SBR,Saibai Island Airport,Saibai Island,Australia,-9.378330230710002,142.625,Australia/Brisbane
SRN,Strahan Airport,Strahan,Australia,-42.154998779296875,145.29200744628906,Australia/Melbourne
XTG,Thargomindah Airport,Thargomindah,Australia,-27.986400604248047,143.81100463867188,Australia/Brisbane
TCA,Tennant Creek Airport,Tennant Creek,Australia,-19.6343994140625,134.18299865722656,Australia/Darwin
VCD,Victoria River Downs Airport,Victoria River Downs,Australia,-16.402124404907227,131.00497436523438,Australia/Darwin
SYU,Warraber Island Airport,Sue Islet,Australia,-10.20829963684082,142.8249969482422,Australia/Brisbane
WNR,Windorah Airport,Windorah,Australia,-25.41309928894043,142.66700744628906,Australia/Brisbane
WYA,Whyalla Airport,Whyalla,Australia,-33.05889892578125,137.51400756835938,Australia/Adelaide
WUN,Wiluna Airport,Wiluna,Australia,-26.629199981689453,120.22100067138672,Australia/Perth
WOL,Wollongong Airport,Wollongong,Australia,-34.561100006103516,150.78900146484375,Australia/Sydney
WIN,Winton Airport,Winton,Australia,-22.36359977722168,143.08599853515625,Australia/Brisbane
BWT,Wynyard Airport,Burnie,Australia,-40.9989013671875,145.7310028076172,Australia/Melbourne
OKR,Yorke Island Airport,Yorke Island,Australia,-9.752801,143.405673,Australia/Brisbane
XMY,Yam Island Airport,Yam Island,Australia,-9.90110969543457,142.7760009765625,Australia/Brisbane
NAY,Beijing Nanyuan Airport,Beijing,China,39.782798767089844,116.38800048828125,Asia/Shanghai
CIF,Chifeng Airport,Chifeng,China,42.23500061035156,118.90799713134766,Asia/Shanghai
CIH,Changzhi Airport,Changzhi,China,36.247501,113.125999,Asia/Shanghai
DAT,Datong Airport,Datong,China,40.060299,113.482002,Asia/Shanghai
HET,Baita International Airport,Hohhot,China,40.851398,111.823997,Asia/Shanghai
BAV,Baotou Airport,Baotou,China,40.560001373291016,109.99700164794922,Asia/Shanghai
SJW,Shijiazhuang Daguocun International Airport,Shijiazhuang,China,38.28070068359375,114.6969985961914,Asia/Shanghai
TGO,Tongliao Airport,Tongliao,China,43.556702,122.199997,Asia/Shanghai
HLH,Ulanhot Airport,Ulanhot,China,46.195333,122.008333,Asia/Shanghai
XIL,Xilinhot Airport,Xilinhot,China,43.91559982299805,115.96399688720703,Asia/Shanghai
BHY,Beihai Airport,Beihai,China,21.5394,109.293999,Asia/Shanghai
CGD,Changde Airport,Changde,China,28.9188995361,111.63999939,Asia/Shanghai
DYG,Dayong Airport,Dayong,China,29.1028,110.443001,Asia/Shanghai
MXZ,Meixian Airport,Meixian,China,24.350000381469727,116.13300323486328,Asia/Shanghai
ZUH,Zhuhai Jinwan Airport,Zhuhai,China,22.006399,113.375999,Asia/Shanghai
LZH,Liuzhou Bailian Airport,Liuzhou,China,24.2075,109.390999,Asia/Shanghai
ZHA,Zhanjiang Airport,Zhanjiang,China,21.214399,110.358002,Asia/Shanghai
ENH,Enshi Airport,Enshi,China,30.3202991486,109.48500061,Asia/Shanghai
NNY,Nanyang Jiangying Airport,Nanyang,China,32.980801,112.614998,Asia/Shanghai
XFN,Xiangyang Liuji Airport,Xiangfan,China,32.1506,112.291,Asia/Shanghai
YIH,Yichang Sanxia Airport,Yichang,China,30.55655,111.479988,Asia/Shanghai
AKA,Ankang Wulipu Airport,Ankang,China,32.708099,108.931,Asia/Shanghai
GOQ,Golmud Airport,Golmud,China,36.4006,94.786102,Asia/Shanghai
HZG,Hanzhong Chenggu Airport,Hanzhong,China,33.134136,107.206014,Asia/Shanghai
IQN,Qingyang Airport,Qingyang,China,35.799702,107.602997,Asia/Shanghai
XNN,Xining Caojiabu Airport,Xining,China,36.5275,102.042999,Asia/Shanghai
ENY,Yan'an Ershilipu Airport,Yan'an,China,36.636902,109.554001,Asia/Shanghai
UYN,Yulin Yuyang Airport,Yulin,China,38.35971,109.590927,Asia/Shanghai
AVK,Arvaikheer Airport,Arvaikheer,Mongolia,46.250301361083984,102.802001953125,Asia/Ulaanbaatar
LTI,Altai Airport,Altai,Mongolia,46.376399993896484,96.22109985351562,Asia/Ulaanbaatar
BYN,Bayankhongor Airport,Bayankhongor,Mongolia,46.163299560546875,100.7040023803711,Asia/Ulaanbaatar
DLZ,Dalanzadgad Airport,Dalanzadgad,Mongolia,43.59170150756836,104.43000030517578,Asia/Ulaanbaatar
HVD,Khovd Airport,Khovd,Mongolia,47.9541015625,91.6281967163086,Asia/Hovd
MXV,Mörön Airport,Muren,Mongolia,49.663299560546875,100.0989990234375,Asia/Ulaanbaatar
DIG,Diqing Airport,Shangri-La,China,27.7936,99.6772,Asia/Shanghai
LUM,Mangshi Airport,Luxi,China,24.4011,98.5317,Asia/Shanghai
SYM,Pu'er Simao Airport,Simao,China,22.793301,100.959,Asia/Shanghai
ZAT,Zhaotong Airport,Zhaotong,China,27.325599670410156,103.75499725341797,Asia/Shanghai
KOW,Ganzhou Airport,Ganzhou,China,25.853333,114.778889,Asia/Shanghai
JDZ,Jingdezhen Airport,Jingdezhen,China,29.3386001587,117.176002502,Asia/Shanghai
JIU,Jiujiang Lushan Airport,Jiujiang,China,29.476944,115.801111,Asia/Shanghai
JUZ,Quzhou Airport,Quzhou,China,28.965799,118.899002,Asia/Shanghai
LYG,Lianyungang Airport,Lianyungang,China,34.571667,118.873611,Asia/Shanghai
HYN,Huangyan Luqiao Airport,Huangyan,China,28.56220054626465,121.42900085449219,Asia/Shanghai
LYI,Shubuling Airport,Linyi,China,35.04610061645508,118.41200256347656,Asia/Shanghai
JJN,Quanzhou Jinjiang International Airport,Quanzhou,China,24.7964,118.589996,Asia/Shanghai
TXN,Tunxi International Airport,Huangshan,China,29.733299255371094,118.25599670410156,Asia/Shanghai
WEF,Weifang Airport,Weifang,China,36.646702,119.119003,Asia/Shanghai
WEH,Weihai Airport,Weihai,China,37.18709945678711,122.22899627685547,Asia/Shanghai
WUX,Sunan Shuofang International Airport,Wuxi,China,31.494400024399997,120.429000854,Asia/Shanghai
WUS,Nanping Wuyishan Airport,Wuyishan,China,27.7019,118.000999,Asia/Shanghai
WNZ,Wenzhou Longwan International Airport,Wenzhou,China,27.912201,120.851997,Asia/Shanghai
YNZ,Yancheng Airport,Yancheng,China,33.425833,120.203056,Asia/Shanghai
YIW,Yiwu Airport,Yiwu,China,29.3446998596,120.031997681,Asia/Shanghai
HSN,Zhoushan Airport,Zhoushan,China,29.9342002869,122.361999512,Asia/Shanghai
BPX,Qamdo Bangda Airport,Bangda,China,30.553600311279297,97.1082992553711,Asia/Shanghai
DAX,Dachuan Airport,Dazhou,China,31.1302,107.4295,Asia/Shanghai
GYS,Guangyuan Airport,Guangyuan,China,32.3911018371582,105.7020034790039,Asia/Shanghai
LZO,Luzhou Airport,Luzhou,China,28.85219955444336,105.39299774169922,Asia/Shanghai
MIG,Mianyang Airport,Mianyang,China,31.4281005859375,104.74099731445312,Asia/Shanghai
NAO,Nanchong Airport,Nanchong,China,30.79545,106.1626,Asia/Shanghai
LZY,Nyingchi Airport,Nyingchi,China,29.303300857543945,94.33529663085938,Asia/Shanghai
WXN,Wanxian Airport,Wanxian,China,30.8017,108.433,Asia/Shanghai
AKU,Aksu Airport,Aksu,China,41.262501,80.291702,Asia/Shanghai
IQM,Qiemo Yudu Airport,Qiemo,China,38.233611,85.465556,Asia/Shanghai
KCA,Kuqa Airport,Kuqa,China,41.677856,82.872917,Asia/Shanghai
KRL,Korla Airport,Korla,China,41.69779968261719,86.12889862060547,Asia/Shanghai
KRY,Karamay Airport,Karamay,China,45.46655,84.9527,Asia/Shanghai
YIN,Yining Airport,Yining,China,43.955799,81.330299,Asia/Shanghai
HEK,Heihe Airport,Heihe,China,50.1716209371,127.308883667,Asia/Shanghai
JMU,Jiamusi Airport,Jiamusi,China,46.84339904789999,130.464996338,Asia/Shanghai
JNZ,Jinzhou Airport,Jinzhou,China,41.10139846801758,121.06199645996094,Asia/Shanghai
NDG,Qiqihar Sanjiazi Airport,Qiqihar,China,47.239601135253906,123.91799926757812,Asia/Shanghai
YNJ,Yanji Chaoyangchuan Airport,Yanji,China,42.8828010559,129.451004028,Asia/Shanghai
WKL,Waikoloa Heliport,Waikoloa Village,United States,19.9205,-155.8607,Pacific/Honolulu
WME,Mount Keith Airport,Mount Keith,Australia,-27.286399841308594,120.55500030517578,Australia/Perth
LRV,Los Roques Airport,Los Roques,Venezuela,11.9499998093,-66.66999816890001,America/Caracas
IOR,Inishmore Aerodrome,Inis Mor,Ireland,53.1067008972168,-9.653610229492188,Europe/Dublin
NNR,Connemara Regional Airport,Indreabhan,Ireland,53.23030090332031,-9.467780113220215,Europe/Dublin
GTI,Rügen Airport,Ruegen,Germany,54.3833312988,13.3255558014,Europe/Berlin
EZV,Berezovo Airport,Berezovo,Russia,63.92100143432617,65.03050231933594,Asia/Yekaterinburg
ORH,Worcester Regional Airport,Worcester,United States,42.26729965209961,-71.87570190429688,America/New_York
AQG,Anqing Tianzhushan Airport,Anqing,China,30.582199,117.050003,Asia/Shanghai
SHP,Shanhaiguan Airport,Qinhuangdao,China,39.968102,119.731003,Asia/Shanghai
YCU,Yuncheng Guangong Airport,Yuncheng,China,35.116391,111.031388889,Asia/Shanghai
JGN,Jiayuguan Airport,Jiayuguan,China,39.856899,98.3414,Asia/Shanghai
DDG,Dandong Airport,Dandong,China,40.0247,124.286003,Asia/Shanghai
DSN,Ordos Ejin Horo Airport,Dongsheng,China,39.49,109.861388889,Asia/Shanghai
PZI,Bao'anying Airport,Panzhihua,China,26.54,101.79852,Asia/Shanghai
PWT,Bremerton National Airport,Bremerton,United States,47.490200042725,-122.76499938965,America/Los_Angeles
SPW,Spencer Municipal Airport,Spencer,United States,43.165500640869,-95.202796936035,America/Chicago
JEF,Jefferson City Memorial Airport,Jefferson City,United States,38.5912017822,-92.15609741210001,America/Chicago
UNT,Unst Airport,Unst,United Kingdom,60.74720001220703,-0.8538500070571899,Europe/London
PVC,Provincetown Municipal Airport,Provincetown,United States,42.0718994141,-70.2213973999,America/New_York
SBH,Gustaf III Airport,Gustavia,France,17.904399871826172,-62.84360122680664,
KMW,Kostroma Sokerkino Airport,Kostroma,Russia,57.7969017029,41.019401550299996,Europe/Moscow
SUI,Sukhumi Dranda Airport,Sukhumi,Georgia,42.8582000732,41.128101348899996,Asia/Tbilisi
TBW,Donskoye Airport,Tambow,Russia,52.806098937988,41.482799530029,Europe/Moscow
OBN,Oban Airport,North Connel,United Kingdom,56.4635009765625,-5.399670124053955,Europe/London
ERM,Erechim Airport,Erechim,Brazil,-27.66189956665039,-52.2682991027832,America/Sao_Paulo
CVF,Courchevel Airport,Courcheval,France,45.39670181274414,6.6347198486328125,Europe/Paris
FUL,Fullerton Municipal Airport,Fullerton,United States,33.8720016479,-117.980003357,America/Los_Angeles
USA,Concord-Padgett Regional Airport,Concord,United States,35.387798,-80.709099,America/New_York
NVI,Navoi Airport,Navoi,Uzbekistan,40.1171989440918,65.1707992553711,Asia/Samarkand
QSF,Ain Arnat Airport,Setif,Algeria,36.178100585900005,5.3244900703399995,Africa/Algiers
LRH,La Rochelle-Île de Ré Airport,La Rochelle,France,46.17919921875,-1.1952799558639526,Europe/Paris
SUN,Friedman Memorial Airport,Hailey,United States,43.50439835,-114.2959976,America/Denver
MCW,Mason City Municipal Airport,Mason City,United States,43.157798767100005,-93.3312988281,America/Chicago
AZA,Phoenix-Mesa-Gateway Airport,Mesa,United States,33.30780029,-111.6549988,America/Phoenix
XAU,Saúl Airport,Saul,French Guiana,3.61361,-53.204201,America/Cayenne
AKP,Anaktuvuk Pass Airport,Anaktuvuk Pass,United States,68.13359833,-151.7429962,America/Anchorage
ANV,Anvik Airport,Anvik,United States,62.646702,-160.190994,America/Anchorage
ATK,Atqasuk Edward Burnell Sr Memorial Airport,Atqasuk,United States,70.46730041503906,-157.43600463867188,America/Anchorage
GAM,Gambell Airport,Gambell,United States,63.76679992675781,-171.73300170898438,America/Anchorage
HPB,Hooper Bay Airport,Hooper Bay,United States,61.52389908,-166.1470032,America/Anchorage
KAL,Kaltag Airport,Kaltag,United States,64.31909943,-158.7409973,America/Anchorage
KSM,St Mary's Airport,St Mary's,United States,62.0605011,-163.302002,America/Anchorage
KVL,Kivalina Airport,Kivalina,United States,67.73619842529297,-164.56300354003906,America/Anchorage
MYU,Mekoryuk Airport,Mekoryuk,United States,60.37139892578125,-166.27099609375,America/Anchorage
RBY,Ruby Airport,Ruby,United States,64.72720337,-155.4700012,America/Anchorage
SHH,Shishmaref Airport,Shishmaref,United States,66.249604,-166.089112,America/Anchorage
SVA,Savoonga Airport,Savoonga,United States,63.6864013671875,-170.4929962158203,America/Anchorage
WTK,Noatak Airport,Noatak,United States,67.56610107421875,-162.97500610351562,America/Anchorage
OMC,Ormoc Airport,Ormoc City,Philippines,11.057999610900879,124.56500244140625,Asia/Manila
YPX,Puvirnituq Airport,Puvirnituq,Canada,60.05059814453125,-77.28690338134766,America/Toronto
YTQ,Tasiujaq Airport,Tasiujaq,Canada,58.66780090332031,-69.95580291748047,America/Toronto
ARC,Arctic Village Airport,Arctic Village,United States,68.1147,-145.578995,America/Anchorage
QOW,Sam Mbakwe International Airport,Imo,Nigeria,5.427060127258301,7.206029891967773,Africa/Lagos
FON,Arenal Airport,La Fortuna/San Carlos,Costa Rica,10.478,-84.634499,America/Costa_Rica
TMU,Tambor Airport,Nicoya,Costa Rica,9.73852,-85.013802,America/Costa_Rica
CYZ,Cauayan Airport,Cauayan,Philippines,16.9298992157,121.752998352,Asia/Manila
KVK,Kirovsk-Apatity Airport,Apatity,Russia,67.46330261230469,33.58829879760742,Europe/Moscow
GVR,Coronel Altino Machado de Oliveira Airport,Governador Valadares,Brazil,-18.89520072937,-41.982200622559,America/Sao_Paulo
KPC,Port Clarence Coast Guard Station,Port Clarence,United States,65.2537002563,-166.85899353,America/Anchorage
PJA,Pajala Airport,Pajala,Sweden,67.24559783935547,23.068899154663086,Europe/Stockholm
QBC,Bella Coola Airport,Bella Coola,Canada,52.387501,-126.596001,America/Vancouver
HGR,Hagerstown Regional Richard A Henson Field,Hagerstown,United States,39.707901,-77.72949982,America/New_York
ACR,Araracuara Airport,Araracuara,Colombia,-0.5833,-72.4083,America/Bogota
GOP,Gorakhpur Airport,Gorakhpur,India,26.739700317399997,83.4496994019,Asia/Calcutta
SDP,Sand Point Airport,Sand Point,United States,55.314998626708984,-160.5229949951172,America/Anchorage
HMI,Hami Airport,Hami,China,42.8414,93.669197,Asia/Shanghai
WUZ,Wuzhou Changzhoudao Airport,Wuzhou,China,23.456699,111.248001,Asia/Shanghai
TBH,Tugdan Airport,Romblon,Philippines,12.3109998703,122.084999084,Asia/Manila
ACP,Sahand Airport,Maragheh,Iran,37.347999572753906,46.127899169921875,Asia/Tehran
GBT,Gorgan Airport,Gorgan,Iran,36.909400939899996,54.4012985229,Asia/Tehran
IIL,Ilam Airport,Ilam,Iran,33.58660125732422,46.40480041503906,Asia/Tehran
PFQ,Parsabade Moghan Airport,Parsabad,Iran,39.60359954834,47.881500244141,Asia/Tehran
TCG,Tacheng Airport,Tacheng,China,46.67250061035156,83.3407974243164,Asia/Shanghai
MQM,Mardin Airport,Mardin,Turkey,37.223300933800004,40.6316986084,Europe/Istanbul
AFS,Sugraly Airport,Zarafshan,Uzbekistan,41.61389923095703,64.23320007324219,Asia/Samarkand
DRG,Deering Airport,Deering,United States,66.0696029663,-162.76600647,America/Anchorage
LEN,Leon Airport,Leon,Spain,42.5890007019043,-5.65556001663208,Europe/Madrid
RGS,Burgos Airport,Burgos,Spain,42.357601,-3.62076,Europe/Madrid
EGM,Sege Airport,Sege,Solomon Islands,-8.578889846801758,157.87600708007812,Pacific/Guadalcanal
CQD,Shahrekord Airport,Shahre Kord,Iran,32.2971992493,50.842201232899995,Asia/Tehran
DHM,Kangra Airport,Kangra,India,32.16510009765625,76.26339721679688,Asia/Calcutta
NDC,Nanded Airport,Nanded,India,19.1833000183,77.31670379639999,Asia/Calcutta
SLV,Shimla Airport,Shimla,India,31.0818,77.068001,Asia/Calcutta
IGG,Igiugig Airport,Igiugig,United States,59.32400131225586,-155.90199279785156,America/Anchorage
KNW,New Stuyahok Airport,New Stuyahok,United States,59.4499015808,-157.32800293,America/Anchorage
KVC,King Cove Airport,King Cove,United States,55.11629867553711,-162.26600646972656,America/Anchorage
PTH,Port Heiden Airport,Port Heiden,United States,56.95909881591797,-158.63299560546875,America/Anchorage
TOG,Togiak Airport,Togiak Village,United States,59.052799224853516,-160.39700317382812,America/Anchorage
EGN,Geneina Airport,Geneina,Sudan,13.48169994354248,22.467199325561523,Africa/Khartoum
LKH,Long Akah Airport,Long Akah,Malaysia,3.299999952316284,114.78299713134766,Asia/Kuala_Lumpur
WLH,Walaha Airport,Walaha,Vanuatu,-15.411999702500001,167.690994263,Pacific/Efate
CHG,Chaoyang Airport,Chaoyang,China,41.538101,120.434998,Asia/Shanghai
UAS,Buffalo Spring,Samburu South,Kenya,0.530583,37.534195,Africa/Nairobi
BHG,Brus Laguna Airport,Brus Laguna,Honduras,15.7631,-84.543602,America/Tegucigalpa
YVB,Bonaventure Airport,Bonaventure,Canada,48.07109832763672,-65.46029663085938,America/Toronto
SKT,Sialkot Airport,Sialkot,Pakistan,32.5355567932,74.3638916016,Asia/Karachi
PDP,Capitan Corbeta CA Curbelo International Airport,Punta del Este,Uruguay,-34.855098724365234,-55.09429931640625,America/Montevideo
WVB,Walvis Bay Airport,Walvis Bay,Namibia,-22.9799,14.6453,Africa/Windhoek
MPA,Katima Mulilo Airport,Mpacha,Namibia,-17.634399,24.176701,Africa/Windhoek
AOE,Anadolu Airport,Eskissehir,Turkey,39.809898,30.5194,Europe/Istanbul
CKZ,Çanakkale Airport,Canakkale,Turkey,40.1376991272,26.4267997742,Europe/Istanbul
MSR,Muş Airport,Mus,Turkey,38.747798919677734,41.66120147705078,Europe/Istanbul
NOP,Sinop Airport,Sinop,Turkey,42.015800476074,35.066398620605,Europe/Istanbul
TEQ,Tekirdağ Çorlu Airport,Çorlu,Turkey,41.13819885253906,27.919099807739258,Europe/Istanbul
YEI,Bursa Yenişehir Airport,Yenisehir,Turkey,40.2551994324,29.5625991821,Europe/Istanbul
LSS,Terre-de-Haut Airport,Les Saintes,Guadeloupe,15.86439991,-61.5806007385,America/Guadeloupe
KMV,Kalay Airport,Kalemyo,Myanmar,23.188800811767578,94.05110168457031,Asia/Rangoon
VQS,Vieques Airport,Vieques Island,Puerto Rico,18.115800857500002,-65.4226989746,America/Puerto_Rico
YIF,St Augustin Airport,St-Augustin,Canada,51.2117004395,-58.6582984924,America/Blanc-Sablon
HDM,Hamadan Airport,Hamadan,Iran,34.86920166015625,48.5525016784668,Asia/Tehran
MRQ,Marinduque Airport,Gasan,Philippines,13.361000061035156,121.82599639892578,Asia/Manila
GFN,Grafton Airport,Grafton,Australia,-29.7593994140625,153.02999877929688,Australia/Sydney
OAG,Orange Airport,Orange,Australia,-33.3816986084,149.132995605,Australia/Sydney
TRO,Taree Airport,Taree,Australia,-31.8885993958,152.514007568,Australia/Sydney
COQ,Choibalsan Airport,Choibalsan,Mongolia,48.13570022583008,114.64600372314453,Asia/Ulaanbaatar
HOH,Hohenems-Dornbirn Airport,Hohenems,Austria,47.3849983215,9.69999980927,Europe/Vienna
ESC,Delta County Airport,Escanaba,United States,45.7226982117,-87.0936965942,America/New_York
YAK,Yakutat Airport,Yakutat,United States,59.5032997131,-139.660003662,America/Anchorage
GUL,Goulburn Airport,Goulburn,Australia,-34.810298919677734,149.7259979248047,Australia/Sydney
CES,Cessnock Airport,Cessnock,Australia,-32.787498,151.341995,Australia/Sydney
NSO,Scone Airport,Scone,Australia,-32.037200927734375,150.83200073242188,Australia/Sydney
DGE,Mudgee Airport,Mudgee,Australia,-32.5625,149.610992432,Australia/Sydney
MTL,Maitland Airport,Maitland,Australia,-32.701265,151.492912,Australia/Sydney
CPX,Benjamin Rivera Noriega Airport,Culebra Island,Puerto Rico,18.313289,-65.304324,America/Puerto_Rico
MWA,Williamson County Regional Airport,Marion,United States,37.75500107,-89.01110077,America/Chicago
OCN,Oceanside Municipal Airport,Fraser Island,Australia,33.217300415039,-117.35399627686,America/Los_Angeles
KIK,Kirkuk Air Base,Kirkuk,Iraq,35.46950149536133,44.348899841308594,Asia/Baghdad
XJD,Al Udeid Air Base,Doha,Qatar,25.1173000336,51.3149986267,Asia/Qatar
GBZ,Great Barrier Aerodrome,Claris,New Zealand,-36.24140167236328,175.4720001220703,Pacific/Auckland
IMT,Ford Airport,Iron Mountain,United States,45.8184013367,-88.1145019531,America/Chicago
AET,Allakaket Airport,Allakaket,United States,66.5518035889,-152.621994019,America/Anchorage
MGC,Michigan City Municipal Airport,Michigan City,United States,41.703300476100004,-86.8211975098,America/Chicago
SWD,Seward Airport,Seward,United States,60.12689971923828,-149.41900634765625,America/Anchorage
GRM,Grand Marais Cook County Airport,Grand Marais,United States,47.8382987976,-90.38289642330001,America/Chicago
AUW,Wausau Downtown Airport,Wausau,United States,44.9262008667,-89.6266021729,America/Chicago
MYP,Mary Airport,Mary,Turkmenistan,37.6194,61.896702,Asia/Ashgabat
MVA,Reykjahlíð Airport,Myvatn,Iceland,65.65579986572266,-16.918100357055664,Atlantic/Reykjavik
QSA,Sabadell Airport,Sabadell,Spain,41.52090072631836,2.1050798892974854,Europe/Madrid
WSY,Whitsunday Island Airport,Airlie Beach,Australia,-20.27611,148.755,Australia/Brisbane
MIE,Delaware County Johnson Field,Muncie,United States,40.2422981262207,-85.3958969116211,America/New_York
LAF,Purdue University Airport,Lafayette,United States,40.41230010986328,-86.93689727783203,America/New_York
VGT,North Las Vegas Airport,Las Vegas,United States,36.21070098877,-115.19400024414,America/Los_Angeles
ENW,Kenosha Regional Airport,Kenosha,United States,42.59569931,-87.92780304,America/Chicago
MTJ,Montrose Regional Airport,Montrose CO,United States,38.509799957300004,-107.893997192,America/Denver
RIW,Riverton Regional Airport,Riverton WY,United States,43.064201355,-108.459999084,America/Denver
PDT,Eastern Oregon Regional At Pendleton Airport,Pendleton,United States,45.695098877,-118.841003418,America/Los_Angeles
LYM,Lympne Airport,Lympne,United Kingdom,51.08,1.013,Europe/London
PKH,Porto Cheli Airport,Porto Heli,Greece,37.297501,23.1478,Europe/Athens
KTR,Tindal Airport,Katherine,Australia,-14.521100044250488,132.3780059814453,Australia/Darwin
NOA,Nowra Airport,Nowra,Australia,-34.94889831542969,150.53700256347656,Australia/Sydney
UCK,Lutsk Airport,Lutsk,Ukraine,50.678404,25.487165,Europe/Kiev
CEJ,Chernihiv Shestovitsa Airport,Chernigov,Ukraine,51.4021987915,31.1583003998,Europe/Kiev
BQT,Brest Airport,Brest,Belarus,52.108299,23.8981,Europe/Minsk
OSH,Wittman Regional Airport,Oshkosh,United States,43.98440170288086,-88.55699920654297,America/Chicago
AGE,Wangerooge Airport,Wangerooge,Germany,53.782779693603516,7.913888931274414,Europe/Berlin
BXG,Bendigo Airport,Bendigo,Australia,-36.7393989563,144.330001831,Australia/Hobart
EAT,Pangborn Memorial Airport,Wenatchee,United States,47.3988990784,-120.207000732,America/Los_Angeles
ARE,Antonio Nery Juarbe Pol Airport,Arecibo,Puerto Rico,18.4500007629,-66.6753005981,America/Puerto_Rico
RIN,Ringi Cove Airport,Ringi Cove,Solomon Islands,-8.12639045715332,157.14300537109375,Pacific/Guadalcanal
KCK,Kirensk Airport,Kirensk,Russia,57.773,108.064,Asia/Irkutsk
UKX,Ust-Kut Airport,Ust-Kut,Russia,56.8567008972168,105.7300033569336,Asia/Irkutsk
RMT,Rimatara Airport,Rimatara,French Polynesia,-22.63725,-152.8059,
QLS,Lausanne-Blécherette Airport,Lausanne,Switzerland,46.54529953,6.61667013168,Europe/Zurich
ZJI,Locarno Airport,Locarno,Switzerland,46.160800933800004,8.87860965729,Europe/Zurich
QNC,Neuchatel Airport,Neuchatel,Switzerland,46.9575004578,6.86471986771,Europe/Zurich
TGK,Taganrog Yuzhny Airport,Taganrog,Russia,47.1983333,38.8491667,Europe/Moscow
GDZ,Gelendzhik Airport,Gelendzhik,Russia,44.5820926295,38.0124807358,Europe/Moscow
ZIA,Zhukovsky International Airport,Ramenskoe,Russia,55.553299,38.150002,Europe/Moscow
IAR,Tunoshna Airport,Yaroslavl,Russia,57.560699462890625,40.15739822387695,Europe/Moscow
OHE,Gu-Lian Airport,Mohe County,China,52.912777777799995,122.43,Asia/Shanghai
JNG,Jining Qufu Airport,Jining,China,35.292778,116.346667,Asia/Shanghai
DRK,Drake Bay Airport,Puntarenas,Costa Rica,8.71889019012,-83.6417007446,America/Costa_Rica
AAT,Altay Air Base,Altay,China,47.7498855591,88.08580780030002,Asia/Shanghai
TZL,Tuzla International Airport,Null,Bosnia and Herzegovina,44.45869827270508,18.72480010986328,Europe/Sarajevo
FWH,NAS Fort Worth JRB/Carswell Field,Dallas,United States,32.76919937,-97.4414978,America/Chicago
NYT,Naypyidaw Airport,Naypyidaw,Burma,19.623501,96.200996,Asia/Rangoon
VBP,Bokpyinn Airport,Bokepyin,Burma,11.1494,98.735901,Asia/Rangoon
NZH,Manzhouli Xijiao Airport,Manzhouli,China,49.566667,117.33,Asia/Shanghai
WUA,Wuhai Airport,Wuhai,China,39.7934,106.7993,Asia/Shanghai
GYY,Gary Chicago International Airport,Gary,United States,41.61629867553711,-87.41280364990234,America/Chicago
BRD,Brainerd Lakes Regional Airport,Brainerd,United States,46.39830017,-94.13809967,America/Chicago
LWB,Greenbrier Valley Airport,Lewisburg,United States,37.8582992554,-80.3994979858,America/New_York
PGV,Pitt Greenville Airport,Greenville,United States,35.6352005,-77.38529968,America/New_York
CYF,Chefornak Airport,Chefornak,United States,60.1492004395,-164.285995483,America/Anchorage
OXR,Oxnard Airport,Oxnard,United States,34.200801849365,-119.20700073242,America/Los_Angeles
BKG,Branson Airport,Branson,United States,36.532082,-93.200544,America/Chicago
TEN,Tongren Fenghuang Airport,Tongren,China,27.883333,109.308889,Asia/Shanghai
JGS,Jinggangshan Airport,Jian,China,26.856899261499997,114.736999512,Asia/Shanghai
NIU,Naiu Airport,Niau,French Polynesia,-16.1191,-146.3683,Pacific/Tahiti
SCH,Schenectady County Airport,Scotia NY,United States,42.852500915527,-73.928901672363,America/New_York
NBC,Begishevo Airport,Nizhnekamsk,Russia,55.564701080322266,52.092498779296875,Europe/Moscow
QRW,Warri Airport,Osubi,Nigeria,5.59611,5.81778,Africa/Lagos
IAO,Siargao Airport,Siargao,Philippines,9.8591,126.014,Asia/Manila
LGO,Langeoog Airport,Langeoog,Germany,53.74250030517578,7.497777938842773,Europe/Berlin
NLP,Nelspruit Airport,Nelspruit,South Africa,-25.5,30.9137992859,Africa/Johannesburg
CKC,Cherkasy International Airport,Cherkassy,Ukraine,49.41559982299805,31.99530029296875,Europe/Kiev
UST,Northeast Florida Regional Airport,St. Augustine Airport,United States,29.9592,-81.339798,America/New_York
NLV,Mykolaiv International Airport,Nikolayev,Ukraine,47.057899475097656,31.9197998046875,Europe/Kiev
RHP,Ramechhap Airport,Ramechhap,Nepal,27.393999099731445,86.0614013671875,Asia/Katmandu
STS,Charles M. Schulz Sonoma County Airport,Santa Rosa,United States,38.50899887,-122.8130035,America/Los_Angeles
ISM,Kissimmee Gateway Airport,Kissimmee,United States,28.2898006439,-81.4371032715,America/New_York
LCQ,Lake City Gateway Airport,Lake City,United States,30.1819992065,-82.57689666750001,America/New_York
LGU,Logan-Cache Airport,Logan,United States,41.7911987305,-111.851997375,America/Denver
BMC,Brigham City Regional Airport,Brigham City,United States,41.552399,-112.061996,America/Denver
ASE,Aspen-Pitkin Co/Sardy Field,Aspen,United States,39.22320175,-106.8690033,America/Denver
ULV,Ulyanovsk Baratayevka Airport,Ulyanovsk,Russia,54.26829910279999,48.226699829100006,Europe/Samara
ERV,Kerrville Municipal Louis Schreiner Field,Kerrville,United States,29.9766998291,-99.08570098879999,America/Chicago
GED,Sussex County Airport,Georgetown,United States,38.68920135,-75.35890198,America/New_York
ZSW,Prince Rupert/Seal Cove Seaplane Base,Prince Rupert,Canada,54.33330154418945,-130.2830047607422,America/Vancouver
GBD,Great Bend Municipal Airport,Great Bend,United States,38.3442993164,-98.8591995239,America/Chicago
HYS,Hays Regional Airport,Hays,United States,38.84220123,-99.27320099,America/Chicago
SUS,Spirit of St Louis Airport,Null,United States,38.662101745605,-90.652000427246,America/Chicago
LYU,Ely Municipal Airport,Ely,United States,47.82450104,-91.83070374,America/Chicago
GPZ,Grand Rapids Itasca Co-Gordon Newstrom field,Grand Rapids MN,United States,47.21110153,-93.50980377,America/Chicago
TVF,Thief River Falls Regional Airport,Thief River Falls,United States,48.06570053,-96.18499756,America/Chicago
EGV,Eagle River Union Airport,Eagle River,United States,45.932300567599995,-89.26830291750001,America/Chicago
ARV,Lakeland-Noble F. Lee Memorial field,Minocqua - Woodruff,United States,45.92789841,-89.73090363,America/Chicago
YBV,Berens River Airport,Berens River,Canada,52.358898,-97.018303,America/Winnipeg
AVX,Catalina Airport,Catalina Island,United States,33.4049,-118.416,America/Los_Angeles
MHV,Mojave Airport,Mojave,United States,35.05939865,-118.1520004,America/Los_Angeles
ZIN,Interlaken Air Base,Interlaken,Switzerland,46.6766014,7.8790798,Europe/Zurich
INQ,Inisheer Aerodrome,Inisheer,Ireland,53.064701080322266,-9.510899543762207,Europe/Dublin
SWT,Strezhevoy Airport,Strezhevoy,Russia,60.709400177,77.66000366210001,Asia/Krasnoyarsk
HUT,Hutchinson Municipal Airport,Hutchinson,United States,38.0654983521,-97.86060333250002,America/Chicago
OAI,Bagram Air Base,Kabul,Afghanistan,34.9460983276,69.26499938959999,Asia/Kabul
AKH,Prince Sultan Air Base,Al Kharj,Saudi Arabia,24.062700271606445,47.580501556396484,Asia/Riyadh
STJ,Rosecrans Memorial Airport,Rosecrans,United States,39.771900177002,-94.909698486328,America/Chicago
VOK,Volk Field,Camp Douglas,United States,43.938999176025,-90.253402709961,America/Chicago
GUC,Gunnison Crested Butte Regional Airport,Gunnison,United States,38.53390121,-106.9329987,America/Denver
SIA,Xi'an Xiguan Airport,Xi\'AN,China,34.376701,109.120003,Asia/Shanghai
TOA,Zamperini Field,Torrance,United States,33.803398132324,-118.33999633789,America/Los_Angeles
MBL,Manistee Co Blacker Airport,Manistee,United States,44.2723999,-86.24690247,America/New_York
PGD,Charlotte County Airport,Punta Gorda,United States,26.92020035,-81.9905014,America/New_York
WFK,Northern Aroostook Regional Airport,Frenchville,United States,47.2854995728,-68.31279754639999,America/New_York
JHW,Chautauqua County-Jamestown Airport,Jamestown,United States,42.15340042,-79.25800323,America/New_York
YTM,La Macaza / Mont-Tremblant International Inc Airport,Mont-Tremblant,Canada,46.409400939899996,-74.7799987793,America/Toronto
SME,Lake Cumberland Regional Airport,Somerset,United States,37.053398132299996,-84.6158981323,America/New_York
SHD,Shenandoah Valley Regional Airport,Weyers Cave,United States,38.2638015747,-78.8964004517,America/New_York
DVL,Devils Lake Regional Airport,Devils Lake,United States,48.11420059,-98.90879822,America/Chicago
DIK,Dickinson Theodore Roosevelt Regional Airport,Dickinson,United States,46.7974014282,-102.802001953,America/Denver
SDY,Sidney - Richland Regional Airport,Sidney,United States,47.706902,-104.193001,America/Denver
CDR,Chadron Municipal Airport,Chadron,United States,42.837600708,-103.095001221,America/Denver
AIA,Alliance Municipal Airport,Alliance,United States,42.0531997681,-102.804000854,America/Denver
MCK,Mc Cook Ben Nelson Regional Airport,McCook,United States,40.20629883,-100.5920029,America/Chicago
MTH,The Florida Keys Marathon Airport,Marathon,United States,24.726101,-81.051399,America/New_York
GDV,Dawson Community Airport,Glendive,United States,47.13869858,-104.8069992,America/Denver
OLF,L M Clayton Airport,Wolf Point,United States,48.094501495399996,-105.574996948,America/Denver
WYS,Yellowstone Airport,West Yellowstone,United States,44.68840027,-111.1179962,America/Denver
ALS,San Luis Valley Regional Bergman Field,Alamosa,United States,37.434898,-105.866997,America/Denver
CNY,Canyonlands Field,Moab,United States,38.75500107,-109.7549973,America/Denver
ELY,Ely Airport Yelland Field,Ely,United States,39.29970169,-114.8420029,America/Los_Angeles
VEL,Vernal Regional Airport,Vernal,United States,40.4408989,-109.5100021,America/Denver
RUI,Sierra Blanca Regional Airport,Ruidoso,United States,33.462799072266,-105.53500366211,America/Denver
SOW,Show Low Regional Airport,Show Low,United States,34.265499115,-110.005996704,America/Phoenix
MYL,McCall Municipal Airport,McCall,United States,44.88970184,-116.1009979,America/Denver
SMN,Lemhi County Airport,Salmon,United States,45.1237983704,-113.880996704,America/Denver
MMH,Mammoth Yosemite Airport,Mammoth Lakes,United States,37.62409973,-118.8379974,America/Los_Angeles
FRD,Friday Harbor Airport,Friday Harbor,United States,48.5219993591,-123.024002075,America/Los_Angeles
ESD,Orcas Island Airport,Eastsound,United States,48.7081985474,-122.910003662,America/Los_Angeles
AST,Astoria Regional Airport,Astoria,United States,46.158000946,-123.878997803,America/Los_Angeles
ONP,Newport Municipal Airport,Newport,United States,44.580399,-124.057999,America/Los_Angeles
EMK,Emmonak Airport,Emmonak,United States,62.78609848,-164.4909973,America/Anchorage
UNK,Unalakleet Airport,Unalakleet,United States,63.88840103,-160.798996,America/Anchorage
UUK,Ugnu-Kuparuk Airport,Kuparuk,United States,70.33080291750001,-149.598007202,America/Anchorage
SHX,Shageluk Airport,Shageluk,United States,62.6922988892,-159.569000244,America/Anchorage
CHU,Chuathbaluk Airport,Chuathbaluk,United States,61.579102,-159.216003,America/Anchorage
NUI,Nuiqsut Airport,Nuiqsut,United States,70.2099990845,-151.005996704,America/Anchorage
EEK,Eek Airport,Eek,United States,60.21367264,-162.0438843,America/Anchorage
KUK,Kasigluk Airport,Kasigluk,United States,60.87440109,-162.5240021,America/Anchorage
KWT,Kwethluk Airport,Kwethluk,United States,60.790298461899994,-161.444000244,America/Anchorage
KWK,Kwigillingok Airport,Kwigillingok,United States,59.876499,-163.169005,America/Anchorage
MLL,Marshall Don Hunter Sr Airport,Marshall,United States,61.8642997742,-162.026000977,America/Anchorage
RSH,Russian Mission Airport,Russian Mission,United States,61.7788848877,-161.319458008,America/Anchorage
KGK,Koliganek Airport,Koliganek,United States,59.726600647,-157.259002686,America/Anchorage
KMO,Manokotak Airport,Manokotak,United States,58.990200042699996,-159.050003052,America/Anchorage
CIK,Chalkyitsik Airport,Chalkyitsik,United States,66.6449966431,-143.740005493,America/Anchorage
EAA,Eagle Airport,Eagle,United States,64.77639771,-141.151001,America/Anchorage
HUS,Hughes Airport,Hughes,United States,66.04109955,-154.2630005,America/Anchorage
HSL,Huslia Airport,Huslia,United States,65.69789886,-156.3509979,America/Anchorage
NUL,Nulato Airport,Nulato,United States,64.729301,-158.074005,America/Anchorage
VEE,Venetie Airport,Venetie,United States,67.0086975098,-146.365997314,America/Anchorage
WBQ,Beaver Airport,Beaver,United States,66.362197876,-147.406997681,America/Anchorage
CEM,Central Airport,Central,United States,65.57379913,-144.7830048,America/Anchorage
SHG,Shungnak Airport,Shungnak,United States,66.88809967041,-157.16200256348,America/Anchorage
IYK,Inyokern Airport,Inyokern,United States,35.65879822,-117.8300018,America/Los_Angeles
VIS,Visalia Municipal Airport,Visalia,United States,36.3186988831,-119.392997742,America/Los_Angeles
MCE,Merced Regional Macready Field,Merced,United States,37.28469849,-120.5139999,America/Los_Angeles
CYR,Laguna de Los Patos International Airport,Colonia,Uruguay,-34.456401824951,-57.770599365234,America/Montevideo
CPQ,Amarais Airport,Campinas,Brazil,-22.85919952392578,-47.10820007324219,America/Sao_Paulo
GYR,Phoenix Goodyear Airport,Goodyear,United States,33.4225006104,-112.375999451,America/Phoenix
TWB,Toowoomba Airport,Toowoomba,Australia,-27.542801,151.916,Australia/Brisbane
BBL,Ballera Airport,Ballera,Australia,-27.405633,141.809458,Australia/Brisbane
AYK,Arkalyk North Airport,Arkalyk,Kazakhstan,50.318599700927734,66.95279693603516,Asia/Qyzylorda
AGN,Angoon Seaplane Base,Angoon,United States,57.503601,-134.585007,America/Anchorage
ELV,Elfin Cove Seaplane Base,Elfin Cove,United States,58.195201873799995,-136.347000122,America/Anchorage
FNR,Funter Bay Seaplane Base,Funter Bay,United States,58.2543983459,-134.897994995,America/Anchorage
HNH,Hoonah Airport,Hoonah,United States,58.0961,-135.410111,America/Anchorage
MTM,Metlakatla Seaplane Base,Metakatla,United States,55.131001,-131.578003,America/Anchorage
HYG,Hydaburg Seaplane Base,Hydaburg,United States,55.206298828125,-132.8280029296875,America/Anchorage
EGX,Egegik Airport,Egegik,United States,58.1855010986,-157.375,America/Anchorage
KPV,Perryville Airport,Perryville,United States,55.905998,-159.162993,America/Anchorage
PIP,Pilot Point Airport,Pilot Point,United States,57.5803985596,-157.572006226,America/Anchorage
WSN,South Naknek Nr 2 Airport,South Naknek,United States,58.7033996582,-157.007995605,America/Anchorage
AKK,Akhiok Airport,Akhiok,United States,56.9387016296,-154.182998657,America/Anchorage
KYK,Karluk Airport,Karluk,United States,57.5671005249,-154.449996948,America/Anchorage
KLN,Larsen Bay Airport,Larsen Bay,United States,57.5350990295,-153.977996826,America/Anchorage
ABL,Ambler Airport,Ambler,United States,67.1063,-157.856989,America/Anchorage
BKC,Buckland Airport,Buckland,United States,65.9815979004,-161.149002075,America/Anchorage
IAN,Bob Baker Memorial Airport,Kiana,United States,66.9759979248,-160.43699646,America/Anchorage
OBU,Kobuk Airport,Kobuk,United States,66.9123001099,-156.897003174,America/Anchorage
ORV,Robert (Bob) Curtis Memorial Airport,Noorvik,United States,66.81790161,-161.0189972,America/Anchorage
WLK,Selawik Airport,Selawik,United States,66.60009766,-159.9859924,America/Anchorage
KTS,Brevig Mission Airport,Brevig Mission,United States,65.3312988281,-166.466003418,America/Anchorage
ELI,Elim Airport,Elim,United States,64.61470032,-162.2720032,America/Anchorage
GLV,Golovin Airport,Golovin,United States,64.5504989624,-163.007003784,America/Anchorage
TLA,Teller Airport,Teller,United States,65.2404022217,-166.339004517,America/Anchorage
WAA,Wales Airport,Wales,United States,65.622593,-168.095,America/Anchorage
WMO,White Mountain Airport,White Mountain,United States,64.689201355,-163.412994385,America/Anchorage
KKA,Koyuk Alfred Adams Airport,Koyuk,United States,64.9394989014,-161.154006958,America/Anchorage
SMK,St Michael Airport,St. Michael,United States,63.49010086,-162.1100006,America/Anchorage
SKK,Shaktoolik Airport,Shaktoolik,United States,64.37110138,-161.223999,America/Anchorage
TNC,Tin City Long Range Radar Station Airport,Tin City,United States,65.56310272,-167.9219971,America/Anchorage
AKB,Atka Airport,Atka,United States,52.22029877,-174.2059937,America/Adak
IKO,Nikolski Air Station,Nikolski,United States,52.94160079956055,-168.8489990234375,America/Anchorage
CYT,Yakataga Airport,Yakataga,United States,60.080974,-142.494541,America/Anchorage
AUK,Alakanuk Airport,Alakanuk,United States,62.680042266799994,-164.659927368,America/Anchorage
KPN,Kipnuk Airport,Kipnuk,United States,59.932998657199995,-164.031005859,America/Anchorage
KFP,False Pass Airport,False Pass,United States,54.8474006652832,-163.41000366210938,America/Anchorage
NLG,Nelson Lagoon Airport,Nelson Lagoon,United States,56.007499694824,-161.16000366211,America/Anchorage
PML,Port Moller Airport,Cold Bay,United States,56.0060005188,-160.561004639,America/Anchorage
KLW,Klawock Airport,Klawock,United States,55.579200744599994,-133.076004028,America/Anchorage
KWN,Quinhagak Airport,Quinhagak,United States,59.7551,-161.845,America/Anchorage
KOT,Kotlik Airport,Kotlik,United States,63.0306015015,-163.533004761,America/Anchorage
KYU,Koyukuk Airport,Koyukuk,United States,64.8760986328,-157.727005005,America/Anchorage
SCM,Scammon Bay Airport,Scammon Bay,United States,61.845298767100005,-165.570999146,America/Anchorage
NNL,Nondalton Airport,Nondalton,United States,59.980201721191,-154.8390045166,America/Anchorage
KKH,Kongiganak Airport,Kongiganak,United States,59.960800170899994,-162.880996704,America/Anchorage
NIB,Nikolai Airport,Nikolai,United States,63.0186,-154.358002,America/Anchorage
AKI,Akiak Airport,Akiak,United States,60.9029006958,-161.231002808,America/Anchorage
AIN,Wainwright Airport,Wainwright,United States,70.6380004883,-159.994995117,America/Anchorage
APZ,Zapala Airport,ZAPALA,Argentina,-38.975498,-70.113602,America/Argentina/Salta
RDS,Rincon De Los Sauces Airport,Rincon de los Sauces,Argentina,-37.3905982971,-68.9041976929,America/Argentina/Salta
PNT,Tte. Julio Gallardo Airport,Puerto Natales,Chile,-51.67150115966797,-72.52839660644531,America/Santiago
SGV,Sierra Grande Airport,Sierra Grande,Argentina,-41.5917015076,-65.33940124509999,America/Argentina/Salta
IGB,Cabo F.A.A. H. R. Bordón Airport,Ingeniero Jacobacci,Argentina,-41.320899963399995,-69.5748977661,America/Argentina/Salta
NCN,Chenega Bay Airport,Chenega,United States,60.0773010254,-147.992004395,America/Anchorage
TKJ,Tok Junction Airport,Tok,United States,63.32949829,-142.9539948,America/Anchorage
IRC,Circle City /New/ Airport,Circle,United States,65.830498,-144.076008,America/Anchorage
SLQ,Sleetmute Airport,Sleetmute,United States,61.7005004883,-157.166000366,America/Anchorage
LMA,Minchumina Airport,Lake Minchumina,United States,63.886002,-152.302002,America/Anchorage
MLY,Manley Hot Springs Airport,Manley Hot Springs,United States,64.99759674069999,-150.643997192,America/Anchorage
YNP,Natuashish Airport,Natuashish,Canada,55.913898,-61.184399,America/Halifax
YSO,Postville Airport,Postville,Canada,54.9105,-59.78507,America/Halifax
YWB,Kangiqsujuaq (Wakeham Bay) Airport,Kangiqsujuaq,Canada,61.5886001587,-71.929397583,America/Toronto
YTF,Alma Airport,Alma,Canada,48.50889968869999,-71.64189910889999,America/Toronto
YGV,Havre St Pierre Airport,Havre-Saint-Pierre,Canada,50.281898498535156,-63.61140060424805,America/Toronto
YXK,Rimouski Airport,Rimouski,Canada,48.47809982299805,-68.49690246582031,America/Toronto
XTL,Tadoule Lake Airport,Tadoule Lake,Canada,58.7061,-98.512199,America/Winnipeg
XLB,Lac Brochet Airport,Lac Brochet,Canada,58.6175003052,-101.46900177,America/Winnipeg
XSI,South Indian Lake Airport,South Indian Lake,Canada,56.7928009033,-98.9072036743,America/Winnipeg
YBT,Brochet Airport,Brochet,Canada,57.8894,-101.679001,America/Winnipeg
ZGR,Little Grand Rapids Airport,Little Grand Rapids,Canada,52.04560089111328,-95.4657974243164,America/Winnipeg
YCR,Cross Lake (Charlie Sinclair Memorial) Airport,Cross Lake,Canada,54.610599517822266,-97.76080322265625,America/Winnipeg
YRS,Red Sucker Lake Airport,Red Sucker Lake,Canada,54.167198181152344,-93.55719757080078,America/Winnipeg
YOP,Rainbow Lake Airport,Rainbow Lake,Canada,58.49140167236328,-119.40799713134766,America/Edmonton
YBY,Bonnyville Airport,Bonnyville,Canada,54.304199,-110.744003,America/Edmonton
ZNA,Nanaimo Harbour Water Airport,Nanaimo,Canada,49.1833000183,-123.949996948,America/Vancouver
YGG,Ganges Seaplane Base,Ganges,Canada,48.8545,-123.4969,America/Vancouver
YDT,Boundary Bay Airport,Boundary Bay,Canada,49.0742,-123.012001,America/Vancouver
YLY,Langley Airport,Langley Township,Canada,49.10079956049999,-122.630996704,America/Vancouver
YFJ,Wekweètì Airport,Wekweeti,Canada,64.190804,-114.077002,America/Edmonton
RNI,Corn Island,Corn Island,Nicaragua,12.1628999710083,-83.06379699707031,America/Managua
BZA,San Pedro Airport,Bonanza,Nicaragua,13.949999809265137,-84.5999984741211,America/Managua
RFS,Rosita Airport,Rosita,Nicaragua,13.889699935913086,-84.40889739990234,America/Managua
SIU,Siuna,Siuna,Nicaragua,13.727222442626953,-84.77777862548828,America/Managua
WSP,Waspam Airport,Waspam,Nicaragua,14.7391996383667,-83.96939849853516,America/Managua
NCR,San Carlos,San Carlos,Nicaragua,11.133399963378906,-84.7699966430664,America/Managua
PLD,Playa Samara/Carrillo Airport,Carrillo,Costa Rica,9.8705101013184,-85.481399536133,America/Costa_Rica
COZ,Constanza - Expedición 14 de Junio National Airport,Constanza,Dominican Republic,18.907499313354,-70.721900939941,America/Santo_Domingo
NEG,Negril Airport,Negril,Jamaica,18.34280014038086,-78.33209991455078,America/Jamaica
NRR,José Aponte de la Torre Airport,Ceiba,Puerto Rico,18.245300293,-65.6434020996,America/Puerto_Rico
SPB,Charlotte Amalie Harbor Seaplane Base,Charlotte Amalie,Virgin Islands,18.338600158691406,-64.9406967163086,America/St_Thomas
ARR,D. Casimiro Szlapelis Airport,Alto Rio Senguer,Argentina,-45.013599,-70.812202,America/Catamarca
JSM,Jose De San Martin Airport,Jose de San Martin,Argentina,-44.048599243199995,-70.4589004517,America/Catamarca
UYU,Uyuni Airport,Uyuni,Bolivia,-20.446300506599997,-66.8483963013,America/La_Paz
RBQ,Rurenabaque Airport,Rerrenabaque,Bolivia,-14.427900314299999,-67.4968032837,America/La_Paz
ABF,Abaiang Airport,Abaiang Atoll,Kiribati,1.798609972000122,173.04100036621094,Pacific/Tarawa
ABN,Albina Airport,Albina,Suriname,5.512720108032227,-54.05009841918945,America/Paramaribo
DRJ,Drietabbetje Airport,Drietabbetje,Suriname,4.111359,-54.672766,America/Paramaribo
MOJ,Moengo Airstrip,Moengo,Suriname,5.6076,-54.4003,America/Paramaribo
ICK,Nieuw Nickerie Airport,Nieuw Nickerie,Suriname,5.955560207366943,-57.039398193359375,America/Paramaribo
OEM,Vincent Fayks Airport,Paloemeu,Suriname,3.3452799320220947,-55.442501068115234,America/Paramaribo
SMZ,Stoelmanseiland Airport,Stoelmans Eiland,Suriname,4.349999904632568,-54.41666793823242,America/Paramaribo
TOT,Totness Airport,Totness,Suriname,5.865829944610596,-56.32749938964844,America/Paramaribo
AGI,Wageningen Airstrip,Wageningen,Suriname,5.841128,-56.673328,America/Paramaribo
ORJ,Orinduik Airport,Orinduik,Guyana,4.725269794464111,-60.03499984741211,America/Guyana
NAI,Annai Airport,Annai,Guyana,3.959439992904663,-59.12419891357422,America/Guyana
IMB,Imbaimadai Airport,Imbaimadai,Guyana,5.7081098556518555,-60.2942008972168,America/Guyana
KAR,Kamarang Airport,Kamarang,Guyana,5.865340232849121,-60.614200592041016,America/Guyana
USI,Mabaruma Airport,Mabaruma,Guyana,8.199999809265137,-59.78329849243164,America/Guyana
MHA,Mahdia Airport,Mahdia,Guyana,5.277490139007568,-59.151100158691406,America/Guyana
PJC,Dr Augusto Roberto Fuster International Airport,Pedro Juan Caballero,Paraguay,-22.639999389648438,-55.83000183105469,America/Asuncion
ACD,Alcides Fernández Airport,Acandi,Colombia,8.51667,-77.3,America/Bogota
RVE,Los Colonizadores Airport,Saravena,Colombia,6.951868,-71.857179,America/Bogota
BQJ,Batagay Airport,Batagay,Russia,67.648002624512,134.69500732422,Asia/Vladivostok
VGZ,Villa Garzón Airport,Villa Garzon,Colombia,0.978767,-76.6056,America/Bogota
EBG,El Bagre Airport,El Bagre,Colombia,7.59647,-74.8089,America/Bogota
CAQ,Juan H White Airport,Caucasia,Colombia,7.96847,-75.1985,America/Bogota
COG,Mandinga Airport,Condoto,Colombia,5.08333,-76.7,America/Bogota
TLU,Golfo de Morrosquillo Airport,Tolu,Colombia,9.50945,-75.5854,America/Bogota
CFB,Cabo Frio Airport,Cabo Frio,Brazil,-22.921699523900003,-42.074298858599995,America/Sao_Paulo
OPS,Presidente João Batista Figueiredo Airport,Sinop,Brazil,-11.885000228881836,-55.58610916137695,America/Campo_Grande
GRP,Gurupi Airport,Gurupi,Brazil,-11.73960018157959,-49.132198333740234,America/Fortaleza
CMP,Santana do Araguaia Airport,Santana do Araguaia,Brazil,-9.31997013092041,-50.32849884033203,America/Belem
BVS,Breves Airport,Breves,Brazil,-1.6365300416946411,-50.443599700927734,America/Belem
SFK,Soure Airport,Soure,Brazil,-0.6994310021400452,-48.520999908447266,America/Belem
PIN,Parintins Airport,Parintins,Brazil,-2.6730198860168457,-56.777198791503906,America/Boa_Vista
BRA,Barreiras Airport,Barreiras,Brazil,-12.078900337219238,-45.00899887084961,America/Fortaleza
STZ,Santa Terezinha Airport,Santa Terezinha,Brazil,-10.4647216796875,-50.518611907958984,America/Campo_Grande
MQH,Minaçu Airport,Minacu,Brazil,-13.5491,-48.195301,America/Sao_Paulo
AUX,Araguaína Airport,Araguaina,Brazil,-7.22787,-48.240501,America/Fortaleza
NVP,Novo Aripuanã Airport,Novo Aripuana,Brazil,-5.118030071258545,-60.364898681640625,America/Boa_Vista
FRC,Tenente Lund Pressoto Airport,Franca,Brazil,-20.592199,-47.3829,America/Sao_Paulo
DOU,Dourados Airport,Dourados,Brazil,-22.2019,-54.926601,America/Campo_Grande
LBR,Lábrea Airport,Labrea,Brazil,-7.278969764709473,-64.76950073242188,America/Boa_Vista
ROO,Maestro Marinho Franco Airport,Rondonopolis,Brazil,-16.586,-54.7248,America/Campo_Grande
GPB,Tancredo Thomas de Faria Airport,Guarapuava,Brazil,-25.3875007629,-51.520198822,America/Sao_Paulo
JCB,Santa Terezinha Airport,Joacaba,Brazil,-27.1714000702,-51.5532989502,America/Sao_Paulo
RVD,General Leite de Castro Airport,Rio Verde,Brazil,-17.8347225189209,-50.956111907958984,America/Sao_Paulo
AAX,Romeu Zema Airport,Araxa,Brazil,-19.563199996948,-46.960399627686,America/Sao_Paulo
MBZ,Maués Airport,Maues,Brazil,-3.37217,-57.7248,America/Boa_Vista
RBB,Borba Airport,Borba,Brazil,-4.4063401222229,-59.60240173339844,America/Boa_Vista
CIZ,Coari Airport,Coari,Brazil,-4.134059906005859,-63.132598876953125,America/Boa_Vista
BAZ,Barcelos Airport,Barcelos,Brazil,-0.981292,-62.919601,America/Boa_Vista
DMT,Diamantino Airport,Diamantino,Brazil,-14.376899719238281,-56.40039825439453,America/Campo_Grande
GNM,Guanambi Airport,Guanambi,Brazil,-14.208200454711914,-42.74610137939453,America/Fortaleza
QDJ,Tsletsi Airport,Djelfa,Algeria,34.6657,3.351,Africa/Algiers
NZA,Nzagi Airport,Nzagi,Angola,-7.716939926149999,21.358200073200003,Africa/Luanda
LBZ,Lucapa Airport,Lucapa,Angola,-8.445727348330001,20.7320861816,Africa/Luanda
KNP,Capanda Airport,Kapanda,Angola,-9.76937007904,15.4553194046,Africa/Luanda
AMC,Am Timan Airport,Am Timan,Chad,11.0340003967,20.274000167799997,Africa/Ndjamena
GSQ,Shark El Oweinat International Airport,Sharq Al-Owainat,Egypt,22.5856990814209,28.71660041809082,Africa/Cairo
MRB,Eastern WV Regional Airport/Shepherd Field,Martinsburg,United States,39.40190125,-77.98459625,America/New_York
AWA,Awassa Airport,Awasa,Ethiopia,7.066999912261963,38.5,Africa/Addis_Ababa
JIJ,Wilwal International Airport,Jijiga,Ethiopia,9.3325,42.9121,Africa/Addis_Ababa
MKS,Mekane Selam Airport,Mekane Selam,Ethiopia,10.7254,38.7415,Africa/Addis_Ababa
DBM,Debra Marcos Airport,Debre Marqos,Ethiopia,10.350000381469727,37.71699905395508,Africa/Addis_Ababa
DBT,Debre Tabor Airport,Debre Tabor,Ethiopia,11.967000007629395,38,Africa/Addis_Ababa
QHR,Harar Meda Airport,Debre Zeyit,Ethiopia,8.7163,39.0059,Africa/Addis_Ababa
GOB,Robe Airport,Goba,Ethiopia,7.1160634,40.0463033,Africa/Addis_Ababa
MYB,Mayumba Airport,Mayumba,Gabon,-3.4584197998046875,10.674076080322266,Africa/Libreville
MRE,Mara Serena Lodge Airstrip,Masai Mara,Kenya,-1.406111,35.008057,Africa/Nairobi
JJM,Mulika Lodge Airport,Meru National Park,Kenya,0.165083006024,38.1951408386,Africa/Nairobi
RBX,Rumbek Airport,Rumbek,Sudan,6.8249998092699995,29.6690006256,Africa/Juba
CPA,Cape Palmas Airport,Greenville,Liberia,4.3790202140808105,-7.6969499588012695,Africa/Monrovia
IHC,Inhaca Airport,Inhaca,Mozambique,-25.9971446991,32.929351806599996,Africa/Maputo
MAX,Ouro Sogui Airport,Matam,Senegal,15.593600273132324,-13.322799682617188,Africa/Dakar
BDI,Bird Island Airport,Bird Island,Seychelles,-3.72472,55.205299,
WHF,Wadi Halfa Airport,Wadi Halfa,Sudan,21.802698135375977,31.521577835083008,Africa/Khartoum
NBE,Enfidha - Hammamet International Airport,Enfidha,Tunisia,36.075833,10.438611,Africa/Tunis
HTY,Hatay Airport,Hatay,Turkey,36.36277771,36.282222747800006,Europe/Istanbul
RVV,Raivavae Airport,Raivavae,French Polynesia,-23.885200500499998,-147.662002563,Pacific/Tahiti
FUO,Foshan Shadi Airport,Foshan,China,23.083299636799996,113.069999695,Asia/Shanghai
HUZ,Huizhou Airport,Huizhou,China,23.0499992371,114.599998474,Asia/Shanghai
ILD,Lleida-Alguaire Airport,Lleida,Spain,41.728185,0.535023,Europe/Madrid
BIU,Bildudalur Airport,Bildudalur,Iceland,65.64129638671875,-23.546199798583984,Atlantic/Reykjavik
GJR,Gjögur Airport,Gjogur,Iceland,65.99530029296875,-21.326900482177734,Atlantic/Reykjavik
SAK,Sauðárkrókur Airport,Saudarkrokur,Iceland,65.73169708249999,-19.572799682599996,Atlantic/Reykjavik
IIA,Inishmaan Aerodrome,Inishmaan,Ireland,53.09299850463867,-9.568059921264648,Europe/Dublin
ULG,Ulgii Mongolei Airport,Olgii,Mongolia,48.9933013916,89.9225006104,Asia/Hovd
KQT,Qurghonteppa International Airport,Kurgan Tyube,Tajikistan,37.86640167236328,68.86470031738281,Asia/Dushanbe
VGD,Vologda Airport,Vologda,Russia,59.282501220703125,39.944400787353516,Europe/Moscow
ONK,Olenyok Airport,Olenyok,Russia,68.514999,112.480003,Asia/Yakutsk
SYS,Saskylakh Airport,Saskylakh,Russia,71.92790222168,114.08000183105,Asia/Yakutsk
LDG,Leshukonskoye Airport,Arkhangelsk,Russia,64.8960037231,45.7229995728,Europe/Moscow
HSK,Huesca/Pirineos Airport,Huesca,Spain,42.0760993958,-0.316666990519,Europe/Madrid
CQM,Ciudad Real Central Airport,Ciudad Real,Spain,38.8563888889,-3.97,Europe/Madrid
NJF,Al Najaf International Airport,Najaf,Iraq,31.989853,44.404317,Asia/Baghdad
CSA,Colonsay Airstrip,Colonsay,United Kingdom,56.0574989319,-6.243060112,Europe/London
RKH,Rock Hill - York County Airport,Rock Hill,United States,34.9878006,-81.05719757,America/New_York
AGC,Allegheny County Airport,Pittsburgh,United States,40.354400634765625,-79.9301986694336,America/New_York
VQQ,Cecil Airport,Jacksonville,United States,30.2187004089,-81.876701355,America/New_York
FTY,Fulton County Airport Brown Field,Atlanta,United States,33.7790985107,-84.5214004517,America/New_York
TII,Tarin Kowt Airport,Tarin Kowt,Afghanistan,32.604198455799995,65.8657989502,Asia/Kabul
ZAJ,Zaranj Airport,Zaranj,Afghanistan,30.972222,61.865833,Asia/Kabul
CCN,Chakcharan Airport,Chaghcharan,Afghanistan,34.53300094604492,65.26699829101562,Asia/Kabul
FUG,Fuyang Xiguan Airport,Fuyang,China,32.882157,115.734364,Asia/Shanghai
LCX,Longyan Guanzhishan Airport,Longyan,China,25.6746997833,116.747001648,Asia/Shanghai
BSD,Baoshan Yunduan Airport,Baoshan,China,25.053301,99.168297,Asia/Shanghai
ACX,Xingyi Airport,Xingyi,China,25.0863888889,104.959444444,Asia/Shanghai
HZH,Liping Airport,Liping,China,26.32217,109.1499,Asia/Shanghai
OSU,The Ohio State University Airport - Don Scott Field,Columbus,United States,40.0798,-83.072998,America/New_York
ADS,Addison Airport,Addison,United States,32.9686012268,-96.8364028931,America/Chicago
DSI,Destin Executive Airport,Destin,United States,30.40010071,-86.47149658,America/Chicago
KHE,Kherson International Airport,Kherson,Ukraine,46.6758,32.506401,Europe/Kiev
SZS,Ryan's Creek Aerodrome,Stewart Island,New Zealand,-46.8997,168.100998,Pacific/Auckland
HJJ,Zhijiang Airport,Zhijiang,China,27.4411111111,109.7,Asia/Shanghai
YQI,Yarmouth Airport,Yarmouth,Canada,43.826900482177734,-66.08809661865234,America/Halifax
ISO,Kinston Regional Jetport At Stallings Field,Kinston,United States,35.331401825,-77.60880279540001,America/New_York
FFA,First Flight Airport,Kill Devil Hills,United States,36.0181999207,-75.67130279540001,America/New_York
LNJ,Lintsang Airfield,Lincang,China,23.738100051900002,100.025001526,Asia/Shanghai
CKS,Carajás Airport,Parauapebas,Brazil,-6.11527776718,-50.0013885498,America/Belem
MWK,Tarempa Airport,Anambas Islands,Indonesia,3.3481199741363525,106.25800323486328,Asia/Jakarta
PGU,Persian Gulf International Airport,Khalije Fars,Iran,27.379601,52.737701,Asia/Tehran
YES,Yasouj Airport,Yasuj,Iran,30.700500488281,51.545101165771,Asia/Tehran
OSM,Mosul International Airport,Mosul,Iraq,36.305801,43.1474,Asia/Baghdad
TJH,Tajima Airport,Toyooka,Japan,35.51279830932617,134.78700256347656,Asia/Tokyo
AXJ,Amakusa Airport,Amakusa,Japan,32.482498,130.158997,Asia/Tokyo
KKX,Kikai Airport,Kikai,Japan,28.321300506599997,129.927993774,Asia/Tokyo
AGJ,Aguni Airport,Aguni,Japan,26.5925006866,127.240997314,Asia/Tokyo
ULZ,Donoi Airport,Uliastai,Mongolia,47.7093,96.5258,Asia/Ulaanbaatar
UGA,Bulgan Airport,Bulgan,Mongolia,48.85499954223633,103.47599792480469,Asia/Ulaanbaatar
ULO,Ulaangom Airport,Ulaangom,Mongolia,50.066588,91.938273,Asia/Hovd
LBX,Lubang Airport,Lubang,Philippines,13.855400085449219,120.1050033569336,Asia/Manila
TJU,Kulob Airport,Kulyab,Tajikistan,37.98809814453125,69.80500030517578,Asia/Dushanbe
CMJ,Chi Mei Airport,Cimei,Taiwan,23.2131004333,119.417999268,Asia/Taipei
TAZ,Daşoguz Airport,Dasoguz,Turkmenistan,41.761101,59.826698,Asia/Ashgabat
BWB,Barrow Island Airport,Barrow Island,Australia,-20.86440086364746,115.40599822998047,Australia/Perth
DRB,Derby Airport,Derby,Australia,-17.3700008392334,123.66100311279297,Australia/Perth
WGE,Walgett Airport,Walgett,Australia,-30.032800674438477,148.12600708007812,Australia/Sydney
BRT,Bathurst Island Airport,Bathurst Island,Australia,-11.769200325012207,130.6199951171875,Australia/Darwin
DKI,Dunk Island Airport,Dunk Island,Australia,-17.9416999817,146.13999939,Australia/Brisbane
LZR,Lizard Island Airport,Lizard Island,Australia,-14.673273,145.454571,Australia/Brisbane
HLT,Hamilton Airport,Hamilton,Australia,-37.64889907836914,142.06500244140625,Australia/Hobart
HCQ,Halls Creek Airport,Halls Creek,Australia,-18.23390007019043,127.66999816894531,Australia/Perth
FIZ,Fitzroy Crossing Airport,Fitzroy Crossing,Australia,-18.181900024414062,125.55899810791016,Australia/Perth
RVT,Ravensthorpe Airport,Ravensthorpe,Australia,-33.7971992493,120.208000183,Australia/Perth
PVU,Provo Municipal Airport,Provo,United States,40.219200134277,-111.72299957275,America/Denver
SBS,Steamboat Springs Bob Adams Field,Steamboat Springs,United States,40.5163002,-106.8659973,America/Denver
DTA,Delta Municipal Airport,Delta,United States,39.3805999756,-112.508003235,America/Denver
PUC,Carbon County Regional/Buck Davis Field,Price,United States,39.61389923,-110.7509995,America/Denver
LAM,Los Alamos Airport,Los Alamos,United States,35.8797988892,-106.268997192,America/Denver
HII,Lake Havasu City Airport,Lake Havasu City,United States,34.571098,-114.358002,America/Phoenix
INW,Winslow Lindbergh Regional Airport,Winslow,United States,35.021900177,-110.722999573,America/Phoenix
DGL,Douglas Municipal Airport,Douglas,United States,31.3425998688,-109.505996704,America/Phoenix
MZK,Marakei Airport,Marakei,Kiribati,2.058609962463379,173.27099609375,Pacific/Tarawa
AEA,Abemama Atoll Airport,Abemama,Kiribati,0.49083301424980164,173.82899475097656,Pacific/Tarawa
AAK,Buariki Airport,Buariki,Kiribati,0.1852779984474182,173.63699340820312,
KUC,Kuria Airport,Kuria,Kiribati,0.2186110019683838,173.44200134277344,Pacific/Tarawa
AIS,Arorae Island Airport,Arorae,Kiribati,-2.61611008644104,176.80299377441406,Pacific/Tarawa
TMN,Tamana Island Airport,Tamana,Kiribati,-2.485830068588257,175.97000122070312,Pacific/Tarawa
BEZ,Beru Airport,Beru Island,Kiribati,-1.3547199964523315,176.0070037841797,Pacific/Tarawa
NIG,Nikunau Airport,Nikunau,Kiribati,-1.31444001198,176.410003662,Pacific/Tarawa
BBG,Butaritari Atoll Airport,Butaritari,Kiribati,3.08583,172.811005,Pacific/Tarawa
MTK,Makin Island Airport,Makin,Kiribati,3.3744399547576904,172.99200439453125,Pacific/Tarawa
MNK,Maiana Airport,Maiana,Kiribati,1.0036100149154663,173.031005859375,Pacific/Tarawa
NON,Nonouti Airport,Nonouti,Kiribati,-0.6397219896316528,174.42799377441406,Pacific/Tarawa
TSU,Tabiteuea South Airport,Tabiteuea,Kiribati,-1.4744399785995483,175.06399536132812,Pacific/Tarawa
WTZ,Whitianga Airport,Whitianga,New Zealand,-36.83169937133789,175.6790008544922,Pacific/Auckland
KTF,Takaka Airport,Takaka,New Zealand,-40.81330108642578,172.77499389648438,Pacific/Auckland
AFT,Afutara Aerodrome,Afutara,Solomon Islands,-9.19138888889,160.948611111,Pacific/Guadalcanal
RNA,Ulawa Airport,Ulawa,Solomon Islands,-9.86054358262,161.979546547,Pacific/Guadalcanal
CHY,Choiseul Bay Airport,Choiseul Bay,Solomon Islands,-6.711944,156.396111,Pacific/Guadalcanal
NNB,Santa Ana Airport,Santa Ana,Solomon Islands,-10.847994,162.454108,Pacific/Guadalcanal
XYA,Yandina Airport,Yandina,Solomon Islands,-9.092816,159.21841,Pacific/Guadalcanal
BPF,Batuna Aerodrome,Batuna,Solomon Islands,-8.56202777778,158.119305556,Pacific/Guadalcanal
BOW,Bartow Municipal Airport,Bartow,United States,27.943399429299998,-81.78340148930002,America/New_York
FTI,Fitiuta Airport,Fiti\'uta,American Samoa,-14.2172,-169.425003,Pacific/Pago_Pago
LVK,Livermore Municipal Airport,Livermore,United States,37.6934013367,-121.819999695,America/Los_Angeles
RMY,Mariposa Yosemite Airport,Mariposa,United States,37.5108985901,-120.040000916,America/Los_Angeles
GFY,Grootfontein Airport,Grootfontein,Namibia,-19.60219955444336,18.122699737548828,Africa/Windhoek
NDU,Rundu Airport,Rundu,Namibia,-17.956499099731,19.719400405884,Africa/Windhoek
TRM,Jacqueline Cochran Regional Airport,Palm Springs,United States,33.62670135498,-116.16000366211,America/Los_Angeles
SMO,Santa Monica Municipal Airport,Santa Monica,United States,34.015800476100004,-118.450996399,America/Los_Angeles
UDD,Bermuda Dunes Airport,Palm Springs,United States,33.748401641846,-116.27500152588,America/Los_Angeles
SCF,Scottsdale Airport,Scottsdale,United States,33.622898101807,-111.91100311279,America/Phoenix
OLM,Olympia Regional Airport,Olympia,United States,46.9693985,-122.9029999,America/Los_Angeles
RIL,Garfield County Regional Airport,Rifle,United States,39.526299,-107.726997,America/Denver
SAA,Shively Field,SARATOGA,United States,41.444901,-106.823997,America/Denver
PDK,DeKalb Peachtree Airport,Atlanta,United States,33.8755989075,-84.3020019531,America/New_York
BMG,Monroe County Airport,Bloomington,United States,39.145999908447266,-86.61669921875,America/New_York
SUA,Witham Field,Stuart,United States,27.18169975,-80.22109985,America/New_York
MMU,Morristown Municipal Airport,Morristown,United States,40.799400329589844,-74.41490173339844,America/New_York
APC,Napa County Airport,Napa,United States,38.2132,-122.280998,America/Los_Angeles
SDM,Brown Field Municipal Airport,San Diego,United States,32.572299957275,-116.98000335693,America/Los_Angeles
VNC,Venice Municipal Airport,Venice,United States,27.071599960327,-82.440299987793,America/New_York
PHK,Palm Beach County Glades Airport,Pahokee,United States,26.78499985,-80.69339752,America/New_York
ECP,Northwest Florida Beaches International Airport,Panama City,United States,30.357106,-85.795414,America/Chicago
SBD,San Bernardino International Airport,San Bernardino,United States,34.0954017639,-117.23500061,America/Los_Angeles
VAL,Valença Airport,Valenca,Brazil,-13.2965,-38.992401,America/Fortaleza
CAU,Caruaru Airport,Caruaru,Brazil,-8.282389640808105,-36.01350021362305,America/Fortaleza
AWK,Wake Island Airfield,Wake island,Wake Island,19.282100677490234,166.63600158691406,Pacific/Johnston
QNV,Aeroclube Airport,Nova Iguacu,Brazil,-22.74530029296875,-43.46030044555664,America/Sao_Paulo
SQL,San Carlos Airport,San Carlos,United States,37.511901855469,-122.25,America/Los_Angeles
RWI,Rocky Mount Wilson Regional Airport,Rocky Mount,United States,35.856300354003906,-77.89189910888672,America/New_York
SXQ,Soldotna Airport,Soldotna,United States,60.47570037841797,-151.03399658203125,America/Anchorage
SEE,Gillespie Field,El Cajon,United States,32.826198577881,-116.97200012207,America/Los_Angeles
PHA,Phan Rang Airport,Phan Rang,Vietnam,11.6335000992,108.952003479,Asia/Saigon
SQH,Na-San Airport,Son-La,Vietnam,21.216999053955078,104.03299713134766,Asia/Saigon
TKF,Truckee Tahoe Airport,Truckee,United States,39.319999694799996,-120.13999939,America/Los_Angeles
FRJ,Fréjus Airport,Frejus,France,43.4175,6.7357,Europe/Paris
GEX,Geelong Airport,Geelong,Australia,-38.224998474121094,144.33299255371094,Australia/Hobart
LVM,Mission Field,Livingston-Montana,United States,45.6994018555,-110.447998047,America/Denver
GMV,Monument Valley Airport,Monument Valley,United States,37.016700744599994,-110.200996399,America/Denver
JRA,West 30th St. Heliport,New York,United States,40.754501,-74.007103,America/New_York
LAL,Lakeland Linder International Airport,Lakeland,United States,27.988899,-82.018602,America/New_York
SYH,Syangboche Airport,Syangboche,Nepal,27.8112,86.7124,Asia/Katmandu
RBK,French Valley Airport,Murrieta-Temecula,United States,33.5741996765,-117.127998352,America/Los_Angeles
FNU,Oristano-Fenosu Airport,Oristano,Italy,39.895308,8.642661,Europe/Rome
MYQ,Mysore Airport,Mysore,India,12.23,76.655833,Asia/Calcutta
MGY,Dayton-Wright Brothers Airport,Dayton,United States,39.5890007019,-84.224899292,America/New_York
FDY,Findlay Airport,Findley,United States,41.013500213600004,-83.66870117190001,America/New_York
PEA,Penneshaw Airport,Penneshaw,Australia,-35.7558462874,137.962875366,Australia/Adelaide
EMP,Emporia Municipal Airport,Kempten,Germany,38.3320999146,-96.19120025630001,America/Chicago
HYC,Wycombe Air Park,Wycombe,United Kingdom,51.6116981506,-0.8083329796790001,Europe/London
BBP,Bembridge Airport,Bembridge,United Kingdom,50.6781005859,-1.10943996906,Europe/London
SPF,Black Hills Airport-Clyde Ice Field,Spearfish-South Dakota,United States,44.48030090332,-103.78299713135,America/Denver
QYD,Oksywie Military Air Base,Gdynia,Poland,54.57970047,18.51720047,Europe/Warsaw
OLV,Olive Branch Airport,Olive Branch,United States,34.9786987305,-89.78690338130001,America/Chicago
KNA,Viña del mar Airport,Vina del Mar,Chile,-32.9496,-71.4786,America/Santiago
ONQ,Zonguldak Airport,Zonguldak,Turkey,41.506401062,32.0886001587,Europe/Istanbul
BJC,Rocky Mountain Metropolitan Airport,Broomfield-CO,United States,39.90879822,-105.1169968,America/Denver
SLE,Salem Municipal Airport/McNary Field,Salem,United States,44.90950012,-123.0029984,America/Los_Angeles
UTM,Tunica Municipal Airport,Tunica,United States,34.680999755859,-90.346702575684,America/Chicago
ZKB,Kasaba Bay Airport,Kasaba Bay,Zambia,-8.524999618530273,30.663000106811523,Africa/Lusaka
LND,Hunt Field,Lindau,Germany,42.8152008057,-108.730003357,America/Denver
MWC,Lawrence J Timmerman Airport,Milwaukee,United States,43.110401,-88.034401,America/Chicago
JVL,Southern Wisconsin Regional Airport,Janesville,United States,42.620300293,-89.0416030884,America/Chicago
LZU,Gwinnett County Briscoe Field,Lawrenceville,United States,33.97809982,-83.96240234,America/New_York
BWG,Bowling Green Warren County Regional Airport,Bowling Green,United States,36.964500427199994,-86.41970062259999,America/Chicago
RVS,Richard Lloyd Jones Jr Airport,Tulsa,United States,36.039600372314,-95.984596252441,America/Chicago
NHD,Al Minhad Air Base,Minhad AB,United Arab Emirates,25.0268001556,55.3661994934,Asia/Dubai
KGO,Kirovograd Airport,Kirovograd,Ukraine,48.54280090332031,32.28499984741211,Europe/Kiev
DBB,El Alamein International Airport,Dabaa City,Egypt,30.92449951171875,28.46139907836914,Africa/Cairo
BCE,Bryce Canyon Airport,Bryce Canyon,United States,37.706401825,-112.144996643,America/Denver
CKL,Chkalovskiy Air Base,Shchyolkovo,Russia,55.8783,38.061699,Europe/Moscow
TCZ,Tengchong Tuofeng Airport,Tengchong,China,24.9380555556,98.48583333330001,Asia/Shanghai
UKS,Belbek Airport,Sevastopol,Ukraine,44.688999176,33.570999145500004,Europe/Simferopol
OAZ,Camp Bastion Airport,Camp Bastion,Afghanistan,31.863800048799998,64.2246017456,Asia/Kabul
JCI,New Century Aircenter Airport,Olathe,United States,38.8308982849,-94.890296936,America/Chicago
ESN,Easton Newnam Field,Easton,United States,38.8041992188,-76.06900024410001,America/New_York
HMR,Stafsberg Airport,Hamar,Norway,60.81809997558594,11.067999839782715,Europe/Oslo
MYV,Yuba County Airport,Yuba City,United States,39.09780121,-121.5699997,America/Los_Angeles
DUC,Halliburton Field,Duncan,United States,34.47090149,-97.9598999,America/Chicago
UVA,Garner Field,Uvalde,United States,29.2112998962,-99.743598938,America/Chicago
LOT,Lewis University Airport,Lockport,United States,41.6072998,-88.09619904,America/Chicago
CCR,Buchanan Field,Concord,United States,37.9897003174,-122.056999207,America/Los_Angeles
OCA,Ocean Reef Club Airport,Ocean Reef Club Airport,United States,25.325399398804,-80.274803161621,America/New_York
YUS,Yushu Batang Airport,Yushu,China,32.836388888900004,97.0363888889,Asia/Shanghai
HIA,Lianshui Airport,Huai An,China,33.7908333333,119.125,Asia/Shanghai
YOO,Toronto/Oshawa Executive Airport,Oshawa,Canada,43.922798,-78.894997,America/Toronto
LHA,Lahr Airport,Lahr,Germany,48.3693008423,7.82772016525,Europe/Berlin
NYW,Monywar Airport,Monywa,Burma,22.221638,95.093479,Asia/Rangoon
ATO,Ohio University Snyder Field,Athens,United States,39.2109985352,-82.23139953610001,America/New_York
SGH,Springfield-Beckley Municipal Airport,Springfield,United States,39.840301513672,-83.840202331543,America/New_York
HEX,Herrera Airport,Santo Domingo,Dominican Republic,18.4696998596,-69.9693984985,America/Santo_Domingo
CDA,Cooinda Airport,Cooinda,Australia,-12.903300285339355,132.53199768066406,Australia/Darwin
JAB,Jabiru Airport,Jabiru,Australia,-12.658300399780273,132.89300537109375,Australia/Darwin
HGS,Hastings Airport,Freetown,Sierra Leone,8.397130012512207,-13.12909984588623,Africa/Freetown
TOP,Philip Billard Municipal Airport,Topeka,United States,39.068698883057,-95.622497558594,America/Chicago
MQY,Smyrna Airport,Smyrna,United States,36.0089988708,-86.5201034546,America/Chicago
UOS,Franklin County Airport,Sewanee,United States,35.205101013184,-85.898101806641,America/Chicago
NGQ,Ngari Gunsa Airport,Shiquanhe,China,32.1,80.0530555556,Asia/Shanghai
CSO,Cochstedt Airport,Cochstedt,Germany,51.8563995361,11.42029953,Europe/Berlin
PWK,Chicago Executive Airport,Chicago-Wheeling,United States,42.114222,-87.901494,America/Chicago
KLS,Southwest Washington Regional Airport,Kelso,United States,46.11800003049999,-122.898002625,America/Los_Angeles
ZTA,Tureia Airport,Tureia,French Polynesia,-20.78969955444336,-138.57000732421875,
PUE,Puerto Obaldia Airport,Puerto Obaldia,Panama,8.667,-77.418,America/Panama
KHC,Kerch Airport,Kerch,Ukraine,45.372501373291016,36.40140151977539,Europe/Simferopol
UKA,Ukunda Airstrip,Ukunda,Kenya,-4.29333,39.571098,Africa/Nairobi
ILN,Wilmington Airpark,Wilmington,United States,39.427898407,-83.792098999,America/New_York
AVW,Marana Regional Airport,Tucson,United States,32.4095993042,-111.218002319,America/Phoenix
CGZ,Casa Grande Municipal Airport,Casa Grande,United States,32.954899,-111.766998,America/Phoenix
BXK,Buckeye Municipal Airport,Buckeye,United States,33.42039871,-112.685997,America/Phoenix
MMI,McMinn County Airport,Athens,United States,35.39730072,-84.56259918,America/New_York
STK,Sterling Municipal Airport,Sterling,United States,40.61529922,-103.2649994,America/Denver
RWL,Rawlins Municipal Airport/Harvey Field,Rawlins,United States,41.80559921,-107.1999969,America/Denver
CDW,Essex County Airport,Caldwell,United States,40.875198364300005,-74.2814025879,America/New_York
AIZ,Lee C Fine Memorial Airport,Kaiser Lake Ozark,United States,38.0960006714,-92.54949951170002,America/Chicago
TVI,Thomasville Regional Airport,Thomasville,United States,30.901599884033,-83.881301879883,America/New_York
HSH,Henderson Executive Airport,Henderson,United States,35.9728012085,-115.134002686,America/Los_Angeles
GML,Gostomel Airport,Kiev,Ukraine,50.60350036621094,30.1919002532959,Europe/Kiev
TMA,Henry Tift Myers Airport,Tifton,United States,31.4290008545,-83.4885025024,America/New_York
RDO,Radom Airport,RADOM,Poland,51.3891983032,21.213300705,Europe/Warsaw
DVT,Phoenix Deer Valley Airport,Phoenix ,United States,33.6883010864,-112.083000183,America/Phoenix
YRV,Revelstoke Airport,Revelstoke,Canada,50.9667015076,-118.182998657,America/Vancouver
FRG,Republic Airport,Farmingdale,United States,40.7288017273,-73.4133987427,America/New_York
ZHY,Zhongwei Shapotou Airport,Zhongwei,China,37.573125,105.154454,Asia/Shanghai
MCL,McKinley National Park Airport,McKinley Park,United States,63.7326011658,-148.910995483,America/Anchorage
PPC,Prospect Creek Airport,Prospect Creek,United States,66.814102172852,-150.64399719238,America/Anchorage
KHW,Khwai River Lodge Airport,Khwai River,Botswana,-19.149999618530273,23.783000946044922,Africa/Gaborone
TXG,Taichung Airport,Taichung,Taiwan,24.18630027770996,120.65399932861328,Asia/Taipei
HLG,Wheeling Ohio County Airport,Wheeling,United States,40.1749992371,-80.6463012695,America/New_York
XYE,Ye Airport,Ye,Burma,15.300000190734863,97.86699676513672,Asia/Rangoon
DWC,Al Maktoum International Airport,Dubai,United Arab Emirates,24.896356,55.161389,Asia/Dubai
RKP,Aransas County Airport,Rockport,United States,28.0867996216,-97.0446014404,America/Chicago
MVV,Megève Airport,Verdun,France,45.82080078125,6.652219772338867,Europe/Paris
MFX,Méribel Altiport,Ajaccio,France,45.407003,6.577942,Europe/Paris
AEB,Baise Youjiang Airport,Baise,China,23.7206001282,106.959999084,Asia/Shanghai
OKF,Okaukuejo Airport,Okaukuejo,Namibia,-19.149200439453125,15.91189956665039,Africa/Windhoek
OKU,Mokuti Lodge Airport,Mokuti Lodge,Namibia,-18.81279945373535,17.05940055847168,Africa/Windhoek
KOQ,Köthen Airport,Koethen,Germany,51.7211112976,11.952777862500001,Europe/Berlin
PSH,St. Peter-Ording Airport,Sankt Peter-Ording,Germany,54.30888748168945,8.686944007873535,Europe/Berlin
TTD,Portland Troutdale Airport,Troutdale,United States,45.54940032959,-122.40100097656,America/Los_Angeles
HIO,Portland Hillsboro Airport,Hillsboro,United States,45.540401,-122.949997,America/Los_Angeles
KHT,Khost Airport,Khost,Afghanistan,33.3334007263,69.952003479,Asia/Kabul
NMT,Namtu Airport,Naypyidaw,Burma,23.083,97.383003,Asia/Rangoon
BNO,Burns Municipal Airport,Burns,United States,43.5918998718,-118.955001831,America/Los_Angeles
PRZ,Prineville Airport,Prineville,United States,44.286998748779,-120.90399932861,America/Los_Angeles
RBL,Red Bluff Municipal Airport,Red Bluff,United States,40.1506996155,-122.251998901,America/Los_Angeles
NOT,Marin County Airport - Gnoss Field,Novato,United States,38.143600463867,-122.55599975586,America/Los_Angeles
LKV,Lake County Airport,Lakeview,United States,42.161098480199996,-120.399002075,America/Los_Angeles
OTK,Tillamook Airport,Tillamook,United States,45.4182014465,-123.814002991,America/Los_Angeles
ONO,Ontario Municipal Airport,Ontario,United States,44.020500183105,-117.01399993896,America/Denver
DLS,Columbia Gorge Regional the Dalles Municipal Airport,The Dalles,United States,45.6184997559,-121.166999817,America/Los_Angeles
GAI,Montgomery County Airpark,Gaithersburg,United States,39.168300628699996,-77.1660003662,America/New_York
OAS,Sharana Airstrip,Sharona,Afghanistan,33.12575,68.838517,Asia/Kabul
YTA,Pembroke Airport,Pembroke,Canada,45.86439895629883,-77.25170135498047,America/Toronto
TSB,Tsumeb Airport,Tsumeb,Namibia,-19.26189994812,17.732500076294,Africa/Windhoek
YSD,Suffield Heliport,Suffield,Canada,50.266700744628906,-111.18299865722656,America/Edmonton
BNU,Blumenau Airport,BLUMENAU,Brazil,-26.83060073852539,-49.090301513671875,America/Sao_Paulo
YCC,Cornwall Regional Airport,Cornwall,Canada,45.09280014038086,-74.56330108642578,America/Toronto
IZA,Zona da Mata Regional Airport,Juiz de Fora,Brazil,-21.5130558014,-43.1730575562,America/Sao_Paulo
MVL,Morrisville Stowe State Airport,Morrisville,United States,44.53459930419999,-72.6139984131,America/New_York
RBD,Dallas Executive Airport,Dallas,United States,32.6809005737,-96.8682022095,America/Chicago
BXY,Krainiy Airport,Baikonur,Kazakhstan,45.621994,63.210773,Asia/Qyzylorda
WST,Westerly State Airport,Washington County,United States,41.3496017456,-71.8033981323,America/New_York
BID,Block Island State Airport,Block Island,United States,41.1680984497,-71.577796936,America/New_York
NME,Nightmute Airport,Nightmute,United States,60.471000671387,-164.70100402832,America/Anchorage
OOK,Toksook Bay Airport,Toksook Bay,United States,60.54140091,-165.0870056,America/Anchorage
OBY,Ittoqqortoormiit Heliport,Ittoqqortoormiit,Greenland,70.4882288244,-21.971679925900002,America/Scoresbysund
VIN,Vinnytsia/Gavyryshivka Airport,Vinnitsa,Ukraine,49.242531,28.613778,Europe/Kiev
BGE,Decatur County Industrial Air Park,Bainbridge,United States,30.9715004,-84.63739777,America/New_York
ZGS,La Romaine Airport,La Romaine,Canada,50.259701,-60.679401,America/Blanc-Sablon
ZKG,Kegaska Airport,Kegaska,Canada,50.1958007812,-61.265800476100004,America/Blanc-Sablon
YBI,Black Tickle Airport,Black Tickle,Canada,53.4693984985,-55.784999847399995,America/Halifax
WHP,Whiteman Airport,Los Angeles,United States,34.2593002319,-118.413002014,America/Los_Angeles
MAE,Madera Municipal Airport,Madera,United States,36.9886016846,-120.111999512,America/Los_Angeles
YZZ,Trail Airport,Trail,Canada,49.0555992126,-117.60900116,America/Vancouver
YAB,Old Arctic Bay Airport,Arctic Bay,Canada,73.0058922479,-85.0325489044,America/Winnipeg
GSI,Grand-Santi Airport,Grand-Santi,French Guiana,4.285833,-54.373056,America/Cayenne
MPY,Maripasoula Airport,Maripasoula,French Guiana,3.6575,-54.037201,America/Cayenne
LDX,Saint-Laurent-du-Maroni Airport,Saint-Laurent-du-Maroni,French Guiana,5.48306,-54.034401,America/Cayenne
KJI,Kanas Airport,Burqin,China,48.2223,86.9959,Asia/Shanghai
CPB,Capurganá Airport,Capurgana,Colombia,8.63333,-77.35,America/Bogota
HMB,Sohag International Airport,Sohag,Egypt,26.342778,31.742778,Africa/Cairo
RVY,Presidente General Don Oscar D. Gestido International Airport,Rivera,Uruguay,-30.974599838256836,-55.476200103759766,America/Montevideo
POJ,Patos de Minas Airport,Patos de Minas,Brazil,-18.672800064086914,-46.4911994934082,America/Sao_Paulo
JTC,Bauru - Arealva Airport,Bauru,Brazil,-22.166859140899998,-49.0502866745,America/Sao_Paulo
OIA,Ourilândia do Norte Airport,Ourilandia do Norte,Brazil,-6.763100147250001,-51.0499000549,America/Belem
RDC,Redenção Airport,Redencao,Brazil,-8.033289909362793,-49.97990036010742,America/Belem
SXX,São Félix do Xingu Airport,Sao Felix do Xingu,Brazil,-6.6413,-51.9523,America/Belem
BYO,Bonito Airport,Bointo,Brazil,-21.247299,-56.452499,America/Campo_Grande
SXO,São Félix do Araguaia Airport,Sao Felix do Araguaia,Brazil,-11.632399559020996,-50.68960189819336,America/Campo_Grande
CFC,Caçador Airport,Cacador,Brazil,-26.78840065,-50.9398002625,America/Sao_Paulo
CAF,Carauari Airport,Carauari,Brazil,-4.871520042419434,-66.89749908447266,America/Boa_Vista
ERN,Eirunepé Airport,Eirunepe,Brazil,-6.639530181884766,-69.87979888916016,America/Boa_Vista
CCI,Concórdia Airport,Concordia,Brazil,-27.180599212646484,-52.05270004272461,America/Sao_Paulo
FBE,Francisco Beltrão Airport,Francisco Beltrao,Brazil,-26.059200286865234,-53.063499450683594,America/Sao_Paulo
CFO,Confresa Airport,Confresa,Brazil,-10.634400367736816,-51.5635986328125,America/Campo_Grande
AAF,Apalachicola Regional Airport,Apalachicola,United States,29.72750092,-85.02749634,America/New_York
UMU,Umuarama Airport,Umuarama,Brazil,-23.7987003326416,-53.31380081176758,America/Sao_Paulo
DTI,Diamantina Airport,Diamantina,Brazil,-18.232000351,-43.650398254399995,America/Sao_Paulo
FBA,Fonte Boa Airport,Fonte Boa,Brazil,-2.5326099395800004,-66.0831985474,America/Boa_Vista
OLC,Senadora Eunice Micheles Airport,Sao Paulo de Olivenca,Brazil,-3.46792950765,-68.9204120636,America/Boa_Vista
HUW,Humaitá Airport,Humaita,Brazil,-7.532120227810001,-63.072101593,America/Boa_Vista
IRZ,Tapuruquara Airport,Santa Isabel do Rio Negro,Brazil,-0.3786,-64.9923,America/Boa_Vista
ORX,Oriximiná Airport,Oriximina,Brazil,-1.7140799760818481,-55.83620071411133,America/Belem
UNA,Hotel Transamérica Airport,Una,Brazil,-15.355199813799999,-38.9990005493,America/Fortaleza
TEF,Telfer Airport,Telfer,Australia,-21.71500015258789,122.22899627685547,Australia/Perth
GZP,Gazipaşa Airport,Alanya,Turkey,36.299217,32.300598,Europe/Istanbul
OAA,Shank Air Base,Shank,Afghanistan,33.9225,69.07722222219999,Asia/Kabul
FPR,St Lucie County International Airport,Fort Pierce,United States,27.49510002,-80.36830139,America/New_York
PYM,Plymouth Municipal Airport,Plymouth,United States,41.909,-70.728798,America/New_York
NCO,Quonset State Airport,North Kingstown,United States,41.597099304199,-71.412101745605,America/New_York
OWD,Norwood Memorial Airport,Norwood,United States,42.1904983521,-71.1728973389,America/New_York
BAF,Westfield-Barnes Regional Airport,Westfield,United States,42.157799,-72.715599,America/New_York
MGJ,Orange County Airport,Montgomery,United States,41.50999832,-74.26460266,America/New_York
HAR,Capital City Airport,Harrisburg,United States,40.2170982361,-76.85150146480001,America/New_York
DXR,Danbury Municipal Airport,Danbury,United States,41.371498107899995,-73.48220062259999,America/New_York
ASH,Boire Field,Nashua,United States,42.7817001343,-71.51480102539999,America/New_York
LWM,Lawrence Municipal Airport,Lawrence,United States,42.717201232899995,-71.1233978271,America/New_York
OXC,Waterbury Oxford Airport,Oxford,United States,41.47859954834,-73.135200500488,America/New_York
RMG,Richard B Russell Airport,Rome,United States,34.3506011963,-85.15799713130001,America/New_York
GAD,Northeast Alabama Regional Airport,Gadsden,United States,33.972599,-86.088996,America/Chicago
WDR,Barrow County Airport,Winder,United States,33.98289871,-83.66739655,America/New_York
DNN,Dalton Municipal Airport,Dalton,United States,34.72290039,-84.87020111,America/New_York
LGC,LaGrange Callaway Airport,LaGrange,United States,33.0089,-85.072601,America/New_York
PIM,Harris County Airport,Pine Mountain,United States,32.8406982422,-84.8824005127,America/New_York
GVL,Lee Gilmer Memorial Airport,Gainesville,United States,34.27259827,-83.8302002,America/New_York
PHD,Harry Clever Field,New Philadelpha,United States,40.470901489258,-81.419700622559,America/New_York
HHH,Hilton Head Airport,Hilton Head Island,United States,32.2243995667,-80.6975021362,America/New_York
DNL,Daniel Field,Augusta,United States,33.4664993286,-82.0393981934,America/New_York
MRN,Foothills Regional Airport,Morganton,United States,35.820202,-81.611397,America/New_York
PVL,Pike County-Hatcher Field,Pikeville,United States,37.5617981,-82.56639862,America/New_York
TOC,Toccoa Airport - R.G. Letourneau Field,Toccoa,United States,34.59379959,-83.29579926,America/New_York
PLV,Suprunovka Airport,Poltava,Ukraine,49.568599700927734,34.39720153808594,Europe/Kiev
WUU,Wau Airport,Wau,Sudan,7.7258300781199996,27.9750003815,Africa/Juba
HUE,Humera Airport,Humera,Ethiopia,14.25,36.58300018310547,Africa/Addis_Ababa
OYL,Moyale Airport,Moyale,Kenya,3.46972,39.101398,Africa/Nairobi
OZG,Zagora Airport,Zagora,Morocco,30.3202991486,-5.86667013168,Africa/Casablanca
WYE,Yengema Airport,Yengema,Sierra Leone,8.610469818115234,-11.04539966583252,Africa/Freetown
GBK,Gbangbatok Airport,Gbangbatok,Sierra Leone,7.767000198364258,-12.383000373840332,Africa/Freetown
THX,Turukhansk Airport,Turukhansk,Russia,65.797203064,87.9353027344,Asia/Krasnoyarsk
TGP,Podkamennaya Tunguska Airport,Bor,Russia,61.589699,89.994003,Asia/Krasnoyarsk
AFW,Fort Worth Alliance Airport,Fort Worth,United States,32.9875984192,-97.31880187990001,America/Chicago
RMK,Renmark Airport,Renmark,Australia,-34.1963996887207,140.6739959716797,Australia/Adelaide
LGH,Leigh Creek Airport,Leigh Creek,Australia,-30.59830093383789,138.42599487304688,Australia/Adelaide
RTS,Rottnest Island Airport,Rottnest Island,Australia,-32.006699,115.540001,Australia/Perth
FOS,Forrest Airport,Forrest,Australia,-30.83810043334961,128.11500549316406,Australia/Perth
KEW,Keewaywin Airport,Keewaywin,Canada,52.991100311299995,-92.8364028931,America/Winnipeg
YSP,Marathon Airport,Marathon,Canada,48.75529861450195,-86.34439849853516,America/Toronto
YHF,Hearst René Fontaine Municipal Airport,Hearst,Canada,49.71419906616211,-83.68609619140625,America/Toronto
YHN,Hornepayne Municipal Airport,Hornepayne,Canada,49.19309997558594,-84.75890350341797,America/Toronto
YKX,Kirkland Lake Airport,Kirkland Lake,Canada,48.21030044555664,-79.98139953613281,America/Toronto
YMG,Manitouwadge Airport,Manitouwadge,Canada,49.083900451660156,-85.86060333251953,America/Toronto
YXZ,Wawa Airport,Wawa,Canada,47.96670150756836,-84.78669738769531,America/Toronto
YEM,Manitoulin East Municipal Airport,Manitowaning,Canada,45.84280014038086,-81.85810089111328,America/Toronto
LWC,Lawrence Municipal Airport,Lawrence,United States,39.01119995,-95.21659851,America/Chicago
PPM,Pompano Beach Airpark,Pompano Beach,United States,26.247100830078,-80.111099243164,America/New_York
XMC,Mallacoota Airport,Mallacoota,Australia,-37.59830093383789,149.72000122070312,Australia/Hobart
ULH,Majeed Bin Abdulaziz Airport,Al-Ula,Saudi Arabia,26.48,38.1288888889,Asia/Riyadh
YUE,Yuendumu Airport,Yuendumu ,Australia,-22.254199981689453,131.78199768066406,Australia/Darwin
LOP,Lombok International Airport,Praya,Indonesia,-8.757322,116.276675,Asia/Makassar
ZMH,South Cariboo Region / 108 Mile Airport,108 Mile Ranch,Canada,51.736099243199995,-121.333000183,America/Vancouver
HDG,Handan Airport,Handan,China,36.5258333333,114.425555556,Asia/Shanghai
LOZ,London-Corbin Airport/Magee Field,London,United States,37.0821990967,-84.08489990230001,America/New_York
FBG,Simmons Army Air Field,Fredericksburg,United States,35.13180161,-78.93669891,America/New_York
WMI,Modlin Airport,Warsaw,Poland,52.451099,20.6518,Europe/Warsaw
JXA,Jixi Xingkaihu Airport,Jixi,China,45.293,131.193,Asia/Shanghai
JDG,Jeongseok Airport,Seogwipo,South Korea,33.3996009827,126.711997986,Asia/Seoul
YGM,Gimli Industrial Park Airport,Gimli,Canada,50.62810134887695,-97.04329681396484,America/Winnipeg
EYK,Beloyarskiy Airport,Beloyarsky,Russia,63.686901,66.698601,Asia/Yekaterinburg
RAC,John H Batten Airport,Racine,United States,42.7606010437,-87.8152008057,America/Chicago
RZP,Cesar Lim Rodriguez Airport,Taytay,Philippines,10.81874,119.507697,Asia/Manila
RKZ,Shigatse Air Base,Shigatse,China,29.3519,89.311401,Asia/Shanghai
TIW,Tacoma Narrows Airport,Tacoma,United States,47.26789856,-122.5780029,America/Los_Angeles
GUF,Jack Edwards Airport,Gulf Shores,United States,30.29050064,-87.67179871,America/Chicago
IBB,General Villamil Airport,Isabela,Ecuador,-0.942628026009,-90.9530029297,Pacific/Galapagos
HMJ,Khmelnytskyi Airport,Khmeinitskiy,Ukraine,49.359699,26.933399,Europe/Kiev
HIW,Hiroshimanishi Airport,Hiroshima,Japan,34.36690139770508,132.41400146484375,Asia/Tokyo
KYI,Yalata Mission Airport,Yalata,Australia,-31.470600128173828,131.8249969482422,Australia/Adelaide
HZL,Hazleton Municipal Airport,Hazleton,United States,40.986801147499996,-75.9949035645,America/New_York
CBE,Greater Cumberland Regional Airport,Cumberland,United States,39.615398407,-78.7609024048,America/New_York
WYN,Wyndham Airport,Wyndham,Australia,-15.51140022277832,128.1529998779297,Australia/Perth
YBO,Bob Quinn Lake Airport,Bob Quinn Lake,Canada,56.9667015076,-130.25,America/Vancouver
KLF,Grabtsevo Airport,Kaluga,Russia,54.5499992371,36.3666687012,Europe/Moscow
LNR,Tri-County Regional Airport,Lone Rock,United States,43.2117004395,-90.181602478,America/Chicago
JOT,Joliet Regional Airport,Joliet,United States,41.51779938,-88.17549896,America/Chicago
VYS,Illinois Valley Regional Airport-Walter A Duncan Field,Peru,United States,41.351898,-89.153099,America/Chicago
JXN,Jackson County Reynolds Field,Jackson,United States,42.259799957300004,-84.45939636230001,America/New_York
BBX,Wings Field,Philadelphia,United States,40.1375007629,-75.2650985718,America/New_York
OBE,Okeechobee County Airport,Okeechobee,United States,27.262800216699997,-80.8498001099,America/New_York
SEF,Sebring Regional Airport,Sebring,United States,27.45639992,-81.3423996,America/New_York
AVO,Avon Park Executive Airport,Avon Park,United States,27.59119987,-81.52780151,America/New_York
GIF,Winter Haven Regional Airport - Gilbert Field,Winter Haven,United States,28.062901,-81.753304,America/New_York
ZPH,Zephyrhills Municipal Airport,Zephyrhills,United States,28.2282009125,-82.15589904790001,America/New_York
OCF,Ocala International Airport - Jim Taylor Field,Ocala,United States,29.17259979,-82.22419739,America/New_York
AIK,Aiken Regional Airport,Aiken,United States,33.649399,-81.684998,America/New_York
CDN,Woodward Field,Camden,United States,34.2835998535,-80.56490325930001,America/New_York
LBT,Lumberton Regional Airport,Lumberton,United States,34.6099014282,-79.05940246579999,America/New_York
SOP,Moore County Airport,Pinehurst-Southern Pines,United States,35.23740005,-79.3911972,America/New_York
SVH,Statesville Regional Airport,Statesville,United States,35.765300750732,-80.953903198242,America/New_York
LHV,William T. Piper Memorial Airport,Lock Haven,United States,41.13560104,-77.42230225,America/New_York
BKL,Burke Lakefront Airport,Cleveland,United States,41.51750183105469,-81.68329620361328,America/New_York
DKK,Chautauqua County-Dunkirk Airport,Dunkirk,United States,42.49330139,-79.27200317,America/New_York
LLY,South Jersey Regional Airport,Mount Holly,United States,39.942901611299995,-74.845703125,America/New_York
LDJ,Linden Airport,Linden,United States,40.617401123,-74.2445983887,America/New_York
ANQ,Tri State Steuben County Airport,Angola,United States,41.639702,-85.083504,America/New_York
CLW,Clearwater Air Park,Clearwater,United States,27.9766998291,-82.7586975098,America/New_York
CGX,Chicago Meigs Airport,Chicago,United States,41.85879898071289,-87.60790252685547,America/Chicago
CRE,Grand Strand Airport,North Myrtle Beach,United States,33.8116989136,-78.72389984130001,America/New_York
BXO,Buochs Airport,Buochs,Switzerland,46.974444,8.396944,Europe/Zurich
WBW,Wilkes Barre Wyoming Valley Airport,Wilkes-Barre,United States,41.2971992493,-75.8511962891,America/New_York
LNN,Willoughby Lost Nation Municipal Airport,Willoughby,United States,41.683998107899995,-81.3897018433,America/New_York
UMD,Uummannaq Heliport,Uummannaq,Greenland,70.6804279261,-52.111630439799995,America/Godthab
RLK,Bayannur Tianjitai Airport,Bayannur,China,40.926,107.7428,Asia/Shanghai
FFT,Capital City Airport,Frankfort,United States,38.18249893,-84.90470123,America/New_York
LEW,Auburn Lewiston Municipal Airport,Lewiston,United States,44.048500061,-70.2835006714,America/New_York
MRK,Marco Island Executive Airport,Marco Island Airport,United States,25.995001,-81.672501,America/New_York
DRE,Drummond Island Airport,Drummond Island,United States,46.0093002319,-83.74389648440001,America/New_York
GDW,Gladwin Zettel Memorial Airport,Gladwin,United States,43.9706001282,-84.47499847410002,America/New_York
MFI,Marshfield Municipal Airport,Marshfield,United States,44.6369018555,-90.18930053710001,America/Chicago
ISW,Alexander Field South Wood County Airport,Wisconsin Rapids,United States,44.3602981567,-89.83899688720001,America/Chicago
CWI,Clinton Municipal Airport,Clinton,United States,41.8311004639,-90.3291015625,America/Chicago
BVY,Beverly Municipal Airport,Beverly,United States,42.584201812699995,-70.91649627689999,America/New_York
OSF,Ostafyevo International Airport,Moscow,Russia,55.511667,37.507222,Europe/Moscow
YRQ,Trois-Rivières Airport,Trois Rivieres,Canada,46.35279846191406,-72.67939758300781,America/Toronto
POF,Poplar Bluff Municipal Airport,Poplar Bluff,United States,36.773899078369,-90.324897766113,America/Chicago
EOK,Keokuk Municipal Airport,Keokuk,United States,40.459899902299995,-91.4284973145,America/Chicago
PSL,Perth/Scone Airport,Perth,United Kingdom,56.43920135498047,-3.372220039367676,Europe/London
STP,St Paul Downtown Holman Field,St. Paul,United States,44.93450164794922,-93.05999755859375,America/Chicago
SOO,Söderhamn Airport,Soderhamn,Sweden,61.26150131225586,17.09910011291504,Europe/Stockholm
VNA,Saravane Airport,Saravane,Laos,15.709439207700001,106.410698891,Asia/Vientiane
DKS,Dikson Airport,Dikson,Russia,73.51780700683594,80.37966918945312,Asia/Krasnoyarsk
BYT,Bantry Aerodrome,Bantry,Ireland,51.66859817504883,-9.484169960021973,Europe/Dublin
ADY,Alldays Airport,Alldays,South Africa,-22.6790008545,29.0555000305,Africa/Johannesburg
HAO,Butler Co Regional Airport - Hogan Field,Hamilton,United States,39.363800048799995,-84.5220031738,America/New_York
GAS,Garissa Airport,Garissa,Kenya,-0.4635080099105835,39.64830017089844,Africa/Nairobi
HOA,Hola Airport,Hola,Kenya,-1.5219999551773071,40.00400161743164,Africa/Nairobi
KEY,Kericho Airport,Kericho,Kenya,-0.3899,35.242093,Africa/Nairobi
ILU,Kilaguni Airport,Kilaguni,Kenya,-2.9106099605560303,38.06520080566406,Africa/Nairobi
ATJ,Antsirabe Airport,Antsirabe,Madagascar,-19.8392214824,47.063713073699994,Indian/Antananarivo
OVA,Bekily Airport,Bekily,Madagascar,-24.235694754699995,45.3045272827,Indian/Antananarivo
UTS,Ust-Tsylma Airport,Ust-Tsylma,Russia,65.43729400630001,52.20033645629999,Europe/Moscow
RGK,Gorno-Altaysk Airport,Gorno-Altaysk,Russia,51.9667015076,85.8332977295,Asia/Krasnoyarsk
FLD,Fond du Lac County Airport,Fond du Lac,United States,43.7711982727,-88.48840332030001,America/Chicago
STE,Stevens Point Municipal Airport,Stevens Point,United States,44.5452003479,-89.530296325684,America/Chicago
MQJ,Moma Airport,Honuu,Russia,66.450861,143.261551,Asia/Srednekolymsk
PEF,Peenemünde Airport,Peenemunde,Germany,54.1577796936,13.774443626399998,Europe/Berlin
CJN,Nusawiru Airport,Nusawiru,Indonesia,-7.719895,108.488995,Asia/Jakarta
GQQ,Galion Municipal Airport,Galion,United States,40.7533988953,-82.7238006592,America/New_York
TPN,Tiputini Airport,Tiputini,Ecuador,-0.7761110067367554,-75.52639770507812,America/Guayaquil
PTZ,Rio Amazonas Airport,Pastaza,Ecuador,-1.5052399635299998,-78.0626983643,America/Guayaquil
CKV,Clarksville–Montgomery County Regional Airport,Clarksville,United States,36.6218986511,-87.4150009155,America/Chicago
LPC,Lompoc Airport,Lompoc,United States,34.665599823,-120.468002319,America/Los_Angeles
CTH,Chester County G O Carlson Airport,Coatesville,United States,39.97900009,-75.8655014,America/New_York
BST,Bost Airport,Lashkar Gah,Afghanistan,31.55970001220703,64.36499786376953,Asia/Kabul
LLK,Lankaran International Airport,Lankaran,Azerbaijan,38.746398925799994,48.8180007935,Asia/Baku
GBB,Gabala International Airport,Qabala,Azerbaijan,40.826667,47.7125,Asia/Baku
ZTU,Zaqatala International Airport,Zaqatala,Azerbaijan,41.562222,46.667221,Asia/Baku
LKP,Lake Placid Airport,Lake Placid,United States,44.2644996643,-73.96189880370001,America/New_York
KDY,Typliy Klyuch Airport,Khandyga,Russia,62.7890014648,136.854995728,Asia/Yakutsk
GYG,Magan Airport,Yakutsk,Russia,62.103484,129.545288,Asia/Yakutsk
JIQ,Qianjiang Wulingshan Airport,Qianjiang,China,29.5133333333,108.831111111,Asia/Shanghai
AOH,Lima Allen County Airport,Lima,United States,40.706902,-84.026703,America/New_York
DSO,Sondok Airport,Hamhung,North Korea,39.745201,127.473999,Asia/Pyongyang
SSI,Malcolm McKinnon Airport,Brunswick,United States,31.15180016,-81.39129639,America/New_York
BFP,Beaver County Airport,Beaver Falls,United States,40.7724990845,-80.39140319820001,America/New_York
GGE,Georgetown County Airport,Georgetown,United States,33.3116989136,-79.3196029663,America/New_York
HDI,Hardwick Field,Cleveland,United States,35.22010040283203,-84.8323974609375,America/New_York
RNT,Renton Municipal Airport,Renton,United States,47.4930992126,-122.216003418,America/Los_Angeles
POC,Brackett Field,La Verne,United States,34.091598510742,-117.78199768066,America/Los_Angeles
CTY,Cross City Airport,Cross City,United States,29.6354999542,-83.10479736330001,America/New_York
CEU,Oconee County Regional Airport,Clemson,United States,34.6719017,-82.8864975,America/New_York
BEC,Beech Factory Airport,Wichita,United States,37.694499969499994,-97.21499633790002,America/Chicago
QFO,Duxford Aerodrome,Duxford,United Kingdom,52.090801,0.131944,Europe/London
SNY,Sidney Municipal-Lloyd W Carr Field,Sidney,United States,41.10129929,-102.9850006,America/Denver
GKL,Great Keppel Is Airport,Great Keppel Island,Australia,-23.1833000183,150.942001343,Australia/Brisbane
RPB,Roper Bar Airport,Roper Bar,Australia,-14.734814,134.525485,Australia/Darwin
IFL,Innisfail Airport,Innisfail,Australia,-17.55940055847168,146.01199340820312,Australia/Brisbane
JRF,Kalaeloa Airport,Kapolei,United States,21.3074,-158.070009,Pacific/Honolulu
BIN,Bamiyan Airport,Bamyan,Afghanistan,34.81700134277344,67.81700134277344,Asia/Kabul
NBS,Changbaishan Airport,Baishan,China,42.066944,127.602222,Asia/Shanghai
RGO,Orang Airport,Chongjin,North Korea,41.428538,129.647555,Asia/Pyongyang
MOO,Moomba Airport,Moomba,Australia,-28.09939956665039,140.19700622558594,Australia/Adelaide
LUZ,Lublin Airport,Lublin,Poland,51.240278,22.713611,Europe/Warsaw
ECA,Iosco County Airport,East Tawas,United States,44.312801,-83.422302,America/New_York
VAM,Villa Airport,Maamigili,Maldives,3.47055555556,72.8358333333,Indian/Maldives
LLF,Lingling Airport,Yongzhou,China,26.338661,111.610043,Asia/Shanghai
LSZ,Lošinj Island Airport,Mali Losinj,Croatia,44.5657997131,14.3930997849,Europe/Zagreb
ONS,Onslow Airport,Onslow,Australia,-21.668300628662,115.1129989624,Australia/Perth
TDR,Theodore Airport,Theodore,Australia,-24.99329948425293,150.09300231933594,Australia/Brisbane
WBU,Boulder Municipal Airport,Boulder,United States,40.0393981934,-105.225997925,America/Denver
BBJ,Bitburg Airport,Birburg,Germany,49.945278,6.565,Europe/Berlin
PAO,Palo Alto Airport of Santa Clara County,Palo Alto,United States,37.461101532,-122.114997864,America/Los_Angeles
USR,Ust-Nera Airport,Ust-Nera,Russia,64.550003051758,143.11500549316,Asia/Vladivostok
MSC,Falcon Field,Mesa,United States,33.4608001709,-111.727996826,America/Phoenix
YTY,Yangzhou Taizhou Airport,Yangzhou,China,32.5634,119.7198,Asia/Shanghai
PTK,Oakland County International Airport,Pontiac,United States,42.665500640869,-83.420097351074,America/New_York
KSI,Kissidougou Airport,Kissidougou,Guinea,9.1605596542358,-10.124400138855,Africa/Conakry
EEN,Dillant Hopkins Airport,Keene,United States,42.898399353027344,-72.27079772949219,America/New_York
THQ,Tianshui Maijishan Airport,Tianshui,China,34.5593986511,105.86000061,Asia/Shanghai
VRO,Kawama Airport,Kawama,Cuba,23.1240005493,-81.3015975952,America/Havana
GKK,Kooddoo Airport,Kooddoo,Maldives,0.7324,73.4336,Indian/Maldives
RCS,Rochester Airport,Rochester,United Kingdom,51.351898193359375,0.5033329725265503,Europe/London
RHD,Termas de Río Hondo international Airport,Rio Hondo,Argentina,-27.4966,-64.93595,America/Cordoba
KMP,Keetmanshoop Airport,Keetmanshoop,Namibia,-26.5398006439209,18.111400604248047,Africa/Windhoek
KGT,Kangding Airport,Kangding,China,30.1575,101.734722,Asia/Shanghai
VUS,Velikiy Ustyug Airport,Veliky Ustyug,Russia,60.788299560546875,46.2599983215332,Europe/Moscow
IOW,Iowa City Municipal Airport,Iowa City,United States,41.639198303200004,-91.5465011597,America/Chicago
TLQ,Turpan Jiaohe Airport,Turpan,China,43.0308,89.0987,Asia/Shanghai
ANP,Lee Airport,Annapolis,United States,38.942902,-76.568398,America/New_York
FXO,Cuamba Airport,Cuamba,Mozambique,-14.815,36.529999,Africa/Maputo
ODO,Bodaybo Airport,Bodaibo,Russia,57.866100311299995,114.242996216,Asia/Irkutsk
ZTR,Zhytomyr Airport,Zhytomyr,Ukraine,50.270556,28.738611,Europe/Kiev
HRI,Mattala Rajapaksa International Airport,Mattala,Sri Lanka,6.284467,81.124128,Asia/Colombo
PEQ,Pecos Municipal Airport,Pecos,United States,31.382400512695,-103.51100158691,America/Chicago
HBG,Hattiesburg Bobby L Chain Municipal Airport,Hattiesburg,United States,31.26479912,-89.25279999,America/Chicago
QCJ,Botucatu - Tancredo de Almeida Neves Airport,Botucatu,Brazil,-22.939501,-48.467999,America/Sao_Paulo
QSC,Mário Pereira Lopes–São Carlos Airport,Sao Carlos,Brazil,-21.875401,-47.903703,America/Sao_Paulo
YKN,Chan Gurney Municipal Airport,Yankton,United States,42.916698455811,-97.385902404785,America/Chicago
XSB,Sir Bani Yas Airport,Sir Bani Yas Island,United Arab Emirates,24.283611,52.580278,Asia/Dubai
ZBM,Bromont (Roland Desourdy) Airport,Bromont,Canada,45.2907981873,-72.74140167239999,America/Toronto
KTI,Kratie Airport,Kratie,Cambodia,12.48799991607666,106.05500030517578,Asia/Phnom_Penh
GYU,Guyuan Liupanshan Airport,Guyuan,China,36.0788888889,106.216944444,Asia/Shanghai
CNI,Changhai Airport,Changhai,China,39.2666666667,122.666944444,Asia/Shanghai
KRH,Redhill Aerodrome,Redhill,United Kingdom,51.2136001587,-0.138611003757,Europe/London
JGD,Jiagedaqi Airport,Jiagedaqi District,China,50.371389,124.1175,Asia/Shanghai
CCL,Chinchilla Airport,Chinchilla,Australia,-26.774999618530273,150.61700439453125,Australia/Brisbane
HWD,Hayward Executive Airport,Hayward,United States,37.659198761,-122.122001648,America/Los_Angeles
MZP,Motueka Airport,Motueka,New Zealand,-41.12329864501953,172.98899841308594,Pacific/Auckland
JHQ,Shute Harbour Airport,Shute Harbour,Australia,-20.277221,148.755556,Australia/Brisbane
ARB,Ann Arbor Municipal Airport,Ann Arbor,United States,42.2229995728,-83.74559783939999,America/New_York
SHT,Shepparton Airport,Shepparton,Australia,-36.42890167236328,145.39300537109375,Australia/Hobart
TEM,Temora Airport,Temora,Australia,-34.4213981628418,147.51199340820312,Australia/Sydney
GAH,Gayndah Airport,Gayndah,Australia,-25.61440086364746,151.61900329589844,Australia/Brisbane
WIO,Wilcannia Airport,Wilcannia,Australia,-31.526399612426758,143.375,Australia/Sydney
BFJ,Bijie Feixiong Airport,Bijie,China,27.267066,105.472097,Asia/Shanghai
ULK,Lensk Airport,Lensk,Russia,60.7206001282,114.825996399,Asia/Yakutsk
KVR,Kavalerovo Airport,Kavalerovo,Russia,44.2726,135.029,Asia/Vladivostok
IGD,Iğdır Airport,Igdir,Turkey,39.9766273499,43.8766479492,Europe/Istanbul
GNY,Şanlıurfa GAP Airport,Sanliurfa,Turkey,37.445663,38.895592,Europe/Istanbul
KZR,Zafer Airport,Kutahya,Turkey,39.113079,30.128111,Europe/Istanbul
VLU,Velikiye Luki Airport,Velikiye Luki,Russia,56.381099700927734,30.60810089111328,Europe/Moscow
BEO,Lake Macquarie Airport,Lake Macquarie,Australia,-33.0667,151.647995,Australia/Sydney
BMP,Brampton Island Airport,Brampton Island,Australia,-20.803300857543945,149.27000427246094,Australia/Brisbane
NGZ,Alameda Naval Air Station,Alameda,United States,37.78889846801758,-122.31999969482422,America/Los_Angeles
YCN,Cochrane Airport,Cochrane,Canada,49.10559844970703,-81.01360321044922,America/Toronto
BJP,Estadual Arthur Siqueira Airport,Braganca Paulista,Brazil,-22.979162,-46.537508,America/Sao_Paulo
BQB,Busselton Regional Airport,Brusselton,Australia,-33.6884231567,115.401596069,Australia/Perth
SEK,Srednekolymsk Airport,Srednekolymsk,Russia,67.4805,153.7364,Asia/Srednekolymsk
IVR,Inverell Airport,Inverell,Australia,-29.888299942,151.143997192,Australia/Sydney
GLI,Glen Innes Airport,Glen Innes,Australia,-29.674999237060547,151.68899536132812,Australia/Sydney
IMM,Immokalee Regional Airport,Immokalee ,United States,26.43320084,-81.40100098,America/New_York
TQQ,Maranggo Airport,Sulawesi Tenggara,Indonesia,-5.7645702362061,123.91699981689,Asia/Makassar
YIC,Yichun Mingyueshan Airport,Yichun,China,27.8025,114.3062,Asia/Shanghai
PTB,Dinwiddie County Airport,Petersburg,United States,37.183799743652,-77.507400512695,America/New_York
SBM,Sheboygan County Memorial Airport,Sheboygan,United States,43.76959991,-87.85140228,America/Chicago
KFE,Fortescue - Dave Forrest Aerodrome,Cloudbreak,Australia,-22.290754,119.437143,Australia/Perth
BJU,Bajura Airport,Bajura,Nepal,29.50200080871582,81.66899871826172,Asia/Katmandu
MZJ,Pinal Airpark,Marana,United States,32.5106010437,-111.32800293,America/Phoenix
SAD,Safford Regional Airport,Safford,United States,32.85480118,-109.6350021,America/Phoenix
SLJ,Solomon Airport,Solomon,Australia,-22.2554,117.7627,Australia/Perth
KJP,Kerama Airport,Kerama,Japan,26.168300628699996,127.292999268,Asia/Tokyo
EKB,Ekibastuz Airport,Ekibastuz,Kazakhstan,51.590999603271484,75.21499633789062,Asia/Qyzylorda
SIK,Sikeston Memorial Municipal Airport,Sikeston,United States,36.898899078369,-89.561798095703,America/Chicago
TTI,Tetiaroa Airport,Tetiaroa,French Polynesia,-17.0132999420166,-149.58700561523438,Pacific/Tahiti
GFL,Floyd Bennett Memorial Airport,Queensbury,United States,43.3412017822,-73.6102981567,America/New_York
MTN,Martin State Airport,Baltimore,United States,39.325699,-76.413803,America/New_York
FRY,Eastern Slopes Regional Airport,Fryeburg,United States,43.991100311299995,-70.9478988647,America/New_York
NEW,Lakefront Airport,New Orleans,United States,30.042400360107,-90.028297424316,America/Chicago
COE,Coeur D'Alene - Pappy Boyington Field,Coeur d'Alene,United States,47.77429962,-116.8199997,America/Los_Angeles
BMT,Beaumont Municipal Airport,Beaumont,United States,30.0706996918,-94.21579742430002,America/Chicago
DNV,Vermilion Regional Airport,Danville,United States,40.19919968,-87.59590149,America/Chicago
COJ,Coonabarabran Airport,Coonabarabran,Australia,-31.332500457763672,149.26699829101562,Australia/Sydney
TIX,Space Coast Regional Airport,Titusville,United States,28.514799118042,-80.799201965332,America/New_York
BZH,Bumi Airport,Bumi Hills,Zimbabwe,-16.8169994354,28.3500003815,Africa/Harare
UAR,Bouarfa Airport,Bouarfa,Morocco,32.5143055556,-1.98305555556,Africa/Casablanca
NYE,Nyeri Airport,NYERI,Kenya,-0.3644140064716339,36.978485107421875,Africa/Nairobi
AAP,Andrau Airpark,Houston,United States,29.722499847399998,-95.58830261230001,America/Chicago
FCM,Flying Cloud Airport,Eden Prairie,United States,44.8272018433,-93.45709991460001,America/Chicago
LIX,Likoma Island Airport,Likoma Island,Malawi,-12.075833,34.737222,Africa/Blantyre
OJC,Johnson County Executive Airport,Olathe,United States,38.84759903,-94.73760223,America/Chicago
GIU,Sigiriya Air Force Base,Sigiriya,Sri Lanka,7.956669807430001,80.7285003662,Asia/Colombo
EUM,Neumünster Airport,Neumuenster,Germany,54.079444885253906,9.941389083862305,Europe/Berlin
TKT,Tak Airport,Tak,Thailand,16.895999908447266,99.25330352783203,Asia/Bangkok
YLK,Barrie-Orillia (Lake Simcoe Regional Airport),Barrie-Orillia,Canada,44.4852981567,-79.55560302730001,America/Toronto
YCM,Niagara District Airport,Saint Catherines,Canada,43.19169998168945,-79.17169952392578,America/Toronto
YPD,Parry Sound Area Municipal Airport,Parry Sound,Canada,45.2575,-79.829697,America/Toronto
MNZ,Manassas Regional Airport/Harry P. Davis Field,Manassas,United States,38.72140121,-77.51540375,America/New_York
LJN,Texas Gulf Coast Regional Airport,Angleton,United States,29.1086006165,-95.462097168,America/Chicago
BGG,Bingöl Çeltiksuyu Airport,Bingol,Turkey,38.8592605591,40.5959625244,Europe/Istanbul
KFS,Kastamonu Airport,Kastamonu,Turkey,41.31420135498047,33.795799255371094,Europe/Istanbul
LLV,Lüliang Airport,Lvliang,China,37.683333,111.142778,Asia/Shanghai
DCY,Daocheng Yading Airport,Daocheng,China,29.323056,100.053333,Asia/Shanghai
GXH,Gannan Xiahe Airport,Xiahe city,China,34.8105,102.6447,Asia/Shanghai
CIY,Comiso Airport,Comiso,Italy,36.994601,14.607182,Europe/Rome
KVM,Markovo Airport,Markovo,Russia,64.667,170.417007,Asia/Anadyr
ZKP,Zyryanka Airport,Zyryanka,Russia,65.7485,150.8889,Asia/Srednekolymsk
UMS,Ust-Maya Airport,Ust-Maya,Russia,60.356998443604,134.43499755859,Asia/Yakutsk
ADH,Aldan Airport,Aldan,Russia,58.60279846191406,125.40899658203125,Asia/Yakutsk
OLZ,Olyokminsk Airport,Olekminsk,Russia,60.397499,120.471001,Asia/Yakutsk
NLT,Xinyuan Nalati Airport,Xinyuan,China,43.4318,83.3786,Asia/Shanghai
PTA,Port Alsworth Airport,Port alsworth,United States,60.201681,-154.325863,America/Anchorage
BOR,Fontaine Airport,Belfort,France,47.655601501465,7.0108299255371,Europe/Paris
OBC,Obock Airport,Obock,Djibouti,11.967000007629395,43.266998291015625,Africa/Djibouti
TDJ,Tadjoura Airport,Tadjoura,Djibouti,11.782999992370605,42.91699981689453,Africa/Djibouti
AQB,Santa Cruz del Quiche Airport,Santa Cruz des Quiche,Guatemala,15.012200355529785,-91.15059661865234,America/Guatemala
NOR,Norðfjörður Airport,Nordfjordur,Iceland,65.13189697265625,-13.746399879455566,Atlantic/Reykjavik
BTZ,Bursa Airport,Bursa,Turkey,40.233299255371094,29.009199142456055,Europe/Istanbul
WAR,Waris Airport,Waris-Papua Island,Indonesia,-3.235,140.994,Asia/Jayapura
EWK,Newton City-County Airport,Newton,United States,38.058200836199994,-97.2744979858,America/Chicago
BSJ,Bairnsdale Airport,Bairnsdale,Australia,-37.88750076293945,147.5679931640625,Australia/Hobart
TZR,Taszár Air Base,Columbus,United States,46.39310073852539,17.917499542236328,Europe/Budapest
FBR,Fort Bridger Airport,Fort Bridger,United States,41.3918991089,-110.406997681,America/Denver
CLS,Chehalis Centralia Airport,Chehalis,United States,46.676998138399995,-122.983001709,America/Los_Angeles
EVW,Evanston-Uinta County Airport-Burns Field,Evanston,United States,41.27479935,-111.0350037,America/Denver
EUF,Weedon Field,Eufala,United States,31.9512996674,-85.1288986206,America/Chicago
MEO,Dare County Regional Airport,Manteo,United States,35.91899872,-75.69550323,America/New_York
AUO,Auburn University Regional Airport,Auburn,United States,32.615101,-85.433998,America/Chicago
DBN,W H 'Bud' Barron Airport,Dublin,United States,32.56439972,-82.98529816,America/New_York
PUK,Pukarua Airport,Pukarua,French Polynesia,-18.29560089111328,-137.01699829101562,
CVO,Corvallis Municipal Airport,Corvallis,United States,44.49720001,-123.2900009,America/Los_Angeles
PXH,Prominent Hill Airport,Prominent Hill,Australia,-29.716,135.5244,Australia/Adelaide
CWT,Cowra Airport,Chatsworth,Australia,-33.84469985961914,148.6490020751953,Australia/Sydney
OGD,Ogden Hinckley Airport,Ogden,United States,41.195899963379,-112.0120010376,America/Denver
AKO,Colorado Plains Regional Airport,Akron,United States,40.1755981445,-103.222000122,America/Denver
SHN,Sanderson Field,Shelton,United States,47.233600616455,-123.14800262451,America/Los_Angeles
WNA,Napakiak Airport,Napakiak,United States,60.69029998779297,-161.97900390625,America/Anchorage
PKA,Napaskiak Airport,Napaskiak,United States,60.70289993,-161.7779999,America/Anchorage
YBW,Bedwell Harbour Seaplane Base,Bedwell Harbour,Canada,48.75,-123.233001709,America/Vancouver
WSO,Washabo Airport,Washabo,Suriname,5.215277,-57.185302,America/Paramaribo
WKR,Abaco I Walker C Airport,Walker's Cay,Bahamas,27.266700744628906,-78.39969635009766,
GFO,Bartica A Airport,Bartica,Guyana,6.358864,-58.655207,America/Guyana
DYL,Doylestown Airport,Doylestown,United States,40.3330001831,-75.1222991943,America/New_York
TGI,Tingo Maria Airport,Tingo Maria,Peru,-9.133000373840332,-75.94999694824219,America/Lima
TJL,Plínio Alarcom Airport,Tres Lagoas,Brazil,-20.754199981689,-51.684200286865,America/Campo_Grande
YZY,Zhangye Ganzhou Airport,Zhangye,China,38.8018989563,100.675003052,Asia/Shanghai
OAL,Cacoal Airport,Cacoal,Brazil,-11.496,-61.4508,America/Boa_Vista
OCW,Warren Field,Washington,United States,35.570499420166,-77.049797058105,America/New_York
MHC,Mocopulli Airport,Castro,Chile,-42.340388,-73.715693,America/Santiago
SWO,Stillwater Regional Airport,Stillwater,United States,36.161201477051,-97.08570098877,America/Chicago
OKM,Okmulgee Regional Airport,Okmulgee,United States,35.668098449707,-95.948699951172,America/Chicago
CUH,Cushing Municipal Airport,Cushing,United States,35.9499015808,-96.7731018066,America/Chicago
CSM,Clinton Sherman Airport,Clinton,United States,35.3398017883,-99.20050048830001,America/Chicago
WLD,Strother Field,Winfield,United States,37.168598175,-97.0375976562,America/Chicago
PWA,Wiley Post Airport,Oklahoma City,United States,35.53419876,-97.64710236,America/Chicago
DTN,Shreveport Downtown Airport,Shreveport,United States,32.5401992798,-93.7450027466,America/Chicago
SEP,Stephenville Clark Regional Airport,Stephenville,United States,32.215301513672,-98.177696228027,America/Chicago
ADT,Ada Regional Airport,Ada,United States,34.804298,-96.671303,America/Chicago
IRB,Iraan Municipal Airport,Iraan,United States,30.9057006836,-101.891998291,America/Chicago
YEL,Elliot Lake Municipal Airport,ELLIOT LAKE,Canada,46.351398468,-82.5614013672,America/Toronto
IKB,Wilkes County Airport,North Wilkesboro,United States,36.2228012085,-81.09829711910001,America/New_York
DAN,Danville Regional Airport,Danville,United States,36.572898864746094,-79.33609771728516,America/New_York
ERG,Yerbogachen Airport,Yerbogachen,Russia,61.2750015259,108.029998779,Asia/Irkutsk
HCW,Cheraw Municipal Airport/Lynch Bellinger Field,Cheraw,United States,34.71289825,-79.95700073,America/New_York
BEM,Beni Mellal Airport,Beni Mellal,Morocco,32.401895,-6.315905,Africa/Casablanca
NKT,Şırnak Şerafettin Elçi Airport,Cizre,Turkey,37.3647,42.0582,Europe/Istanbul
SUY,Suntar Airport,Suntar,Russia,62.185001373291,117.63500213623,Asia/Yakutsk
OUZ,Tazadit Airport,Zouerat,Mauritania,22.756399154663086,-12.483599662780762,Africa/Nouakchott
ABB,Asaba International Airport,Asaba,Nigeria,6.204167,6.665278,Africa/Lagos
QUO,Akwa Ibom International Airport,Uyo,Nigeria,4.8725,8.093,Africa/Lagos
KAA,Kasama Airport,Kasama,Zambia,-10.216699600219727,31.13330078125,Africa/Lusaka
SGX,Songea Airport,Songea,Tanzania,-10.682999610900879,35.58300018310547,Africa/Dar_es_Salaam
JUH,Jiuhuashan Airport,Chizhou,China,30.7403,117.6856,Asia/Shanghai
AOG,Anshan Air Base,Anshan,China,41.105301,122.853996,Asia/Shanghai
DQA,Saertu Airport,Daqing,China,46.7463888889,125.140555556,Asia/Shanghai
ZYI,Zunyi Xinzhou Airport,Zunyi,China,27.5895,107.0007,Asia/Shanghai
LDS,Lindu Airport,Yinchun,China,47.7520555556,129.019125,Asia/Shanghai
AVA,Anshun Huangguoshu Airport,Anshun,China,26.2605555556,105.873333333,Asia/Shanghai
KSS,Sikasso Airport,Sikasso,Mali,11.333000183105469,-5.699999809265137,Africa/Bamako
WTB,Toowoomba Wellcamp Airport,Toowoomba,Australia,-27.558332,151.793335,Australia/Brisbane
TNH,Tonghua Sanyuanpu Airport,Tonghua,China,42.2538888889,125.703333333,Asia/Shanghai
SZV,Suzhou Guangfu Airport,Suzhou,China,31.2631,120.401001,Asia/Shanghai
LII,Mulia Airport,Mulia,Indonesia,-3.7018,137.957,Asia/Jayapura
NTI,Stenkol Airport,Bintuni,Indonesia,-2.1033,133.5164,Asia/Jayapura
WSR,Wasior Airport,Wasior,Indonesia,-2.721,134.5061,Asia/Jayapura
DTB,Silangit Airport,Siborong-Borong,Indonesia,2.25973,98.991898,Asia/Jakarta
MEQ,Seunagan Airport,Nagan Raya,Indonesia,4.25,96.21700286865234,
BUW,Betoambari Airport,Bau-Bau,Indonesia,-5.486879825592041,122.56900024414062,
KAZ,Kao Airport,Kao,Indonesia,1.1852799654006958,127.89600372314453,
MNA,Melangguane Airport,Melonguane,Indonesia,4.00694,126.672997,
SGQ,Sanggata/Sangkimah Airport,Sanggata,Indonesia,0.3847,117.543,
BUU,Muara Bungo Airport,Muara Bungo,Indonesia,-1.1278,102.135,
ILA,Illaga Airport,Illaga,Indonesia,-3.97648,137.6225,
OKL,Oksibil Airport,Oksibil,Indonesia,-4.9071,140.6277,
KOX,Kokonau Airport,Kokonau,Indonesia,-4.71075,136.43515,
CMQ,Clermont Airport,Clermont,Australia,-22.773099899291992,147.62100219726562,
WMB,Warrnambool Airport,Warrnambool,Australia,-38.2952995300293,142.44700622558594,
RCM,Richmond Airport,Richmond,Australia,-20.701900482177734,143.11500549316406,
DCN,RAAF Base Curtin,Derby,Australia,-17.5813999176,123.82800293,
KNO,Kualanamu International Airport,Medan,Indonesia,3.642222,98.885278,Asia/Jakarta
AMN,Gratiot Community Airport,Kamloops,Canada,43.322101593,-84.68800354,
HMY,Seosan Air Base,Seosan,South Korea,36.703999,126.486,
EMT,San Gabriel Valley Airport,El Monte,United States,34.086102,-118.035004,
FAH,Farah Airport,Farah,Afghanistan,32.367000579833984,62.18299865722656,
IXT,Pasighat Airport,Pasighat,India,28.066099166870117,95.33560180664062,
KRQ,Kramatorsk Airport,Kramatorsk,Ukraine,48.70560073852539,37.62889862060547,
QKX,Kautokeino Air Base,Kautokeino,Norway,69.04029846191406,23.034000396728516,
SSF,Stinson Municipal Airport,Stinson,United States,29.336999893188,-98.471099853516,
JAS,Jasper County Airport-Bell Field,Jasper,United States,30.88570023,-94.03489685,
MRF,Marfa Municipal Airport,Marfa,United States,30.371099,-104.017997,
ALE,Alpine Casparis Municipal Airport,Alpine,United States,30.384199142499998,-103.683998108,
BQE,Bubaque Airport,Bubaque,Guinea-Bissau,11.297355651855469,-15.838079452514648,
CZA,Chichen Itza International Airport,Chichen Itza,Mexico,20.6413002014,-88.4461975098,America/Mexico_City
BUY,Bunbury Airport,Bunbury,Australia,-33.378299713134766,115.677001953125,
CCB,Cable Airport,Upland,United States,34.1115989685,-117.68800354,
EKI,Elkhart Municipal Airport,Elkhart,United States,41.7193984985,-86.00319671630001,
CUB,Jim Hamilton L.B. Owens Airport,Columbia,United States,33.970500946,-80.9952011108,
GDC,Donaldson Field Airport,Greenville,United States,34.758301,-82.376404,
HVS,Hartsville Regional Airport,Hartsville,United States,34.4030990601,-80.11920166019999,
SZT,San Cristobal de las Casas Airport,San Cristobal de las Casas,Mexico,16.690299987793,-92.530097961426,America/Mexico_City
DU9,Dunnville Airport,Dunnville,Canada,42.872200012200004,-79.5958023071,
RIH,Scarlett Martinez International Airport,Rio Hato,Panama,8.375880241394,-80.127899169922,
LEE,Leesburg International Airport,Leesburg,United States,28.82309914,-81.80870056,
PPY,Pouso Alegre Airport,Pouso Alegre,Brazil,-22.289199829101562,-45.91910171508789,
DIQ,Brigadeiro Cabral Airport,Divinopolis,Brazil,-20.180700302124,-44.870899200439,
EIK,Yeysk Airport,Eysk,Russia,46.68,38.21,Europe/Moscow
ERD,Berdyansk Airport,Berdyansk,Ukraine,46.814998626708984,36.75809860229492,
BWX,Blimbingsari Airport,Banyuwangi,Indonesia,-8.31015,114.3401,
ERL,Erenhot Saiwusu International Airport,Erenhot,China,43.4225,112.096667,
CNO,Chino Airport,Chino,United States,33.97470093,-117.637001,
HTR,Hateruma Airport,Taketomi,Japan,24.0589008331,123.805999756,
BWW,Las Brujas Airport,Cayo Santa Maria,Cuba,22.621299743699996,-79.1472015381,
PRB,Paso Robles Municipal Airport,Paso Robles,United States,35.67290115,-120.6269989,
PKX,Beijing Daxing International Airport,Beijing,China,39.509945,116.41092,
HAF,Half Moon Bay Airport,Half Moon Bay,United States,37.513401031499995,-122.500999451,
HCJ,Hechi Jinchengjiang Airport,Hechi,China,24.805,107.6997,
WJF,General WM J Fox Airfield,Lancaster,United States,34.74110031,-118.2190018,
CJF,Coondewanna Airport,Coondewanna,Australia,-22.96669960022,118.81300354004,
GUZ,Guarapari Airport,Guarapari,Brazil,-20.646499633800005,-40.491901397700005,
UBT,Ubatuba Airport,Ubatuba,Brazil,-23.441099166870117,-45.075599670410156,
BOX,Borroloola Airport,Borroloola,Australia,-16.075300216674805,136.302001953125,
QUG,Chichester/Goodwood Airport,Goodwood,United Kingdom,50.85940170288086,-0.7591670155525208,
TNW,Jumandy Airport,Tena,Ecuador,-1.059722,-77.583333,
FYJ,Dongji Aiport,Fuyuan,China,48.199494,134.366447,
PZL,Zulu Inyala Airport,Phinda,South Africa,-27.84939956665039,32.30970001220703,
LPF,Liupanshui Yuezhao Airport,Liupanshui,China,26.609417,104.979,
KJH,Kaili Airport,Kaili,China,26.972,107.988,
HPG,Shennongjia Hongping Airport,Shennongjia,China,31.626,110.34,
ZQZ,Zhangjiakou Ningyuan Airport,Zhangjiakou,China,40.7386016846,114.930000305,
YIE,Arxan Yi'ershi Airport,Arxan,China,47.3106,119.9117,
HNY,Hengyang Nanyue Airport,Hengyang,China,26.9053,112.627998,
AHJ,Hongyuan Airport,Ngawa,China,32.53154,102.35224,
WOS,Wonsan Kalma International Airport,Wonsan,North Korea,39.166801,127.486,
IGT,Magas Airport,Magas,Russia,43.322299957300004,45.0125999451,Europe/Moscow
ASN,Talladega Municipal Airport,Talladega,United States,33.569900512699995,-86.05090332030001,
GMU,Greenville Downtown Airport,Greenville,United States,34.847900390599996,-82.34999847410002,
NGD,Captain Auguste George Airport,Anegada,British Virgin Islands,18.72719955444336,-64.32969665527344,
TOI,Troy Municipal Airport at N Kenneth Campbell Field,Troy,United States,31.860399,-86.012101,
ETS,Enterprise Municipal Airport,Enterprise,United States,31.29969978,-85.89990234,
EFG,Efogi Airport,Efogi,Papua New Guinea,-9.15380555556,147.659805556,
KGW,Kagi Airport,Kagi,Papua New Guinea,-9.135916666670001,147.669444444,
NDN,Nadunumu Airport,Nadunumu,Papua New Guinea,-9.14355555556,147.68425,
BNM,Bodinumu Airport,Bodinumu,Papua New Guinea,-9.107777777779999,147.666722222,
ALX,Thomas C Russell Field,Alexander City,United States,32.914699554399995,-85.9629974365,
PKT,Port Keats Airport,Wadeye,Australia,-14.25,129.5290069580078,
GPN,Garden Point Airport,Pirlangimpi,Australia,-11.40250015258789,130.4219970703125,
DOH,Hamad International Airport,Doha,Qatar,25.273056,51.608056,
HZP,Fort Mackay / Horizon Airport,Wood Buffalo,Canada,57.3816986084,-111.700996399,
HDE,Brewster Field,Holdredge,United States,40.452099,-99.336502,
PTT,Pratt Regional Airport,Pratt,United States,37.70159912,-98.74690247,
LXN,Jim Kelly Field,Lexington,United States,40.791000366199995,-99.7772979736,
CBF,Council Bluffs Municipal Airport,Council Bluffs,United States,41.2592010498,-95.760597229,
OKK,Kokomo Municipal Airport,Kokomo,United States,40.528198242188,-86.05899810791,
GBG,Galesburg Municipal Airport,Galesburg,United States,40.937999725299996,-90.431098938,
GUY,Guymon Municipal Airport,Guymon,United States,36.6851005554,-101.508003235,
IDP,Independence Municipal Airport,Independence,United States,37.1584014893,-95.77839660640001,
BBC,Bay City Municipal Airport,Bay City,United States,28.9733009338,-95.8635025024,
PRX,Cox Field,Paris,United States,33.636600494385,-95.450798034668,
CFV,Coffeyville Municipal Airport,Coffeyville,United States,37.09400177,-95.5718994141,
GXY,Greeley–Weld County Airport,Greeley,United States,40.4374008179,-104.633003235,
OEL,Oryol Yuzhny Airport,Oakley,United States,52.934700012200004,36.0022010803,
FET,Fremont Municipal Airport,Fremont,United States,41.44910049,-96.52020264,
LGD,La Grande/Union County Airport,La Grande,United States,45.2901992798,-118.007003784,
SZY,Olsztyn-Mazury Airport,Szczytno-Szymany,Poland,53.481899,20.9377,
MPO,Pocono Mountains Municipal Airport,Mount Pocono,United States,41.137503,-75.378897,
UKT,Quakertown Airport,Quakertown,United States,40.435199737549,-75.381896972656,
YBA,Banff Airport,Banff,Canada,51.207340469900004,-115.541861057,
BNG,Banning Municipal Airport,Banning,United States,33.9230995178,-116.850997925,
OFK,Karl Stefan Memorial Airport,Norfolk  Nebraska,United States,41.985500335693,-97.435096740723,
TFL,Juscelino Kubitscheck Airport,Teofilo Otoni,Brazil,-17.89229965209961,-41.51359939575195,
TPF,Peter O Knight Airport,Tampa,United States,27.915599822998,-82.44930267334,
BZC,Umberto Modiano Airport,Buzios,Brazil,-22.770999908447266,-41.96289825439453,
ITP,Itaperuna Airport,Itaperuna,Brazil,-21.219299316399997,-41.8759002686,
REZ,Resende Airport,Resende,Brazil,-22.4785003662,-44.4803009033,
KBN,Tunta Airport,Kabinda,Congo (Kinshasa),-6.132999897,24.4829998016,
IKL,Ikela Airport,Ikela,Congo (Kinshasa),-1.048109,23.372501,
AIR,Aripuanã Airport,Aripuana,Brazil,-10.188278,-59.457273,
JRN,Juruena Airport,Juruena,Brazil,-10.305832862854004,-58.489444732666016,
JIA,Juína Airport,Juina,Brazil,-11.419444,-58.701668,
VLP,Vila Rica Airport,Vila Rica,Brazil,-9.979443550109863,-51.1422233581543,
JUA,Inácio Luís do Nascimento Airport,Juara,Brazil,-11.2966,-57.5495,
CCX,Cáceres Airport,Caceres,Brazil,-16.04360008239746,-57.62990188598633,
TGQ,Tangará da Serra Airport,Tangara da Serra,Brazil,-14.661999702500001,-57.4435005188,
CQA,Canarana Airport,Canarana,Brazil,-13.574443817138672,-52.27055740356445,
MTG,Vila Bela da Santíssima Trindade Airport,Vila Bela da Santissima Trindade ,Brazil,-14.9942,-59.9458,
BMB,Bumbar Airport,Bumba,Congo (Kinshasa),2.18278,22.481701,
APQ,Arapiraca Airport,Arapiraca,Brazil,-9.775360107421875,-36.62919998168945,
FLB,Cangapara Airport,Floriano,Brazil,-6.8463897705078125,-43.077301025390625,
PCS,Picos Airport,Picos,Brazil,-7.0620598793029785,-41.52370071411133,
BNC,Beni Airport,Beni,Congo (Kinshasa),0.575,29.4739,
BNB,Boende Airport,Boende,Congo (Kinshasa),-0.21699999272823334,20.850000381469727,
MTP,Montauk Airport,Montauk,United States,41.0765,-71.920797,
VPZ,Porter County Municipal Airport,Valparaiso IN,United States,41.45399857,-87.00710297,
DRV,Dharavandhoo Airport,DHARAVANDHOO,Maldives,5.1561,73.1302,
SXK,Saumlaki/Olilit Airport,Saumlaki,Indonesia,-7.9886097908,131.305999756,
MLZ,Cerro Largo International Airport,Melo,Uruguay,-32.33789825439453,-54.21670150756836,
PDU,Tydeo Larre Borges Airport,Paysandu,Uruguay,-32.36330032348633,-58.0619010925293,
ATI,Artigas International Airport,Artigas ,Uruguay,-30.400699615478516,-56.50790023803711,
HSM,Horsham Airport,Horsham,Australia,-36.669700622558594,142.17300415039062,
SWH,Swan Hill Airport,Swan Hill,Australia,-35.37580108642578,143.5330047607422,
TTL,Turtle Island Seaplane Base,Turtle Island,Fiji,-16.966,177.368,
KWB,Dewadaru - Kemujan Island,Karimunjawa,Indonesia,-5.80091,110.47838,
KOO,Kongolo Airport,Kongolo,Congo (Kinshasa),-5.39444,26.99,
AOU,Attopeu Airport,Attopeu,Laos,14.814715357,106.821699142,
SQX,São Miguel do Oeste Airport,Sao Miguel do Oeste,Brazil,-26.781600952148438,-53.503501892089844,
LDM,Mason County Airport,Ludington,United States,43.96250153,-86.40789795,
RHV,Reid-Hillview Airport of Santa Clara County,San Jose,United States,37.332901001,-121.819000244,
OHS,Sohar Airport,Sohar,Oman,24.38604,56.62541,
KCF,Kadanwari Airport,Kadanwari,Pakistan,27.1667003632,69.31670379639999,
RZS,Sawan Airport,Sindh,Pakistan,26.9662,68.878098,
TMF,Thimarafushi Airport,Thimarafushi,Maldives,2.211,73.1533,
IFU,Ifuru Airport,Ifuru,Maldives,5.7083,73.025,
KZF,Kaintiba Airport,Kieta,Papua New Guinea,-7.50025,146.033833333,
OGU,Ordu Giresun Airport,Ordu-Giresun,Turkey,40.966047,38.080994,
YKO,Hakkari Yüksekova Airport,Hakkari,Turkey,37.5497,44.2381,
BUT,Bathpalathang Airport,Jakar,Bhutan,27.5622,90.7471,
TLI,Sultan Bantilan Airport,Toli-Toli,Indonesia,1.123428,120.793658,
TQL,Tarko-Sale Airport,Tarko-Sale,Russia,64.9308013916,77.81809997559999,
JIC,Jinchuan Airport,Jinchuan,China,38.542222222199996,102.348333333,
BPL,Alashankou Bole (Bortala) airport,Bole,China,44.895,82.3,
FYN,Fuyun Koktokay Airport,Fuyun,China,46.804169,89.512006,
ACS,Achinsk Airport,Achinsk,Russia,56.2682991027832,90.57080078125,
LFQ,Linfen Qiaoli Airport,LINFEN,China,36.132629,111.641236,
YJP,Hinton/Jasper-Hinton Airport,Hinton,Canada,53.3191986084,-117.752998352,
WVI,Watsonville Municipal Airport,Watsonville,United States,36.9356994629,-121.790000916,
GLU,Gelephu Airport,Gelephu,Bhutan,26.88456,90.46412,
HLI,Hollister Municipal Airport,Hollister,United States,36.8932991028,-121.410003662,
DLK,Dulkaninna Airport,Dulkaninna,Australia,-29.0132999420166,138.4810028076172,
YBS,Opapimiskan Lake Airport,Musselwhite Mine,Canada,52.6067008972,-90.3768997192,
RIZ,Rizhao Shanzihe Airport,Rizhao,China,35.405033,119.324403,
SQJ,Shaxian Airport,Sanming,China,26.4263,117.8336,
XTO,Taroom Airport,Taroom,Australia,-25.801700592041016,149.89999389648438,
YSE,Squamish Airport,Squamish,Canada,49.7817001343,-123.162002563,
YAH,La Grande-4 Airport,La Grande-4,Canada,53.754699707,-73.6753005981,
YAL,Alert Bay Airport,Alert Bay,Canada,50.58219909667969,-126.91600036621094,
YCE,Centralia / James T. Field Memorial Aerodrome,Centralia,Canada,43.285599,-81.508301,
YCQ,Chetwynd Airport,Chetwynd,Canada,55.687198638916016,-121.62699890136719,
XRR,Ross River Airport,Ross River,Canada,61.9706001282,-132.42300415,
YDO,Dolbeau St Felicien Airport,Dolbeau-St-Félicien,Canada,48.778499603271,-72.375,
YEY,Amos/Magny Airport,Amos,Canada,48.563903,-78.249702,
YHE,Hope Airport,Hope,Canada,49.3683013916,-121.498001099,
YHT,Haines Junction Airport,Haines Junction,Canada,60.78919982910156,-137.54600524902344,
YDG,Digby / Annapolis Regional Airport,Digby,Canada,44.5458450365,-65.7854247093,
YJF,Fort Liard Airport,Fort Liard,Canada,60.235801696799996,-123.46900177,
YKJ,Key Lake Airport,Key Lake,Canada,57.256099700927734,-105.61799621582031,
YLR,Leaf Rapids Airport,Leaf Rapids,Canada,56.513301849365234,-99.98529815673828,
YME,Matane Airport,Matane,Canada,48.85689926147461,-67.45330047607422,
YML,Charlevoix Airport,Charlevoix,Canada,47.59749984741211,-70.2238998413086,
YOS,Owen Sound / Billy Bishop Regional Airport,Owen Sound,Canada,44.5903015137,-80.8375015259,
YPS,Port Hawkesbury Airport,Port Hawkesbury,Canada,45.6567001343,-61.3680992126,
YQS,St Thomas Municipal Airport,St Thomas,Canada,42.77000045776367,-81.11080169677734,
YRO,Ottawa / Rockcliffe Airport,Ottawa,Canada,45.4603004456,-75.64610290530001,
YSH,Smiths Falls-Montague (Russ Beach) Airport,Smiths Falls,Canada,44.94580078125,-75.94059753417969,
YSL,St Leonard Airport,St Leonard,Canada,47.157501220703125,-67.83470153808594,
YVE,Vernon Airport,Vernon,Canada,50.24810028076172,-119.33100128173828,
YXQ,Beaver Creek Airport,Beaver Creek,Canada,62.410301208496094,-140.86700439453125,
YSN,Shuswap Regional Airport,Salmon Arm,Canada,50.682802,-119.228996,
KES,Kelsey Airport,Kelsey,Canada,56.0374984741,-96.50969696039999,
XPK,Pukatawagan Airport,Pukatawagan,Canada,55.7491989136,-101.26599884,
ZGF,Grand Forks Airport,Grand Forks,Canada,49.01559829711914,-118.43099975585938,
ZJG,Jenpeg Airport,Jenpeg,Canada,54.51890182495117,-98.04609680175781,
YTD,Thicket Portage Airport,Thicket Portage,Canada,55.31890106201172,-97.70780181884766,
PIW,Pikwitonei Airport,Pikwitonei,Canada,55.58890151977539,-97.16419982910156,
XPP,Poplar River Airport,Poplar River,Canada,52.9965258788,-97.2741937637,
WPC,Pincher Creek Airport,Pincher Creek,Canada,49.520599365200006,-113.997001648,
ZST,Stewart Airport,Stewart,Canada,55.935410448,-129.982434511,
ZUC,Ignace Municipal Airport,Ignace,Canada,49.4296989440918,-91.7177963256836,
FNB,Neubrandenburg Airport,Neubrandenburg,Germany,53.6022,13.306,
FSS,RAF Kinloss,Kinloss,United Kingdom,57.6493988037,-3.56064009666,
BXP,Biała Podlaska Airfield,Biała Podlaska,Poland,52.00078,23.1325278,
DGP,Daugavpils Intrenational Airport,Daugavpils,Latvia,55.944721221900004,26.6650009155,
LMR,Lime Acres Finsch Mine Airport,Lime Acres,South Africa,-28.36009979248047,23.43910026550293,
SXN,Sua Pan Airport,Sowa,Botswana,-20.5534,26.115801,
NDD,Sumbe Airport,Sumbe,Angola,-11.167900085449219,13.84749984741211,
MAI,Mangochi Airport,Mangochi,Malawi,-14.482999801635742,35.266998291015625,
ADI,Arandis Airport,Arandis,Namibia,-22.462200164794922,14.979999542236328,
MWE,Merowe New Airport,Merowe,Sudan,18.4433333333,31.8433333333,
ALN,St Louis Regional Airport,Alton/St Louis,United States,38.89030075069999,-90.0459976196,
AXN,Chandler Field,Alexandria,United States,45.8662986755,-95.39469909670001,
CLU,Columbus Municipal Airport,Columbus,United States,39.2619018555,-85.8963012695,
BBD,Curtis Field,Brady,United States,31.1793003082,-99.3238983154,
BIH,Eastern Sierra Regional Airport,Bishop,United States,37.3731002808,-118.363998413,
BKE,Baker City Municipal Airport,Baker City,United States,44.837299346900004,-117.808998108,
BPI,Miley Memorial Field,Big Piney,United States,42.58509827,-110.1110001,
WMH,Ozark Regional Airport,Mountain Home,United States,36.3689002991,-92.47049713130001,
BTL,W K Kellogg Airport,Battle Creek,United States,42.307300567599995,-85.2515029907,
BYI,Burley Municipal Airport,Burley,United States,42.542598724399994,-113.772003174,
CCY,Northeast Iowa Regional Airport,Charles City,United States,43.0726013184,-92.6108016968,
CNU,Chanute Martin Johnson Airport,Chanute,United States,37.668800354,-95.4850997925,
CRG,Jacksonville Executive at Craig Airport,Jacksonville,United States,30.3362998962,-81.51439666750001,
CSV,Crossville Memorial Whitson Field,Crossville,United States,35.9513015747,-85.08499908450001,
DAA,Davison Army Air Field,Fort Belvoir,United States,38.715000152600005,-77.1809997559,
DAG,Barstow Daggett Airport,Daggett,United States,34.85369873,-116.7870026,
DMN,Deming Municipal Airport,Deming,United States,32.262298584,-107.721000671,
DRA,Desert Rock Airport,Mercury,United States,36.6194,-116.032997,
EED,Needles Airport,Needles,United States,34.7663002014,-114.623001099,
EGI,Duke Field,Crestview,United States,30.65040016,-86.52290344,
EKA,Murray Field,Eureka,United States,40.803398132299996,-124.112998962,
HYR,Sawyer County Airport,Hayward,United States,46.025199890100005,-91.44429779050002,
JCT,Kimble County Airport,Junction,United States,30.5112991333,-99.7634963989,
LOL,Derby Field,Lovelock,United States,40.0663986206,-118.565002441,
MBG,Mobridge Municipal Airport,Mobridge,United States,45.54650116,-100.4079971,
MCB,Mc Comb/Pike County Airport/John E Lewis Field,Mc Comb,United States,31.17849922,-90.47190094,
MDH,Southern Illinois Airport,Carbondale/Murphysboro,United States,37.778099060058594,-89.25199890136719,
MMT,Mc Entire Joint National Guard Base,Eastover,United States,33.92079926,-80.80130005,
NHZ,Brunswick Executive Airport,Brunswick,United States,43.89220047,-69.93859863,
NRB,Naval Station Mayport (Admiral David L. Mcdonald Field),Mayport,United States,30.39109993,-81.42469788,
OGB,Orangeburg Municipal Airport,Orangeburg,United States,33.456798553467,-80.859497070312,
OTM,Ottumwa Regional Airport,Ottumwa,United States,41.10660172,-92.44789886,
OZR,Cairns AAF (Fort Rucker) Air Field,Fort Rucker/Ozark,United States,31.27569962,-85.71340179,
PWY,Ralph Wenz Field,Pinedale,United States,42.79550171,-109.8069992,
POU,Dutchess County Airport,Poughkeepsie,United States,41.6265983581543,-73.88420104980469,
RSL,Russell Municipal Airport,Russell,United States,38.872100830078,-98.811798095703,
RWF,Redwood Falls Municipal Airport,Redwood Falls,United States,44.54719925,-95.08229828,
SNS,Salinas Municipal Airport,Salinas,United States,36.662799835205,-121.60600280762,
TPH,Tonopah Airport,Tonopah,United States,38.06019974,-117.086998,
UKI,Ukiah Municipal Airport,Ukiah,United States,39.125999450684,-123.20099639893,
UOX,University Oxford Airport,Oxford,United States,34.384300231934,-89.536796569824,
HTV,Huntsville Regional Airport,Huntsville,United States,30.7469005585,-95.5871963501,
VTN,Miller Field,Valentine,United States,42.85779953,-100.5479965,
WMC,Winnemucca Municipal Airport,Winnemucca,United States,40.8965988159,-117.805999756,
WWR,West Woodward Airport,Woodward,United States,36.438,-99.5226667,
ZZV,Zanesville Municipal Airport,Zanesville,United States,39.9444007874,-81.89209747310001,
ECV,Cuatro Vientos Airport,Madrid,Spain,40.370701,-3.78514,
CDT,Castellón-Costa Azahar Airport,Castellón de la Plana,Spain,40.213889,0.073333,
TEV,Teruel Airport,Teruel,Spain,40.403,-1.2183,
QLP,Sarzana-Luni Air Base,Sarzana (SP),Italy,44.088001,9.98795,
BJY,Batajnica Air Base,Batajnica,Serbia,44.935299,20.2575,
RUV,Rubelsanto Airport,Rubelsanto,Guatemala,15.991999626159668,-90.44529724121094,
XPL,Coronel Enrique Soto Cano Air Base,Comayagua,Honduras,14.3824,-87.621201,
UPL,Upala Airport,Upala,Costa Rica,10.8922,-85.016197,
QSN,San Nicolas De Bari Airport,San Nicolás,Cuba,22.756099700927734,-81.9208984375,
SNJ,San Julian Air Base,Pinar Del Rio,Cuba,22.095300674438477,-84.1520004272461,
DWD,King Salman Abdulaziz Airport,,Saudi Arabia,24.4499,44.121201,
KMX,King Khaled Air Base,,Saudi Arabia,18.297300338745117,42.80350112915039,
XXN,Riyadh Air Base,Riyadh,Saudi Arabia,24.709800720214844,46.72520065307617,
KNR,Jam Airport,Kangan,Iran,27.820499420166016,52.35219955444336,
PYK,Payam International Airport,Karaj,Iran,35.776100158691,50.826698303223,
XIJ,Ahmed Al Jaber Air Base,Ahmed Al Jaber AB,Kuwait,28.9347991943,47.791900634799994,
ATG,Minhas Air Base,Kamra,Pakistan,33.8690986633,72.4009017944,
SGI,Mushaf Air Base,Sargodha,Pakistan,32.04859924316406,72.66500091552734,
RQW,Qayyarah West Airport,Qayyarah,Iraq,35.76720047,43.125099182099994,
ENN,Nenana Municipal Airport,Nenana,United States,64.54730224609375,-149.07400512695312,
WWA,Wasilla Airport,Wasilla,United States,61.5717010498,-149.539993286,
IWK,Iwakuni Marine Corps Air Station,Iwakuni,Japan,34.143902,132.235992,
IEJ,Ie Jima Airport,Ie,Japan,26.7220001221,127.785003662,
AAV,Allah Valley Airport,Surallah,Philippines,6.366819858551025,124.7509994506836,
BPH,Bislig Airport,,Philippines,8.19594955444336,126.3219985961914,
MXI,Mati National Airport,,Philippines,6.949091,126.27368,
BAT,Chafei Amsei Airport,Barretos,Brazil,-20.584499359131,-48.594100952148,
QHP,Base de Aviação de Taubaté Airport,Taubaté,Brazil,-23.04010009765625,-45.51599884033203,
TOQ,Barriles Airport,Tocopilla,Chile,-22.14109992980957,-70.06289672851562,
CNR,Chañaral Airport,Chañaral,Chile,-26.332500457763672,-70.6072998046875,
TLX,Panguilemo Airport,Talca,Chile,-35.37779998779297,-71.60169982910156,
ZIC,Victoria Airport,Victoria,Chile,-38.245601654052734,-72.34860229492188,
TTC,Las Breas Airport,Taltal,Chile,-25.564300537109375,-70.37590026855469,
API,Gomez Nino Apiay Air Base,Apiay,Colombia,4.07607,-73.5627,
CVE,Coveñas Airport,Coveñas,Colombia,9.40092,-75.6913,
PAL,German Olano Air Base,La Dorada,Colombia,5.48361,-74.6574,
PZA,Paz De Ariporo Airport,Paz De Ariporo,Colombia,5.87615,-71.8866,
TQS,Tres Esquinas Air Base,Tres Esquinas,Colombia,0.7459,-75.234,
RIJ,Juan Simons Vela Airport,Rioja,Peru,-6.067860126495361,-77.16000366210938,
JAE,Shumba Airport,Jaén,Peru,-5.59248,-78.774002,
IKU,Issyk-Kul International Airport,Tamchy,Kyrgyzstan,42.58792,76.713046,
VYI,Vilyuisk Airport,Vilyuisk,Russia,63.75666809082,121.69333648682,
BGN,Belaya Gora Airport,,Russia,68.556602,146.231506,
GVN,Maygatka Airport.,Sovetskaya Gavan,Russia,48.926998138399995,140.033996582,
NLI,Nikolayevsk-na-Amure Airport,Nikolayevsk-na-Amure Airport,Russia,53.154999,140.649994,
VLK,Volgodonsk Airport,,Russia,47.682098388671875,42.07279968261719,
INA,Inta Airport,Inta,Russia,66.0548324584961,60.110321044921875,
ZIX,Zhigansk Airport,Zhigansk,Russia,66.7965011597,123.361000061,
RTC,Ratnagiri Airport,,India,17.013599,73.327797,
HIM,Hingurakgoda Air Force Base,Polonnaruwa Town,Sri Lanka,8.04981,80.9814,
RDP,Kazi Nazrul Islam Airport,Durgapur,India,23.6225,87.243,
PUT,Sri Sathya Sai Airport,Puttaparthi,India,14.1492996216,77.7910995483,
LNX,Smolensk North Airport,Smolensk,Russia,54.824,32.025,
ABH,Alpha Airport,Alpha,Australia,-23.646099,146.584,
ARY,Ararat Airport,,Australia,-37.30939865112305,142.98899841308594,
BLN,Benalla Airport,,Australia,-36.55189895629883,146.0070037841797,
BZD,Balranald Airport,,Australia,-34.623600006103516,143.5780029296875,
BWQ,Brewarrina Airport,,Australia,-29.973899841308594,146.81700134277344,
CVC,Cleve Airport,,Australia,-33.70970153808594,136.5050048828125,
CWW,Corowa Airport,,Australia,-35.99470138549805,146.35699462890625,
CYG,Corryong Airport,,Australia,-36.18280029296875,147.88800048828125,
CMD,Cootamundra Airport,,Australia,-34.6239013671875,148.0279998779297,
DRN,Dirranbandi Airport,,Australia,-28.591699600219727,148.2169952392578,
DNQ,Deniliquin Airport,Deniliquin,Australia,-35.5593986511,144.945999146,
DYA,Dysart Airport,,Australia,-22.62220001220703,148.36399841308594,
ECH,Echuca Airport,,Australia,-36.15719985961914,144.76199340820312,
FRB,Forbes Airport,Forbes,Australia,-33.363602,147.934998,
GUH,Gunnedah Airport,,Australia,-30.96109962463379,150.25100708007812,
HXX,Hay Airport,,Australia,-34.53139877319336,144.8300018310547,
HTU,Hopetoun Airport,,Australia,-35.715301513671875,142.36000061035156,
KRA,Kerang Airport,,Australia,-35.751399993896484,143.93899536132812,
KPS,Kempsey Airport,,Australia,-31.074399948120117,152.77000427246094,
KGY,Kingaroy Airport,,Australia,-26.580799102783203,151.84100341796875,
TGN,Latrobe Valley Airport,Morwell,Australia,-38.207199,146.470001,
MRG,Mareeba Airport,,Australia,-17.06920051574707,145.41900634765625,
RPM,Ngukurr Airport,,Australia,-14.722800254821777,134.7469940185547,
QRM,Narromine Airport,,Australia,-32.214698791503906,148.22500610351562,
PPI,Port Pirie Airport,,Australia,-33.23889923095703,137.9949951171875,
SIO,Smithton Airport,,Australia,-40.834999084472656,145.08399963378906,
SNB,Snake Bay Airport,,Australia,-11.422800064086914,130.6540069580078,
SWC,Stawell Airport,,Australia,-37.07170104980469,142.74099731445312,
TYB,Tibooburra Airport,,Australia,-29.451099395751953,142.05799865722656,
TUM,Tumut Airport,,Australia,-35.26279830932617,148.24099731445312,
WGT,Wangaratta Airport,,Australia,-36.41579818725586,146.3070068359375,
WKB,Warracknabeal Airport,,Australia,-36.32109832763672,142.41900634765625,
QRR,Warren Airport,,Australia,-31.733299255371094,147.80299377441406,
SXE,West Sale Airport,Sale,Australia,-38.090827,146.965335,
WWY,West Wyalong Airport,West Wyalong,Australia,-33.9371986389,147.190994263,
NGA,Young Airport,,Australia,-34.25559997558594,148.2480010986328,
LHK,Guangzhou MR Air Base,Guanghua,China,32.389400482177734,111.69499969482422,
WDS,Shiyan Wudangshan Airport,Shiyan,China,32.591667,110.907778,
HTT,Huatugou Airport,Mengnai,China,38.201984,90.841495,
UUN,Baruun Urt Airport,,Mongolia,46.660301208496094,113.28500366210938,
BFU,Bengbu Airport,Bengbu,China,32.8477333333,117.320244444,
RUG,Rugao Air Base,Rugao,China,32.25788497924805,120.50165557861328,
WHU,Wuhu Air Base,Wuhu,China,31.3906,118.408997,
SXJ,Shanshan Airport,Shanshan,China,42.91170120239258,90.24749755859375,
YKH,Yingkou Lanqi Airport,Yingkou,China,40.542524,122.3586,
BQG,Bogorodskoye Airport,Bogorodskoe,Russia,52.38,140.448,
HYD,Rajiv Gandhi International Airport,Hyderabad,India,17.2313175201,78.4298553467,
PKO,Parakou Airport,Parakou,Benin,9.35768985748291,2.609679937362671,
KDC,Kandi Airport,Kandi,Benin,11.14479,2.940381,
HMG,Hermannsburg Airport,Hermannsburg,Australia,-23.93000030517578,132.80499267578125,
BIB,Baidoa Airport,Baidoa,Somalia,3.102220058441162,43.62860107421875,
KCS,Kings Creek Airport,Petermann,Australia,-24.42329978942871,131.8350067138672,
BMR,Baltrum Airport,Baltrum,Germany,53.72472381591797,7.373332977294922,
MVW,Skagit Regional Airport,Skagit,United States,48.4709014893,-122.42099762,
GOO,Goondiwindi Airport,Goondiwindi,Australia,-28.521400451660156,150.32000732421875,
APT,Marion County Brown Field,Jasper,United States,35.060699,-85.585297,
DCU,Pryor Field Regional Airport,Decatur,United States,34.652698516799994,-86.94539642330001,
GLW,Glasgow Municipal Airport,Glasgow,United States,37.03179932,-85.9536972,
DKV,Docker River Airport,Docker River,Australia,-24.860000610351562,129.07000732421875,
RNZ,Jasper County Airport,Rensselaer,United States,40.9478988647,-87.1826019287,
SBT,Sabetta International Airport,Sabetta,Russia,71.219167,72.052222,
AXF,Alxa Left Banner Bayanhot Airport,Alxa Left Banner,China,38.74831,105.58858,
NIS,Simberi Airport,Simberi Island,Papua New Guinea,-2.66222222222,151.997777778,
BUL,Bulolo Airport,Bulolo,Papua New Guinea,-7.216286671410001,146.649541855,
TBR,Statesboro Bulloch County Airport,Statesboro,United States,32.4827003479,-81.73690032959999,
AMT,Amata Airport,Amata,Australia,-26.108299255371094,131.20700073242188,
EDD,Erldunda Airport,Erldunda,Australia,-25.205799102800004,133.253997803,
FIK,Finke Airport,Finke,Australia,-25.5946998596,134.582992554,
JJG,Humberto Ghizzo Bortoluzzi Regional Airport,Jaguaruna,Brazil,-28.6753,-49.0596,
WKI,Hwange (Town) Airport,Hwange,Zimbabwe,-18.362967,26.519791,
KLJ,Klaipėda Airport,Klaipeda,Lithuania,55.7118988037,21.242799758900002,
ETB,West Bend Municipal Airport,WEST BEND,United States,43.4221992493,-88.1278991699,
GLR,Gaylord Regional Airport,GAYLORD,United States,45.013500213600004,-84.7035980225,
AID,Anderson Municipal Darlington Field,ANDERSON,United States,40.10860061649999,-85.6129989624,
QND,Cenej Airport,Novi Sad,Serbia,45.385799,19.839199,
GUU,Grundarfjörður Airport,Grundarfjordur,Iceland,64.99140167236328,-23.224700927734375,
PCD,Prairie Du Chien Municipal Airport,Prairie du Chien,United States,43.019298553467,-91.12370300293,
OTJ,Otjiwarongo Airport,Otjiwarongo,Namibia,-20.434700012207,16.660800933838,
TSM,Taos Regional Airport,Taos,United States,36.45819855,-105.6719971,
RTN,Raton Municipal-Crews Field,Raton,United States,36.74150085,-104.5019989,
PPA,Perry Lefors Field,Pampa,United States,35.612998962402,-100.99600219727,
FLP,Marion County Regional Airport,Flippin,United States,36.29090118,-92.59030151,
BGD,Hutchinson County Airport,Borger,United States,35.700901031499995,-101.393997192,
HLE,St. Helena Airport,Longwood,United Kingdom,-15.957725,-5.645943,
BNJ,Bonn-Hangelar Airport,Sankt-Augustin,Germany,50.7688903809,7.16333293915,
NGK,Nogliki Airport,Nogliki,Russia,51.780102,143.139008,
SQA,Santa Ynez Airport,Santa Ynez,United States,34.60680008,-120.0759964,
HXD,Delingha Airport,Haixi,China,37.125286,97.268658,
BAR,Qionghai Bo'ao Airport,Qionghai,China,19.13824,110.454775,
ZBO,Bowen Airport,Bowen,Australia,-20.018299102783203,148.21499633789062,
UCB,Ulanqab Jining Airport,Wulanchabu,China,41.129722,113.108056,
KEO,Odienne Airport,Odienne,Cote d'Ivoire,9.5,-7.566999912261963,
GII,Siguiri Airport,Siguiri,Guinea,11.432999610901,-9.1669998168945,
NZE,Nzérékoré Airport,Nzerekore,Guinea,7.8060193061829,-8.7017974853516,
OCM,Boolgeeda,Brockman,Australia,-22.54,117.275,
WGN,Shaoyang Wugang Airport,Shaoyang,China,26.802,110.642,
TXF,9 de Maio - Teixeira de Freitas Airport,Teixeira de Freitas,Brazil,-17.524499893188,-39.66849899292,
SPA,Spartanburg Downtown Memorial Airport,Spartangurg,United States,34.915699005127,-81.956497192383,
BJW,Bajawa Soa Airport,Bajawa,Indonesia,-8.70743498008,121.057426929,
NBN,Annobón Airport,San Antonio de Pale,Equatorial Guinea,-1.410277,5.621944,
OLL,Oyo Ollombo Airport,Oyo,Congo (Brazzaville),-1.226666,15.91,
PPF,Tri-City Airport,Parsons,United States,37.32989883,-95.5062027,
PCQ,Boun Neau Airport,Phongsaly,Laos,21.6475,101.9,
AYS,Waycross Ware County Airport,Waycross,United States,31.2490997314,-82.39550018310001,
DSS,Blaise Diagne International Airport,Diass,Senegal,14.67,-17.073333,
PMH,Greater Portsmouth Regional Airport,Portsmouth,United States,38.8404998779,-82.84729766850002,
NAC,Naracoorte Airport,Naracoorte,Australia,-36.98529815673828,140.72500610351562,
PGZ,Ponta Grossa Airport - Comandante Antonio Amilton Beraldo,Ponta Grossa,Brazil,-25.1847,-50.1441,
PQM,Palenque International Airport,Palenque,Mexico,17.533153,-92.015484,
CUD,Caloundra Airport,Caloundra,Australia,-26.799999237060547,153.10000610351562,
CLP,Clarks Point Airport,Clarks Point,United States,58.83369827,-158.529007,
JOJ,Doris Lake,Doris Lake,Canada,68.1252746582,-106.585281372,
ECI,Costa Esmeralda Airport,Tola,Nicaragua,11.427542,-86.033361,
QGQ,Attu Heliport,Attu,Greenland,67.9406628551,-53.6218696833,
QPW,Kangaatsiaq Heliport,Kangaatsiaq,Greenland,68.3126574861,-53.4602075815,
QJE,Kitsissuarsuit Heliport,Kitsissuarsuit,Greenland,68.85792599759999,-53.123295307199996,
XIQ,Ilimanaq Heliport,Ilimanaq,Greenland,69.0809150007,-51.1143153906,
QQT,Qeqertaq Heliport,Qeqertaq,Greenland,69.9958611087,-51.3009166718,
QJI,Ikamiut Heliport,Ikamiut,Greenland,68.6342530984,-51.8322622776,
QFG,Eqalugaarsuit Heliport,Eqalugaarsuit,Greenland,60.6197196536,-45.9140619636,
QRY,Ikerassaarsuk Heliport,Ikerasaarsuk,Greenland,68.14088100629999,-53.4414589405,
NPR,Novo Progresso Airport,Novo Progresso,Brazil,-7.125833,-55.400833,
SMT,Adolino Bedin Regional Airport,Sorriso,Brazil,-12.479177,-55.672341,
ENO,Encarnación Airport,Encarnacion,Paraguay,-27.227366,-55.837495,
UZR,Urzhar Airport,Urzhar,Kazakhstan,47.09115,81.66521,
NYR,Nyurba Airport,Nyurba,Russia,63.294998,118.336998,
SUK,Sakkyryr Airport,Batagay-Alyta,Russia,67.792,130.394,
UKG,Ust-Kuyga Airport,Ust-Kuyga,Russia,70.011001586914,135.64500427246,
VHV,Verkhnevilyuisk Airport,Verkhnevilyuysk,Russia,63.458057403564,120.26916503906,
DEE,Mendeleyevo Airport,Yuzhno-Kurilsk,Russia,43.9584007263,145.682998657,
EKS,Shakhtyorsk Airport,Shakhtyorsk,Russia,49.1903,142.082993,
TLK,Talakan Airport,Talakan,Russia,59.876389,111.044444,
RDB,Red Dog Airport,Red Dog,United States,68.03209686279999,-162.899002075,
ION,Impfondo Airport,Impfondo,Congo (Brazzaville),1.6169999837875366,18.066999435424805,
EBH,El Bayadh Airport,El Bayadh,Algeria,33.721666666699996,1.0925,
ZIS,Alzintan Airport,Zintan,Libya,31.774878,12.25006,
MYZ,Monkey Bay Airport,Monkey Bay,Malawi,-14.083600044299999,34.9197006226,
BCU,Sir Abubakar Tafawa Balewa International Airport,Bauchi,Nigeria,10.482833,9.744,
GMO,Gombe Lawanti International Airport,Gombe,Nigeria,10.298333333299999,10.896388888899999,
KDA,Kolda North Airport,Kolda,Senegal,12.898500442504883,-14.968099594116211,
SHO,King Mswati III International Airport,Manzini,Swaziland,-26.358611,31.716944,
KIY,Kilwa Masoko Airport,Kilwa Masoko,Tanzania,-8.91123,39.508619,
QSI,Moshi Airport,Moshi,Tanzania,-3.3633298873901367,37.326900482177734,
MNS,Mansa Airport,Mansa,Zambia,-11.13700008392334,28.872600555419922,
GZI,Ghazni Airport,Ghazni,Afghanistan,33.5312004089,68.412902832,
DBC,Baicheng Chang'an Airport,Baicheng,China,45.505278,123.019722,
LNL,Longnan Chengzhou Airport,Longnan,China,33.788,105.797,
SQD,Shangrao Sanqingshan Airport,Shangrao,China,28.3797,117.9643,
YSQ,Songyuan Chaganhu Airport,Songyuan,China,44.938114,124.550178,
JSJ,Jiansanjiang Airport,Jiansanjiang,China,47.11,132.660278,
WMT,Zunyi Maotai Airport,Zunyi,China,27.81638,106.33268,
LLB,Libo Airport,Libo,China,25.4525,107.961667,
CDE,Chengde Puning Airport,Chengde,China,41.1225,118.073889,
DTU,Wudalianchi Dedu Airport,Wudalianchi,China,48.445,126.133,
EJN,Ejin Banner-Taolai Airport,Ejin Banner,China,42.0155,101.0005,
RHT,Alxa Right Banner Badanjilin Airport,Alxa Right Banner,China,39.225,101.546,
HUO,Holingol Huolinhe Airport,Holingol,China,45.487222,119.407222,
GMQ,Golog Maqin Airport,Golog,China,34.418066,100.301144,
QSZ,Yeerqiang Airport,Yarkant,China,38.281055,77.075192,
TEI,Tezu Airport,Tezu,India,27.9412002563,96.1343994141,
CWJ,Cangyuan Washan Airport,Cangyuan,China,23.273889,99.373611,
JMJ,Lancang Jingmai Airport,Lancang Lahu,China,22.415833,99.786389,
NLH,Ninglang Luguhu Airport,Ninglang,China,27.5403,100.7593,
PBQ,Pimenta Bueno Airport,Pimenta Bueno,Brazil,-11.641599655151367,-61.179100036621094,
WUT,Xinzhou Wutaishan Airport,Xinzhou,China,38.597456,112.969173,
NZL,Chengjisihan Airport,Zhalantun,China,47.865833,122.767503,
AIP,Adampur Airport,Adampur,India,31.4338,75.758797,
VDY,Vijayanagar Aerodrome (JSW),Toranagallu,India,15.1749666667,76.6349472222,
SAG,Shirdi Airport,Shirdi,India,19.688611,74.378889,
PYB,Jeypore Airport,Jeypore,India,18.8799991607666,82.552001953125,
SUP,Trunojoyo Airport,Sumenep,Indonesia,-7.0242,113.89023,
RKO,Rokot Airport,Sipora,Indonesia,-2.0991199016571045,99.70069885253906,
PPR,Pasir Pangaraan Airport,Pasir Pangaraian,Indonesia,0.8454310297966003,100.37000274658203,
TJB,Sei Bati Airport,Tanjung Balai Karimun,Indonesia,1.0527,103.3931,
KRC,Departi Parbo Airport,Kerinci Regency,Indonesia,-2.093,101.4683,
NRE,Namrole Airport,Buru Island,Indonesia,-3.8548,126.7012,
NAM,Namlea Airport,Namlea,Indonesia,-3.235569953918457,127.0999984741211,
DOB,Rar Gwamar Airport,Dobo,Indonesia,-5.7722201347399995,134.212005615,
SQN,Emalamo Sanana Airport,Sanana,Indonesia,-2.080509901046753,125.96700286865234,
AYW,Ayawasi Airport,Ayawasi,Indonesia,-1.1593,132.4633,
BYQ,Bunyu Airport,Bunyu,Indonesia,3.45571994781,117.866996765,
UOL,Buol Airport,Buol,Indonesia,1.1027,121.4141,
RAQ,Sugimanuru Airport,Raha,Indonesia,-4.760557,122.569371,
JSK,Jask Airport,Jask,Iran,25.653601,57.799301,
ZBY,Sayaboury Airport,Sainyabuli,Laos,19.2436,101.7093,
BGL,Baglung Airport,Baglung,Nepal,28.212799072265625,83.66629791259766,
RJB,Rajbiraj Airport,Rajbiraj,Nepal,26.510066,86.733902,
DQM,Duqm International Airport,Duqm,Oman,19.501944,57.634167,
CKI,Croker Island Airport,Croker Island,Australia,-11.164999961853027,132.48300170898438,
BYP,Barimunya Airport,Barimunya,Australia,-22.673900604248,119.16600036621,
LUC,Laucala Island Airport,Laucala,Fiji,-16.74810028076172,-179.66700744628906,
YAS,Yasawa Island Airport,Yasawa Island,Fiji,-16.758899688720703,177.5449981689453,
WIK,Waiheke Reeve Airport,Waiheke Island,New Zealand,-36.80889892578125,175.08599853515625,
DEX,Nop Goliat Airport,Dekai,Indonesia,-4.8557,139.482006,
NAU,Napuka Island Airport,Napuka,French Polynesia,-14.176799774169922,-141.26699829101562,
FAC,Faaite Airport,Faaite,French Polynesia,-16.68670082092285,-145.32899475097656,
NUK,Nukutavake Airport,Nukutavake,French Polynesia,-19.28499984741211,-138.77200317382812,
VHZ,Vahitahi Airport,Vahitahi,French Polynesia,-18.780000686645508,-138.85299682617188,
HHZ,Hikueru Atoll Airport,Hikueru,French Polynesia,-17.544700622558594,-142.61399841308594,
RRR,Raroia Airport,Raroia,French Polynesia,-16.045,-142.476944,
KHZ,Kauehi Airport,Kauehi,French Polynesia,-15.780799865722656,-145.12399291992188,
TKV,Tatakoto Airport,Tatakoto,French Polynesia,-17.355300903320312,-138.44500732421875,
TDS,Sasereme Airport,Sasereme,Papua New Guinea,-7.6217,142.868,
TMH,Tanah Merah Airport,Boven Digoel,Indonesia,-6.099219799041748,140.29800415039062,
NKB,Noonkanbah Airport,Noonkanbah,Australia,-18.4946994781,124.851997375,
AEI,Algeciras Heliport,Algeciras,Spain,36.12888,-5.441118,
KSE,Kasese Airport,Kasese,Uganda,0.18299999833106995,30.100000381469727,
NCJ,Sunchales Aeroclub Airport,Sunchales,Argentina,-30.9575,-61.5283,
IST,Istanbul Airport,Istanbul,Turkey,41.275278,28.751944,
SOV,Seldovia Airport,Seldovia,United States,59.442401885986,-151.70399475098,
YSG,Lutselk'e Airport,Lutselk'e,Canada,62.418303,-110.681998,
DWA,Dwangwa Airport,Dwangwa,Malawi,-12.5183,34.131901,
HGI,"Paloich Airport, Heliport",Higleig,South Sudan,10.529167,32.500556,
KQH,Kishangarh Airport,Ajmer,India,26.601473,74.814147,
CNN,Kannur International Airport,Kannur,India,11.918614,75.547211,
ZCO,La Araucanía Airport,Temuco,Chile,-38.9259,-72.6515,
ASS,Arathusa Safari Lodge Airport,Arathusa,South Africa,-24.744165,31.522499,
VDI,Vidalia Regional Airport,Vidalia,United States,32.192699432373,-82.371200561523,
ISB,New Islamabad International Airport,Islamabad,Pakistan,33.560713,72.851613,
MHE,Mitchell Municipal Airport,Mitchell,United States,43.774799346900004,-98.03859710690001,
GIT,Mchauru Airport,Geita,Tanzania,-2.813667,32.172472,
GID,Gitega Airport,Gitega,Burundi,-3.417209,29.911308,
RMU,Región de Murcia International Airport,Murcia,Spain,37.803,-1.125,
CQS,Costa Marques Airport,COSTA MARQUES,Brazil,-12.421099662780762,-64.25160217285156,
ZXT,Zabrat Airport,Baku,Azerbaijan,40.4955422161,49.9768066406,
JAM,Bezmer Air Base,Yambol,Bulgaria,42.4548988342,26.3521995544,
YUA,Yuanmou Air Base,Yuanmou,China,25.737499237061,101.88200378418,
XEN,Xingcheng Air Base,,China,40.580299377399996,120.697998047,
GEC,Lefkoniko Airport,Geçitkale,Cyprus,35.235947,33.724358,
MBI,Songwe Airport,Mbeya,Tanzania,-8.919942,33.273981,
UGU,Bilogai-Sugapa Airport,Sugapa-Papua Island,Indonesia,-3.73956,137.031998,
ETM,Ramon Airport,Eilat,Israel,29.723694,35.011416,
MNH,Rustaq Airport,Al Masna'ah,Oman,23.640556,57.4875,
CGY,Laguindingan Airport,Cagayan de Oro City,Philippines,8.612203,124.456496,
CPO,Desierto de Atacama Airport,Copiapo,Chile,-27.2611999512,-70.7791976929,
